id,brand,model,model_year,fuel_type,engine,transmission,ext_col,int_col,accident,clean_title,price,milage
784,Genesis,GV70 3.5T Sport,2023,Gasoline,375.0HP 3.5L V6 Cylinder Engine Gasoline Fuel,8-Speed A/T,Green,Beige,,,60000,5400
785,Chevrolet,S-10 LS,2000,E85 Flex Fuel,120.0HP 2.2L 4 Cylinder Engine Flex Fuel Capability,A/T,Blue,Black,None reported,Yes,4500,133510
786,BMW,440 Gran Coupe 440i xDrive,2020,Gasoline,3.0 Liter Turbo,Automatic,White,Beige,None reported,,38598,25990
4770,Porsche,Taycan,2022,,Electric,Automatic,Black,Black,None reported,,90998,2116
787,Ford,F-150 XLT,2023,Gasoline,3.5L V6 24V PDI DOHC Twin Turbo,Automatic,Iconic Silver Metallic,Black,None reported,Yes,58504,2823
788,Chevrolet,Suburban RST,2021,Gasoline,355.0HP 5.3L 8 Cylinder Engine Gasoline Fuel,10-Speed A/T,Blue,Black,None reported,Yes,61000,52000
789,Hyundai,Elantra N Base,2022,Gasoline,276.0HP 2.0L 4 Cylinder Engine Gasoline Fuel,Transmission w/Dual Shift Mode,Black,Black,None reported,Yes,32300,11650
790,Nissan,Sentra SR,2016,Gasoline,1.8 Liter,Automatic,Blue,Black,None reported,,13998,96541
791,Mercedes-Benz,AMG CLA 45 Base 4MATIC,2021,Gasoline,382.0HP 2.0L 4 Cylinder Engine Gasoline Fuel,A/T,Gray,Black,None reported,Yes,59995,17500
792,BMW,650 Gran Coupe i xDrive,2015,Gasoline,445.0HP 4.4L 8 Cylinder Engine Gasoline Fuel,8-Speed A/T,Gray,Black,None reported,Yes,25700,69000
793,Audi,Q5 2.0T Premium Plus,2017,E85 Flex Fuel,2.0L I4 16V GDI DOHC Turbo Flexible Fuel,8-Speed Automatic,Mythos Black Metallic,Black,None reported,Yes,21375,81880
794,Mercedes-Benz,AMG C 43 Base 4MATIC,2018,Gasoline,362.0HP 3.0L V6 Cylinder Engine Gasoline Fuel,9-Speed A/T,Silver,Black,None reported,Yes,48000,28800
795,Dodge,Ram 1500 Laramie Mega Cab,2006,Gasoline,345.0HP 5.7L 8 Cylinder Engine Gasoline Fuel,A/T,Silver,Gray,At least 1 accident or damage reported,Yes,10900,300183
796,BMW,i3 120Ah w/Range Extender,2020,Hybrid,120 AH,Automatic,Black,Black,None reported,,24998,35035
797,Kia,Sorento SX,2011,Gasoline,276.0HP 3.5L V6 Cylinder Engine Gasoline Fuel,A/T,Black,Black,None reported,Yes,5999,171000
798,Lexus,LX 570 Base,2016,Gasoline,383.0HP 5.7L 8 Cylinder Engine Gasoline Fuel,8-Speed A/T,Black,Beige,None reported,Yes,46900,118700
799,Jeep,New Compass Trailhawk,2017,Gasoline,180.0HP 2.4L 4 Cylinder Engine Gasoline Fuel,A/T,Red,Black,None reported,Yes,15900,119000
800,BMW,340 i,2018,Gasoline,3.0 Liter Turbo,Automatic,Gray,Black,None reported,,33598,44261
801,Audi,A4 2.0T Premium Plus quattro,2012,Gasoline,211.0HP 2.0L 4 Cylinder Engine Gasoline Fuel,8-Speed A/T,Silver,Black,None reported,Yes,8999,125575
802,Hyundai,Tucson SE,2007,Gasoline,173.0HP 2.7L V6 Cylinder Engine Gasoline Fuel,A/T,Gold,Beige,None reported,Yes,8200,16200
803,BMW,Z4 sDrive28i,2014,Gasoline,240.0HP 2.0L 4 Cylinder Engine Gasoline Fuel,A/T,White,Beige,At least 1 accident or damage reported,Yes,20000,70000
804,Bentley,Continental GTC Base,2011,E85 Flex Fuel,552.0HP 6.0L 12 Cylinder Engine Flex Fuel Capability,6-Speed A/T,Black,Black,None reported,Yes,79950,20200
805,Honda,Passport Elite,2023,Gasoline,3.5 Liter SOHC,Automatic,Lunar Silver Metallic,Gray,None reported,,45498,2978
806,Dodge,Sprinter 2500,2007,Diesel,3.0L V6 Cylinder Engine Diesel Fuel,5-Speed A/T,White,Gray,At least 1 accident or damage reported,Yes,14000,189719
807,BMW,M850 i xDrive,2019,Gasoline,4.4 Liter DOHC Twin Turbo,Automatic,Blue,Black,None reported,,75798,9949
808,Lucid,Air Grand Touring,2022,,536.0HP Electric Motor Electric Fuel System,1-Speed A/T,Red,Beige,None reported,Yes,119999,3552
809,Audi,A7 Premium,2012,Gasoline,310.0HP 3.0L V6 Cylinder Engine Gasoline Fuel,8-Speed A/T,Black,Brown,At least 1 accident or damage reported,Yes,36880,54000
810,Chevrolet,Silverado 1500 Custom Trail Boss,2021,Gasoline,5.3L V8 16V GDI OHV,Automatic,Black,Jet Black,None reported,Yes,43147,51351
811,MINI,Convertible John Cooper Works,2017,Gasoline,228.0HP 2.0L 4 Cylinder Engine Gasoline Fuel,6-Speed A/T,Black,Black,At least 1 accident or damage reported,Yes,29000,24280
812,Toyota,Avalon Touring,2016,Gasoline,268.0HP 3.5L V6 Cylinder Engine Gasoline Fuel,A/T,Black,Black,None reported,Yes,17500,89148
813,Porsche,Cayenne Platinum Edition,2017,Gasoline,300.0HP 3.6L V6 Cylinder Engine Gasoline Fuel,8-Speed A/T,White,Black,None reported,Yes,30990,73043
814,Mercedes-Benz,AMG C 63 S,2017,Gasoline,503.0HP 4.0L 8 Cylinder Engine Gasoline Fuel,Transmission w/Dual Shift Mode,Gray,Black,At least 1 accident or damage reported,Yes,52500,60000
815,Honda,CR-V EX-L,2016,Gasoline,2.4L I4 16V GDI DOHC,Automatic CVT,Mountain Air Metallic,Black,At least 1 accident or damage reported,,20848,73549
816,Hummer,H2 Base,2005,Gasoline,325.0HP 6.0L 8 Cylinder Engine Gasoline Fuel,A/T,Gray,Black,None reported,Yes,19500,110900
817,Porsche,911 Carrera S,2013,Gasoline,400.0HP 3.8L Flat 6 Cylinder Engine Gasoline Fuel,7-Speed A/T,Blue,Black,None reported,Yes,73000,39000
818,Mercedes-Benz,CLA-Class CLA 250,2016,Gasoline,208.0HP 2.0L 4 Cylinder Engine Gasoline Fuel,Transmission w/Dual Shift Mode,Black,Black,None reported,Yes,19800,120000
819,Chrysler,300 Touring,2009,Gasoline,250.0HP 3.5L V6 Cylinder Engine Gasoline Fuel,Transmission w/Dual Shift Mode,Blue,Black,None reported,Yes,7500,134602
820,Nissan,Rogue SV,2023,Gasoline,1.5L I3 12V GDI DOHC Turbo,Automatic CVT,Caspian Blue,Light Gray,None reported,,30999,1094
821,Audi,A3 2.0T,2010,Gasoline,200.0HP 2.0L 4 Cylinder Engine Gasoline Fuel,Transmission w/Dual Shift Mode,Silver,Black,None reported,Yes,6500,83500
822,Ford,Mustang GT Premium,2014,Gasoline,420.0HP 5.0L 8 Cylinder Engine Gasoline Fuel,6-Speed M/T,Black,Black,None reported,Yes,28500,37060
823,Acura,RL Technology,2010,Gasoline,300.0HP 3.7L V6 Cylinder Engine Gasoline Fuel,Transmission w/Dual Shift Mode,Blue,Beige,None reported,Yes,10995,97700
824,Volvo,XC90 Hybrid T8 R-Design,2018,Plug-In Hybrid,400.0HP 2.0L 4 Cylinder Engine Plug-In Electric/Gas,Transmission w/Dual Shift Mode,Black,Black,None reported,Yes,42000,40000
825,Audi,R8 5.2 V10,2018,Gasoline,5.2L V10 40V PDI DOHC,7-Speed Automatic with Auto-Shift,Tango Red Metallic,Black,None reported,,144900,8940
826,Mercedes-Benz,GLK-Class GLK 350,2014,Gasoline,302.0HP 3.5L V6 Cylinder Engine Gasoline Fuel,A/T,Black,Beige,At least 1 accident or damage reported,Yes,10000,186000
827,Toyota,C-HR LE,2021,Gasoline,2.0 Liter,CVT-F,–,–,None reported,,23998,13180
828,Lexus,IS 350 Base,2014,Gasoline,306.0HP 3.5L V6 Cylinder Engine Gasoline Fuel,8-Speed A/T,Black,Black,None reported,Yes,21000,104000
829,BMW,X4 M40i,2023,Hybrid,382.0HP 3.0L Straight 6 Cylinder Engine Gasoline/Mild Electric Hybrid,Transmission w/Dual Shift Mode,Gray,Beige,None reported,Yes,67900,8500
831,Cadillac,CT5 Premium Luxury,2023,Gasoline,237.0HP 2.0L 4 Cylinder Engine Gasoline Fuel,A/T,White,Beige,None reported,Yes,46900,6090
832,Lucid,Air Grand Touring,2022,,536.0HP Electric Motor Electric Fuel System,1-Speed A/T,Red,Black,None reported,Yes,99000,4900
833,Audi,A5 2.0T Premium Plus,2019,Gasoline,248.0HP 2.0L 4 Cylinder Engine Gasoline Fuel,Transmission w/Dual Shift Mode,Black,Black,None reported,Yes,31000,47523
834,Chrysler,300C SRT8,2006,Gasoline,425.0HP 6.1L 8 Cylinder Engine Gasoline Fuel,5-Speed A/T,Silver,Black,At least 1 accident or damage reported,Yes,19995,43000
835,Bentley,Continental GT W12,2017,Gasoline,582.0HP 6.0L 12 Cylinder Engine Gasoline Fuel,8-Speed A/T,White,White,None reported,Yes,130000,14684
836,BMW,M4 Base,2019,Gasoline,425.0HP 3.0L Straight 6 Cylinder Engine Gasoline Fuel,Transmission w/Dual Shift Mode,Black,Red,None reported,Yes,55999,57800
837,Toyota,GR Corolla Circuit Edition,2023,Gasoline,300.0HP 1.6L 3 Cylinder Engine Gasoline Fuel,6-Speed M/T,Silver,Gray,None reported,Yes,49950,952
838,Audi,RS 5 2.9T,2019,Gasoline,444.0HP 2.9L V6 Cylinder Engine Gasoline Fuel,8-Speed A/T,Black,Black,At least 1 accident or damage reported,Yes,59950,21240
839,Porsche,Cayenne Base,2019,Gasoline,335.0HP 3.0L V6 Cylinder Engine Gasoline Fuel,Transmission w/Dual Shift Mode,Black,Black,None reported,Yes,42499,59338
840,Lamborghini,Huracan Tecnica Coupe,2023,Gasoline,"5.2L V-10 gasoline direct injection, DOHC, variable valve contro",Automatic,BLU ELEOS,Nero Ade,None reported,,359991,255
841,Maserati,Quattroporte S,2019,Gasoline,424.0HP 3.0L V6 Cylinder Engine Gasoline Fuel,8-Speed A/T,Black,Black,None reported,Yes,44999,23230
842,Jaguar,XF 35t R-Sport,2017,Gasoline,340.0HP 3.0L V6 Cylinder Engine Gasoline Fuel,A/T,Red,Black,At least 1 accident or damage reported,Yes,30000,48000
843,Lexus,ES 330 Base,2005,Gasoline,225.0HP 3.3L V6 Cylinder Engine Gasoline Fuel,5-Speed A/T,White,Beige,None reported,Yes,11100,41059
844,Land,Rover Discovery Sport SE R-Dynamic,2020,Gasoline,2.0 Liter,Automatic,White,Black,None reported,,37998,21240
845,Porsche,Cayman GTS,2015,Gasoline,340.0HP 3.4L Flat 6 Cylinder Engine Gasoline Fuel,7-Speed A/T,Silver,–,None reported,Yes,72000,11500
846,Genesis,G90 3.3T Premium,2021,Gasoline,365.0HP 3.3L V6 Cylinder Engine Gasoline Fuel,8-Speed A/T,Silver,Blue,None reported,Yes,53950,9950
847,Volkswagen,Golf R 20th Anniversary Edition,2023,Gasoline,315.0HP 2.0L 4 Cylinder Engine Gasoline Fuel,6-Speed M/T,White,Black,None reported,Yes,47999,633
848,Hyundai,Sonata Hybrid Limited,2015,Hybrid,199.0HP 2.4L 4 Cylinder Engine Gas/Electric Hybrid,A/T,White,Gray,At least 1 accident or damage reported,Yes,15900,66000
849,Audi,RS 7 4.0T Prestige,2014,Gasoline,560.0HP 4.0L 8 Cylinder Engine Gasoline Fuel,A/T,Gray,Black,At least 1 accident or damage reported,Yes,45000,59715
850,BMW,740 Li,2012,Gasoline,326.0HP 3.0L Straight 6 Cylinder Engine Gasoline Fuel,6-Speed A/T,Black,Black,None reported,Yes,18500,85252
851,Mercedes-Benz,GLS 450 Base 4MATIC,2020,Hybrid,362.0HP 3.0L Straight 6 Cylinder Engine Gasoline/Mild Electric Hybrid,9-Speed A/T,Black,Black,At least 1 accident or damage reported,Yes,80000,17900
852,BMW,M6 Base,2016,Gasoline,560.0HP 4.4L 8 Cylinder Engine Gasoline Fuel,7-Speed A/T,White,Black,None reported,Yes,55000,25500
853,Subaru,Forester 2.5 X,2004,Gasoline,165.0HP 2.5L 4 Cylinder Engine Gasoline Fuel,M/T,Green,Beige,,,2300,210703
854,Hyundai,Elantra N Base,2023,Gasoline,276.0HP 2.0L 4 Cylinder Engine Gasoline Fuel,6-Speed M/T,White,Black,None reported,Yes,34000,3800
855,Kia,Niro Plug-In Hybrid EX Premium,2022,Hybrid,1.6L I4 16V GDI DOHC Hybrid,6-Speed Automatic with Auto-Shift,Horizon Blue,Charcoal,None reported,Yes,31995,36602
856,Rivian,R1S Adventure Package,2023,,835.0HP Electric Motor Electric Fuel System,1-Speed A/T,White,Green,None reported,Yes,92000,2800
857,Aston,Martin DBS Superleggera,2021,Gasoline,5.2L V12 48V GDI DOHC Twin Turbo,8-Speed Automatic,Black,Black,None reported,Yes,279950,2165
858,Mercedes-Benz,SLC 300 Base,2018,Gasoline,241.0HP 2.0L 4 Cylinder Engine Gasoline Fuel,9-Speed A/T,Red,Black,At least 1 accident or damage reported,Yes,29900,33000
859,BMW,435 Gran Coupe i,2016,Gasoline,300.0HP 3.0L Straight 6 Cylinder Engine Gasoline Fuel,8-Speed A/T,White,Beige,None reported,Yes,24950,76009
860,Jeep,Grand Cherokee Summit,2020,Gasoline,5.7L V8 16V MPFI OHV,8-Speed Automatic,Granite Crystal Clearcoat Metallic,Black,None reported,,39366,31349
861,Lexus,RC 350 Base,2015,Gasoline,306.0HP 3.5L V6 Cylinder Engine Gasoline Fuel,Transmission w/Dual Shift Mode,Orange,Red,None reported,Yes,32900,48000
862,BMW,525 i,2005,Gasoline,215.0HP 2.5L Straight 6 Cylinder Engine Gasoline Fuel,6-Speed A/T,Black,Black,None reported,Yes,8900,91420
863,Toyota,Corolla LE,2003,Gasoline,130.0HP 1.8L 4 Cylinder Engine Gasoline Fuel,M/T,Beige,Beige,At least 1 accident or damage reported,Yes,4995,124756
864,Cadillac,CT5-V Blackwing,2023,Gasoline,6.2L V8 16V GDI OHV Supercharged,10-Speed Automatic,Rift Metallic,Gray,None reported,,104900,2415
865,GMC,Acadia SLT-1,2012,Gasoline,288.0HP 3.6L V6 Cylinder Engine Gasoline Fuel,6-Speed A/T,Black,Black,None reported,Yes,7900,116226
866,Lexus,LC 500 Base,2020,Gasoline,5.0L V8 32V PDI DOHC,10-Speed Automatic,Atomic Silver,Rioja Red,None reported,,75950,37869
867,BMW,i8 Base,2019,Plug-In Hybrid,369.0HP 1.5L 3 Cylinder Engine Plug-In Electric/Gas,Transmission w/Dual Shift Mode,White,Black,None reported,Yes,86000,41500
868,Lexus,ES 300h Base,2013,Hybrid,200.0HP 2.5L 4 Cylinder Engine Gas/Electric Hybrid,CVT Transmission,Gold,Beige,None reported,Yes,17995,87001
869,Cadillac,CT5-V V-Series,2022,Gasoline,3.0L V6 24V GDI DOHC Twin Turbo,Automatic,Summit White,Jet Black,At least 1 accident or damage reported,Yes,55655,4451
870,BMW,540 i xDrive,2020,Gasoline,2.0 Liter Turbo,Automatic,Imperial Blue Metallic,Canberra Beige/Black,None reported,,39998,27158
871,Chevrolet,Express 1500 Work Van,2014,Gasoline,195.0HP 4.3L V6 Cylinder Engine Gasoline Fuel,A/T,White,Gray,At least 1 accident or damage reported,Yes,14500,139804
872,Jeep,Gladiator Rubicon,2022,Gasoline,285.0HP 3.6L V6 Cylinder Engine Gasoline Fuel,A/T,Green,Black,None reported,Yes,47500,27300
873,BMW,Z4 sDrive28i,2014,Gasoline,240.0HP 2.0L 4 Cylinder Engine Gasoline Fuel,Transmission w/Dual Shift Mode,White,Beige,None reported,Yes,27000,36812
874,Land,Rover LR4 HSE LUX Landmark Edition,2016,Gasoline,340.0HP 3.0L V6 Cylinder Engine Gasoline Fuel,8-Speed A/T,Black,Black,At least 1 accident or damage reported,Yes,18000,144000
875,Cadillac,XT4 Sport,2019,Gasoline,237.0HP 2.0L 4 Cylinder Engine Gasoline Fuel,9-Speed A/T,Blue,White,None reported,Yes,28900,44500
876,BMW,750 750i xDrive,2021,Gasoline,4.4 Liter Twin Turbo,Automatic,Black,Black,None reported,,73998,10917
877,Bentley,Arnage R,2005,Gasoline,400.0HP 6.75L 8 Cylinder Engine Gasoline Fuel,4-Speed A/T,White,Beige,None reported,Yes,47350,8332
878,Lincoln,Aviator Reserve AWD,2020,Gasoline,3.0 Liter GTDI,Automatic,Magnetic Gray Clearcoat,Roast,None reported,,47698,51247
879,Mercedes-Benz,AMG GL AMG GL 63 4MATIC,2016,Gasoline,550.0HP 5.5L 8 Cylinder Engine Gasoline Fuel,Transmission w/Dual Shift Mode,Black,Brown,None reported,Yes,36500,69000
880,RAM,ProMaster 3500 High Roof,2021,Gasoline,3.6L V6 24V MPFI DOHC,6-Speed Automatic,Bright White Clearcoat,Black,None reported,Yes,32662,147834
881,Ford,Utility Police Interceptor Base,2013,E85 Flex Fuel,300.0HP 3.7L V6 Cylinder Engine Flex Fuel Capability,A/T,White,Black,At least 1 accident or damage reported,Yes,6600,105000
882,Audi,A5 2.0T Premium,2011,Gasoline,211.0HP 2.0L 4 Cylinder Engine Gasoline Fuel,Transmission w/Dual Shift Mode,Red,Beige,None reported,Yes,9995,92203
883,Nissan,GT-R Premium,2010,Gasoline,485.0HP 3.8L V6 Cylinder Engine Gasoline Fuel,Transmission w/Dual Shift Mode,White,Black,None reported,Yes,69500,15600
884,Land,Rover Range Rover Sport 3.0L Supercharged HSE,2018,Gasoline,V6,Automatic,Fuji White,Ivory / Ebony,At least 1 accident or damage reported,,30775,104700
885,Toyota,Corolla LE,2010,Gasoline,132.0HP 1.8L 4 Cylinder Engine Gasoline Fuel,A/T,Red,Gray,At least 1 accident or damage reported,Yes,9995,72348
886,Rivian,R1S Adventure Package,2023,,835.0HP Electric Motor Electric Fuel System,A/T,Green,White,None reported,Yes,94000,2500
887,Mercedes-Benz,C-Class C300 4MATIC,2022,Gasoline,2.0 Liter Turbo,Automatic,White,Silk Beige/Black,None reported,,44798,13177
888,Porsche,Cayenne E-Hybrid S,2016,Plug-In Hybrid,416.0HP 3.0L V6 Cylinder Engine Plug-In Electric/Gas,Transmission w/Dual Shift Mode,White,Red,At least 1 accident or damage reported,Yes,23000,96000
889,Chevrolet,Express 1500 Work Van,2011,E85 Flex Fuel,5.3L V8 16V MPFI OHV Flexible Fuel,4-Speed Automatic,Summit White,Medium Pewter,None reported,Yes,22495,93009
890,INFINITI,Q70h Base,2016,Hybrid,360.0HP 3.5L V6 Cylinder Engine Gas/Electric Hybrid,7-Speed A/T,White,Black,At least 1 accident or damage reported,Yes,28998,52750
891,Audi,A7 Premium Plus,2020,Hybrid,3.0 Liter Turbo,Automatic,Typhoon Gray,Black,None reported,,49998,25361
892,Audi,Q7 3.0T Premium Plus,2015,Gasoline,280.0HP 3.0L V6 Cylinder Engine Gasoline Fuel,8-Speed A/T,Black,Black,,,9995,98527
893,Lucid,Air Pure,2023,,620.0HP Electric Motor Electric Fuel System,A/T,Black,Gray,,,86900,1300
894,Chrysler,Pacifica Touring,2017,–,–,9-Speed A/T,Silver,Black,None reported,Yes,9000,87305
895,Audi,TTS 2.0T Premium Plus,2012,Gasoline,265.0HP 2.0L 4 Cylinder Engine Gasoline Fuel,6-Speed A/T,White,Black,,,25999,72922
896,BMW,650 Gran Coupe i xDrive,2015,Gasoline,445.0HP 4.4L 8 Cylinder Engine Gasoline Fuel,8-Speed A/T,Black,Black,None reported,Yes,30000,41000
897,Subaru,Forester Premium,2021,Gasoline,2.5L H4 16V GDI DOHC,Automatic CVT,Crystal Black Silica,Black,None reported,Yes,27899,42125
898,Mercedes-Benz,AMG C AMG C 63,2016,Gasoline,469.0HP 4.0L 8 Cylinder Engine Gasoline Fuel,Transmission w/Dual Shift Mode,Black,Black,None reported,Yes,40000,62000
899,Land,Rover LR3 HSE,2006,Gasoline,300.0HP 4.4L 8 Cylinder Engine Gasoline Fuel,6-Speed A/T,Red,Beige,At least 1 accident or damage reported,Yes,9950,153843
900,BMW,X7 xDrive40i,2019,Gasoline,3.0 Liter Twin Turbo,Automatic,Arctic Gray Metallic,Black,None reported,,53998,35248
901,Ford,Transit Connect XLT,2015,Gasoline,169.0HP 2.5L 4 Cylinder Engine Gasoline Fuel,6-Speed A/T,White,Black,None reported,Yes,9888,194454
902,Lexus,LX 570 Three-Row,2021,Gasoline,383.0HP 5.7L 8 Cylinder Engine Gasoline Fuel,Transmission w/Dual Shift Mode,White,Black,None reported,Yes,89999,21000
903,Porsche,911 Carrera S,2013,Gasoline,400.0HP 3.8L Flat 6 Cylinder Engine Gasoline Fuel,7-Speed M/T,Black,Black,,,86900,18494
904,Dodge,Ram 2500 Laramie Quad Cab,2006,Gasoline,330.0HP 5.7L 8 Cylinder Engine Gasoline Fuel,4-Speed A/T,Red,Gray,None reported,Yes,12990,218000
905,Nissan,Armada SL,2021,Gasoline,400.0HP 5.6L 8 Cylinder Engine Gasoline Fuel,7-Speed A/T,Silver,Black,At least 1 accident or damage reported,Yes,36500,67800
906,Porsche,Cayman Base,2014,Gasoline,275.0HP 2.7L Flat 6 Cylinder Engine Gasoline Fuel,Transmission w/Dual Shift Mode,Red,Black,At least 1 accident or damage reported,Yes,42999,79000
907,Mercedes-Benz,GLE 450 GLE 450,2022,Hybrid,3.0 Liter Turbo,Automatic,Selenite Grey Metallic,Black,None reported,,63998,24906
830,BMW,M4 CS,2019,Gasoline,3.0 Liter DOHC Turbo,Automatic,Alpine White,Anthracite,None reported,,69998,19069
908,Chevrolet,Monte Carlo SS,2006,Gasoline,303.0HP 5.3L 8 Cylinder Engine Gasoline Fuel,A/T,White,Gray,At least 1 accident or damage reported,Yes,12000,66840
909,BMW,M5 Base,2013,Gasoline,560.0HP 4.4L 8 Cylinder Engine Gasoline Fuel,Transmission w/Dual Shift Mode,Blue,White,None reported,Yes,32000,86000
910,Hyundai,Kona N Base,2023,Gasoline,2.0L I4 16V GDI DOHC Turbo,8-Speed Automatic with Auto-Shift,Ultra Black,Black,None reported,Yes,34599,654
911,Chevrolet,Monte Carlo SS,2005,Gasoline,240.0HP 3.8L V6 Cylinder Engine Gasoline Fuel,A/T,Black,Black,None reported,Yes,12500,75000
912,Land,Rover Range Rover Evoque Pure,2015,Gasoline,240.0HP 2.0L 4 Cylinder Engine Gasoline Fuel,9-Speed A/T,Beige,Black,At least 1 accident or damage reported,Yes,22800,84000
913,Audi,S7 4.0T Premium Plus,2017,Gasoline,450.0HP 4.0L 8 Cylinder Engine Gasoline Fuel,Transmission w/Dual Shift Mode,Gray,Gray,None reported,Yes,39999,52500
914,GMC,Acadia SLT-1,2011,Gasoline,288.0HP 3.6L V6 Cylinder Engine Gasoline Fuel,6-Speed A/T,Silver,Gray,None reported,Yes,7500,120000
915,Alfa,Romeo Stelvio Ti Sport,2020,Gasoline,2.0L I4 16V GDI SOHC Turbo,8-Speed Automatic,Lunare White Metallic,Ice,None reported,Yes,35645,18665
916,Ferrari,FF Base,2016,Gasoline,651.0HP 6.3L 12 Cylinder Engine Gasoline Fuel,7-Speed A/T,Black,Brown,None reported,Yes,149900,19987
917,Kia,K900 5.0L,2017,Gasoline,420.0HP 5.0L 8 Cylinder Engine Gasoline Fuel,8-Speed A/T,Black,Beige,At least 1 accident or damage reported,Yes,23950,36486
918,Ford,E150 XLT,2013,E85 Flex Fuel,255.0HP 5.4L 8 Cylinder Engine Flex Fuel Capability,4-Speed A/T,Black,Gray,None reported,Yes,12500,162100
919,Tesla,Model 3 Performance,2022,,455.0HP Electric Motor Electric Fuel System,A/T,Black,White,None reported,Yes,47000,13079
920,Toyota,4Runner SR5,2022,Gasoline,4.0L V6 24V MPFI DOHC,5-Speed Automatic,Silver,Gray,None reported,,36999,28377
921,Subaru,Forester Base,2020,Gasoline,182.0HP 2.5L 4 Cylinder Engine Gasoline Fuel,CVT Transmission,Black,Gray,None reported,Yes,24000,32744
922,Porsche,Panamera 2,2012,Gasoline,300.0HP 3.6L V6 Cylinder Engine Gasoline Fuel,A/T,White,–,At least 1 accident or damage reported,Yes,26000,54000
923,Toyota,Tacoma PreRunner,2008,Gasoline,236.0HP 4.0L V6 Cylinder Engine Gasoline Fuel,A/T,Silver,Gray,At least 1 accident or damage reported,Yes,8500,202055
924,RAM,2500 Laramie,2019,Diesel,370.0HP 6.7L Straight 6 Cylinder Engine Diesel Fuel,6-Speed A/T,Black,Black,None reported,Yes,65000,65000
925,Kia,Sportage Nightfall,2022,Gasoline,2.4L I4 16V GDI DOHC,6-Speed Automatic,Hyper Red,Black,None reported,Yes,30990,9686
926,Cadillac,DTS Base,2010,Gasoline,275.0HP 4.6L 8 Cylinder Engine Gasoline Fuel,A/T,White,Gray,None reported,Yes,10499,49620
927,Toyota,Land Cruiser Base,1997,Gasoline,212.0HP 4.5L Straight 6 Cylinder Engine Gasoline Fuel,4-Speed A/T,White,Beige,None reported,Yes,26500,213000
928,Nissan,GT-R Premium,2020,Gasoline,565.0HP 3.8L V6 Cylinder Engine Gasoline Fuel,A/T,White,Black,None reported,Yes,114000,16010
929,Lexus,NX 350 F SPORT Handling,2023,Gasoline,2.4 Liter,8-SPEED AT,Black,Black,None reported,,51998,820
930,Audi,Q7 45 Premium Plus,2021,Gasoline,248.0HP 2.0L 4 Cylinder Engine Gasoline Fuel,8-Speed A/T,Blue,Black,None reported,Yes,36499,68000
931,Lexus,LX 470 Base,1999,Gasoline,230.0HP 4.7L 8 Cylinder Engine Gasoline Fuel,A/T,White,Beige,None reported,Yes,25000,82000
932,GMC,Terrain SLE,2022,Gasoline,1.5L I4 16V GDI DOHC Turbo,9-Speed Automatic,Summit White,Jet Black,None reported,,27785,27352
933,Ford,Escape Limited,2012,Gasoline,171.0HP 2.5L 4 Cylinder Engine Gasoline Fuel,A/T,White,Gray,At least 1 accident or damage reported,Yes,7000,129000
934,Lexus,LS 460 L,2014,Gasoline,360.0HP 4.6L 8 Cylinder Engine Gasoline Fuel,8-Speed A/T,White,Beige,At least 1 accident or damage reported,Yes,30000,106731
935,Ford,Expedition Platinum,2019,Gasoline,400.0HP 3.5L V6 Cylinder Engine Gasoline Fuel,10-Speed A/T,White,White,None reported,Yes,45500,34672
936,Chevrolet,Malibu LTZ,2010,Gasoline,252.0HP 3.6L V6 Cylinder Engine Gasoline Fuel,Transmission w/Dual Shift Mode,Beige,Beige,None reported,Yes,8950,55900
937,Audi,RS 7 4.0T quattro,2023,Gasoline,4.0L V8 32V GDI DOHC Twin Turbo,1-Speed Automatic,Daytona Gray Pearl Effect,Black / Express Red,None reported,,128900,3158
938,Audi,A5 2.0T Premium Plus,2015,Gasoline,220.0HP 2.0L 4 Cylinder Engine Gasoline Fuel,8-Speed A/T,White,Brown,None reported,Yes,17000,82000
939,Genesis,G70 2.0T,2023,Gasoline,2.0L I4 16V GDI DOHC Turbo,Automatic,Vik Black,Obsidian Black,None reported,Yes,42850,4785
940,Chevrolet,Trailblazer LS,2021,Gasoline,1.3L I3 12V GDI DOHC Turbo,9-Speed Automatic,Pacific Blue Metallic,Black,None reported,,22999,20497
941,Scion,tC Base,2013,Gasoline,180.0HP 2.5L 4 Cylinder Engine Gasoline Fuel,6-Speed A/T,Silver,Black,At least 1 accident or damage reported,Yes,7100,177600
942,Lincoln,MKZ Hybrid Base,2014,Hybrid,188.0HP 2.0L 4 Cylinder Engine Gas/Electric Hybrid,A/T,Blue,Beige,None reported,Yes,15500,78568
943,Ford,Transit-350 XL,2018,E85 Flex Fuel,275.0HP 3.7L V6 Cylinder Engine Flex Fuel Capability,A/T,White,Gray,None reported,Yes,43000,95000
944,Porsche,911 GT2 RS,2018,Gasoline,3.8L H6 24V GDI DOHC Twin Turbo,7-Speed Automatic with Auto-Shift,Black,Black,None reported,Yes,417500,4529
945,Ford,Explorer Timberline,2021,Gasoline,2.3L I4 16V GDI DOHC Turbo,10-Speed Automatic,Gray,Ebony,At least 1 accident or damage reported,,39951,25240
946,Volvo,XC90 3.2,2011,Gasoline,235.0HP 3.2L Straight 6 Cylinder Engine Gasoline Fuel,A/T,Blue,Beige,At least 1 accident or damage reported,Yes,11500,88300
947,Chevrolet,Avalanche LTZ,2013,E85 Flex Fuel,320.0HP 5.3L 8 Cylinder Engine Flex Fuel Capability,6-Speed A/T,Silver,Black,At least 1 accident or damage reported,Yes,27499,98000
948,Audi,TT RS 2.5T,2018,Gasoline,400.0HP 2.5L 5 Cylinder Engine Gasoline Fuel,Transmission w/Dual Shift Mode,Gray,Gray,None reported,Yes,76000,20675
949,Lincoln,Navigator L,2008,Gasoline,300.0HP 5.4L 8 Cylinder Engine Gasoline Fuel,A/T,Black,Black,None reported,Yes,10900,95000
950,Hyundai,Elantra GLS,2010,Gasoline,138.0HP 2.0L 4 Cylinder Engine Gasoline Fuel,4-Speed A/T,Blue,Blue,At least 1 accident or damage reported,Yes,6250,107000
951,Audi,SQ5 3.0T Premium Plus,2016,Gasoline,354.0HP 3.0L V6 Cylinder Engine Gasoline Fuel,Transmission w/Dual Shift Mode,Black,Black,At least 1 accident or damage reported,Yes,24700,60000
952,Mitsubishi,Lancer Evolution GSR,2012,Gasoline,291.0HP 2.0L 4 Cylinder Engine Gasoline Fuel,5-Speed M/T,Black,Black,None reported,Yes,34999,33000
953,Tesla,Model Y Performance,2023,,455.0HP Electric Motor Electric Fuel System,1-Speed A/T,Black,White,None reported,Yes,60000,500
954,Mercedes-Benz,Maybach S S 600,2016,Gasoline,523.0HP 6.0L 12 Cylinder Engine Gasoline Fuel,7-Speed A/T,White,Beige,None reported,Yes,63500,108500
955,Nissan,GT-R Premium,2017,Gasoline,565.0HP 3.8L V6 Cylinder Engine Gasoline Fuel,Transmission w/Dual Shift Mode,Orange,Orange,None reported,Yes,149500,37800
956,Mercedes-Benz,GLS 550 Base 4MATIC,2018,Gasoline,4.7 Liter Twin Turbo,Automatic,Obsidian Black Metallic,Gray,None reported,,44798,74422
957,Chevrolet,Blazer Premier,2019,Gasoline,3.6L V6 24V GDI DOHC,9-Speed Automatic,Silver Ice Metallic,Jet Black,None reported,,34562,55621
958,Mazda,CX-9 Grand Touring,2021,Gasoline,2.5L I4 16V GDI DOHC Turbo,6-Speed Automatic,Sonic Silver Metallic,Black,At least 1 accident or damage reported,Yes,32541,46707
959,Ford,Expedition Max Limited,2022,Gasoline,440.0HP 3.5L V6 Cylinder Engine Gasoline Fuel,A/T,White,Beige,None reported,Yes,65900,26500
960,Nissan,Titan XD SV,2020,Gasoline,5.6L V8 32V GDI DOHC,9-Speed Automatic,Black,Black,None reported,Yes,47214,10001
961,Lexus,LX 570 Three-Row,2019,Gasoline,383.0HP 5.7L 8 Cylinder Engine Gasoline Fuel,8-Speed A/T,Black,Beige,None reported,Yes,76900,19050
962,Chevrolet,Traverse Premier,2020,Gasoline,310.0HP 3.6L V6 Cylinder Engine Gasoline Fuel,A/T,White,Black,None reported,Yes,35800,52000
963,Mercedes-Benz,Sprinter High Roof,2014,Diesel,188.0HP 3.0L V6 Cylinder Engine Diesel Fuel,7-Speed A/T,Black,Black,At least 1 accident or damage reported,Yes,54999,65000
964,BMW,X5 3.0i,2004,Gasoline,225.0HP 3.0L Straight 6 Cylinder Engine Gasoline Fuel,Transmission w/Dual Shift Mode,Black,Beige,None reported,Yes,6730,140000
965,Ford,Fusion SE,2018,Gasoline,181.0HP 1.5L 4 Cylinder Engine Gasoline Fuel,A/T,Blue,Black,At least 1 accident or damage reported,Yes,14950,75600
966,Lincoln,MKZ Base,2015,Gasoline,240.0HP 2.0L 4 Cylinder Engine Gasoline Fuel,A/T,Beige,Beige,None reported,Yes,12000,117292
968,Genesis,G90 5.0 Ultimate,2017,Gasoline,420.0HP 5.0L 8 Cylinder Engine Gasoline Fuel,Transmission w/Dual Shift Mode,White,Beige,None reported,Yes,33600,26000
969,Lexus,LC 500 Base,2022,Gasoline,5.0L V8 32V PDI DOHC,Automatic,Nightfall Mica,Caramel,None reported,,99950,2071
970,Ford,Shelby GT500 Base,2014,Gasoline,5.8L V8 32V MPFI DOHC Supercharged,6-Speed Manual,Black,Black,None reported,,61900,15629
971,Saturn,Sky Base,2008,Gasoline,173.0HP 2.4L 4 Cylinder Engine Gasoline Fuel,A/T,Silver,Red,None reported,Yes,18500,15020
972,Audi,RS Q8 4.0T quattro,2022,Gasoline,4.0L V8 32V GDI DOHC Twin Turbo,8-Speed Automatic,Daytona Gray Pearl Effect,Black / Express Red,None reported,,119900,11322
973,Toyota,Land Cruiser,2016,Gasoline,5.7 Liter,Automatic,Silver,Black,None reported,,65998,50361
974,Mercedes-Benz,SL-Class SL 550,2013,Gasoline,429.0HP 4.6L 8 Cylinder Engine Gasoline Fuel,Transmission w/Dual Shift Mode,Black,Black,At least 1 accident or damage reported,Yes,36000,115000
975,Porsche,911 Carrera C2S,2005,Gasoline,355.0HP 3.8L Flat 6 Cylinder Engine Gasoline Fuel,6-Speed M/T,Silver,Black,None reported,Yes,63500,28500
976,Mercedes-Benz,AMG GLA 45 Base 4MATIC,2018,Gasoline,375.0HP 2.0L 4 Cylinder Engine Gasoline Fuel,Transmission w/Dual Shift Mode,White,Black,None reported,Yes,32000,51700
977,Ford,Taurus X Limited,2008,Gasoline,263.0HP 3.5L V6 Cylinder Engine Gasoline Fuel,A/T,Blue,Beige,None reported,Yes,3900,148949
2648,Tesla,Model 3 Performance,2018,,271.0HP Electric Motor Electric Fuel System,1-Speed A/T,Red,Black,None reported,Yes,30499,92813
978,BMW,440 Gran Coupe i,2018,Gasoline,320.0HP 3.0L Straight 6 Cylinder Engine Gasoline Fuel,8-Speed A/T,White,Beige,At least 1 accident or damage reported,Yes,31750,39300
979,Honda,S2000 CR,2008,Gasoline,237.0HP 2.2L 4 Cylinder Engine Gasoline Fuel,6-Speed M/T,Black,Black,None reported,Yes,28500,82323
980,Acura,Integra w/A-Spec Tech Package,2023,Gasoline,1.5 Liter Turbo,Variable,Apex Blue,Orchid,None reported,,34998,3574
981,Ford,Excursion Limited,2001,Gasoline,310.0HP 6.8L 10 Cylinder Engine Gasoline Fuel,A/T,Green,Beige,None reported,Yes,12749,109357
982,Mercedes-Benz,SL-Class SL500 Roadster,2004,Gasoline,302.0HP 5.0L 8 Cylinder Engine Gasoline Fuel,A/T,White,Gray,None reported,Yes,18853,46000
983,Mercedes-Benz,CLS-Class CLS 550,2007,Gasoline,382.0HP 5.5L 8 Cylinder Engine Gasoline Fuel,A/T,Silver,Black,At least 1 accident or damage reported,Yes,104999,123112
984,INFINITI,G35 Sport,2007,Gasoline,306.0HP 3.5L V6 Cylinder Engine Gasoline Fuel,6-Speed M/T,Gray,Black,None reported,Yes,16900,37100
985,Volkswagen,Golf GTI 2.0T S 4-Door,2016,Gasoline,210.0HP 2.0L 4 Cylinder Engine Gasoline Fuel,6-Speed M/T,Silver,Black,None reported,Yes,14500,89000
986,Dodge,Challenger R/T Scat Pack,2022,Gasoline,6.4L V8 16V MPFI OHV,8-Speed Automatic,Go Mango!,Black,None reported,,53900,1240
987,Lincoln,Navigator L Reserve,2019,Gasoline,450.0HP 3.5L V6 Cylinder Engine Gasoline Fuel,10-Speed A/T,Black,Black,At least 1 accident or damage reported,Yes,47999,67073
988,Maserati,Ghibli S Q4,2015,Gasoline,404.0HP 3.0L V6 Cylinder Engine Gasoline Fuel,8-Speed A/T,White,Red,,,24900,28700
989,Tesla,Model X Base,2023,,670.0HP Electric Motor Electric Fuel System,A/T,Black,Black,None reported,Yes,93999,8200
990,Mercedes-Benz,AMG G 63 Base,2018,Gasoline,563.0HP 5.5L 8 Cylinder Engine Gasoline Fuel,Transmission w/Dual Shift Mode,Gray,Black,None reported,Yes,108900,41000
991,Ford,Expedition Limited,2018,Gasoline,3.5 Liter GTDI,Automatic,Ingot Silver Metallic,Ebony,None reported,,34998,98995
992,Volkswagen,Routan SE,2012,Gasoline,283.0HP 3.6L V6 Cylinder Engine Gasoline Fuel,6-Speed A/T,Black,Gray,None reported,Yes,5000,123815
993,Bugatti,Veyron 16.4 Grand Sport,2011,Gasoline,8.0L W16 64V GDI DOHC Twin Turbo,7-Speed Automatic with Auto-Shift,White,White,None reported,Yes,1950995,6330
994,Toyota,Highlander XLE,2020,Gasoline,3.5L V6 24V PDI DOHC,8-Speed Automatic,Midnight Black Metallic,Black,At least 1 accident or damage reported,,34084,61341
995,Honda,Civic LX,2016,Gasoline,2.0L I4 16V MPFI DOHC,Automatic CVT,Black,Black,None reported,,15599,96473
996,Jeep,Wrangler Unlimited Sahara,2017,Gasoline,3.6L V6 24V MPFI DOHC,5-Speed Automatic,Black Clearcoat,Black,None reported,,31331,66107
997,Land,Rover Range Rover Supercharged,2008,Gasoline,400.0HP 4.2L 8 Cylinder Engine Gasoline Fuel,6-Speed A/T,Black,Black,None reported,Yes,9900,114287
998,Acura,ILX 2.0L w/Premium Package,2015,Gasoline,150.0HP 2.0L 4 Cylinder Engine Gasoline Fuel,5-Speed A/T,Gold,Beige,None reported,Yes,14500,75000
999,BMW,M6 Base,2016,Gasoline,560.0HP 4.4L 8 Cylinder Engine Gasoline Fuel,7-Speed A/T,Gold,Black,,,36800,45800
1000,Polestar,2 Launch Edition,2021,,Electric,1-Speed Automatic,Thunder Gray,Charcoal,None reported,,35999,12172
1001,BMW,X6 sDrive35i,2016,Gasoline,300.0HP 3.0L Straight 6 Cylinder Engine Gasoline Fuel,8-Speed A/T,Black,White,At least 1 accident or damage reported,Yes,35000,70582
1002,Porsche,Cayman S,2014,Gasoline,325.0HP 3.4L Flat 6 Cylinder Engine Gasoline Fuel,7-Speed A/T,Black,Black,None reported,Yes,49750,33088
1003,Lincoln,Corsair Grand Touring,2021,Plug-In Hybrid,266.0HP 2.5L 4 Cylinder Engine Plug-In Electric/Gas,CVT Transmission,Silver,Beige,None reported,Yes,49000,1850
1004,Cadillac,DTS Luxury II,2008,Gasoline,275.0HP 4.6L 8 Cylinder Engine Gasoline Fuel,4-Speed A/T,White,Beige,None reported,Yes,10500,94155
1005,Cadillac,ATS 3.6L Luxury,2016,Gasoline,335.0HP 3.6L V6 Cylinder Engine Gasoline Fuel,8-Speed A/T,Red,Beige,None reported,Yes,17999,25000
1006,GMC,Sierra 1500 SLT,2016,Gasoline,355.0HP 5.3L 8 Cylinder Engine Gasoline Fuel,8-Speed A/T,Gray,Black,None reported,Yes,27995,99500
1007,INFINITI,G37 x,2009,Gasoline,328.0HP 3.7L V6 Cylinder Engine Gasoline Fuel,A/T,Blue,Beige,None reported,Yes,8750,158564
1008,Ford,Transit-350 XLT,2023,Gasoline,310.0HP 3.5L V6 Cylinder Engine Gasoline Fuel,10-Speed A/T,Black,Black,None reported,Yes,78499,20000
1009,Cadillac,XTS Luxury,2018,Gasoline,304.0HP 3.6L V6 Cylinder Engine Gasoline Fuel,6-Speed A/T,Silver,Black,At least 1 accident or damage reported,Yes,20850,46711
1010,Nissan,NV Passenger NV3500 HD SL V8,2017,Gasoline,375.0HP 5.6L 8 Cylinder Engine Gasoline Fuel,A/T,Black,Gray,None reported,Yes,41000,46496
1011,Mercedes-Benz,GLS 450 Base 4MATIC,2019,Gasoline,362.0HP 3.0L V6 Cylinder Engine Gasoline Fuel,9-Speed A/T,Silver,Black,None reported,Yes,53800,19800
1012,Toyota,Land Cruiser Base,2008,Gasoline,381.0HP 5.7L 8 Cylinder Engine Gasoline Fuel,6-Speed A/T,Black,Beige,At least 1 accident or damage reported,Yes,37900,175000
1013,Toyota,Land Cruiser Base,2016,Gasoline,381.0HP 5.7L 8 Cylinder Engine Gasoline Fuel,8-Speed A/T,White,Black,None reported,Yes,63500,61500
1014,RAM,ProMaster 2500 Window Van High Roof,2016,Gasoline,280.0HP 3.6L V6 Cylinder Engine Gasoline Fuel,6-Speed A/T,Black,Gray,None reported,Yes,65000,49750
1015,Lamborghini,Gallardo Base,2007,Gasoline,493.0HP 5.0L 10 Cylinder Engine Gasoline Fuel,Transmission w/Dual Shift Mode,Orange,Orange,None reported,Yes,100000,38800
1016,Lincoln,MKZ Base,2011,Gasoline,263.0HP 3.5L V6 Cylinder Engine Gasoline Fuel,A/T,Black,Black,None reported,Yes,8995,83765
1017,Mercedes-Benz,EQS 450 4MATIC,2023,,355.0HP Electric Motor Electric Fuel System,1-Speed A/T,Gray,Beige,None reported,Yes,105500,7388
1018,Lamborghini,Huracan Tecnica Coupe,2023,Gasoline,"5.2L V-10 gasoline direct injection, DOHC, variable valve contro",Automatic,Bianco Monocerus,Nero Ade,None reported,,359991,278
1019,Alfa,Romeo Giulia Quadrifoglio,2022,Gasoline,2.9L V6 24V GDI DOHC Twin Turbo,8-Speed Automatic,Verde,Black,None reported,,75900,1966
1020,Chevrolet,Trailblazer LT,2021,Gasoline,1.2L I3 12V GDI DOHC Turbo,Automatic CVT,Pacific Blue Metallic,Jet Black,None reported,,23995,50648
1021,Toyota,Land Cruiser Base,1993,–,–,A/T,White,Gray,None reported,Yes,29500,231500
1022,Lamborghini,Urus Base,2021,Gasoline,641.0HP 4.0L 8 Cylinder Engine Gasoline Fuel,8-Speed A/T,Black,Red,None reported,Yes,257000,13692
1023,INFINITI,G37 x,2013,Gasoline,328.0HP 3.7L V6 Cylinder Engine Gasoline Fuel,A/T,White,Beige,At least 1 accident or damage reported,Yes,15000,60058
1024,Maserati,Levante S,2017,Gasoline,424.0HP 3.0L V6 Cylinder Engine Gasoline Fuel,8-Speed A/T,Black,Black,None reported,Yes,33950,54423
1025,Toyota,Highlander Limited,2022,Gasoline,3.5L V6 24V PDI DOHC,8-Speed Automatic,Wind Chill Pearl,Graphite,None reported,,47498,24001
1026,Nissan,Armada SL,2022,Gasoline,5.6 Liter,Automatic,White,Black,None reported,,50998,14735
1027,Audi,Q5 Premium,2023,Hybrid,2.0 Liter TFSI,Automatic,Mythos Black,–,None reported,,42998,2425
1028,Ford,Shelby GT500 Base,2022,Gasoline,760.0HP 5.2L 8 Cylinder Engine Gasoline Fuel,Transmission w/Dual Shift Mode,Gray,Black,None reported,Yes,94999,2050
1029,Lincoln,Navigator L Reserve,2019,Gasoline,450.0HP 3.5L V6 Cylinder Engine Gasoline Fuel,10-Speed A/T,Silver,Beige,None reported,Yes,46995,64855
1030,Mercedes-Benz,EQS 450+ Base,2022,,329.0HP Electric Motor Electric Fuel System,1-Speed A/T,White,Beige,None reported,Yes,62479,16238
1031,RAM,1500 Laramie,2022,Gasoline,5.7L V8 16V MPFI OHV,Automatic,Patriot Blue Pearlcoat,Black,None reported,Yes,47995,18051
1032,Lincoln,Town Car Base,2004,Gasoline,239.0HP 4.6L 8 Cylinder Engine Gasoline Fuel,4-Speed A/T,Black,Black,None reported,Yes,14900,36524
1033,Acura,TLX w/A-Spec Package,2022,Gasoline,2.0 Liter DOHC Turbo,2,Lunar Silver Metallic,Ebony,None reported,,39998,14896
1034,Toyota,Camry Hybrid LE,2022,Hybrid,2.5L I4 16V PDI DOHC Hybrid,Automatic CVT,Black,Black,None reported,,29999,14048
1035,Honda,CR-V EX,2003,Gasoline,160.0HP 2.4L 4 Cylinder Engine Gasoline Fuel,M/T,Black,Gray,None reported,Yes,3900,224000
1036,Mercedes-Benz,E-Class E 550,2014,Gasoline,402.0HP 4.7L 8 Cylinder Engine Gasoline Fuel,Transmission w/Dual Shift Mode,Gray,Beige,None reported,Yes,26000,80581
1037,Mazda,MX-5 Miata Grand Touring,2007,Gasoline,166.0HP 2.0L 4 Cylinder Engine Gasoline Fuel,6-Speed M/T,Red,–,At least 1 accident or damage reported,Yes,11000,81400
1038,Porsche,718 Boxster Base,2019,Gasoline,300.0HP 2.0L 4 Cylinder Engine Gasoline Fuel,7-Speed A/T,Gray,Black,None reported,Yes,63000,6700
1039,Ford,Transit-350 XLT,2015,Gasoline,275.0HP 3.7L V6 Cylinder Engine Gasoline Fuel,6-Speed A/T,Silver,Gray,None reported,Yes,22500,143000
1040,Kia,Sportage SX Turbo,2017,Gasoline,2.0L I4 16V GDI DOHC Turbo,6-Speed Automatic,Black Cherry,Black,None reported,Yes,18688,87842
1041,INFINITI,G37 S Sport,2010,Gasoline,328.0HP 3.7L V6 Cylinder Engine Gasoline Fuel,6-Speed M/T,White,Gray,None reported,Yes,16500,116451
1042,Nissan,Titan XD S,2019,Gasoline,390.0HP 5.6L 8 Cylinder Engine Gasoline Fuel,7-Speed A/T,Red,Gray,None reported,Yes,27900,53677
1043,Audi,S7 2.9T Prestige,2021,Hybrid,444.0HP 2.9L V6 Cylinder Engine Gasoline/Mild Electric Hybrid,8-Speed A/T,Gray,Black,None reported,Yes,77500,12000
1044,Land,Rover Discovery HSE,2019,Gasoline,3.0 Liter,Automatic,Yulong White,Tan/Ebony,None reported,,43998,20034
1045,Ford,Transit-350 XLT,2020,Diesel,210.0HP 2.0L 4 Cylinder Engine Diesel Fuel,A/T,Black,Black,None reported,Yes,68000,32000
1046,INFINITI,Q70 3.7,2014,Gasoline,330.0HP 3.7L V6 Cylinder Engine Gasoline Fuel,7-Speed A/T,Black,Black,None reported,Yes,19995,70312
1047,Jeep,Gladiator Rubicon,2022,Gasoline,285.0HP 3.6L V6 Cylinder Engine Gasoline Fuel,A/T,White,Black,None reported,Yes,54000,8794
1048,Lincoln,MKX Base,2010,Gasoline,265.0HP 3.5L V6 Cylinder Engine Gasoline Fuel,6-Speed A/T,Black,Black,At least 1 accident or damage reported,Yes,5900,156000
1049,Porsche,911 Carrera 4S,2020,Gasoline,3.0L H6 24V GDI DOHC Twin Turbo,7-Speed Manual,Red,Black,None reported,Yes,134999,25568
1050,Mercedes-Benz,AMG C 43 Base 4MATIC,2018,Gasoline,362.0HP 3.0L V6 Cylinder Engine Gasoline Fuel,Transmission w/Dual Shift Mode,Gray,Black,At least 1 accident or damage reported,Yes,34250,67100
1051,Porsche,Cayman Base,2014,Gasoline,275.0HP 2.7L Flat 6 Cylinder Engine Gasoline Fuel,Transmission w/Dual Shift Mode,Blue,Beige,At least 1 accident or damage reported,Yes,37000,52000
1052,Acura,MDX 3.7L Advance,2011,Gasoline,300.0HP 3.7L V6 Cylinder Engine Gasoline Fuel,Transmission w/Dual Shift Mode,White,Gray,None reported,Yes,12000,137200
1053,Volkswagen,Golf R 4-Door w/DCC & Navigation,2018,Gasoline,292.0HP 2.0L 4 Cylinder Engine Gasoline Fuel,7-Speed A/T,White,Black,At least 1 accident or damage reported,Yes,32000,36000
1054,Kia,Forte GT-Line,2023,Gasoline,147.0HP 2.0L 4 Cylinder Engine Gasoline Fuel,CVT Transmission,White,Black,At least 1 accident or damage reported,Yes,24500,15500
1055,BMW,M8 Competition,2020,Gasoline,4.4 Liter Twin Turbo,Automatic,Donington Grey Metallic,Black,None reported,,96998,10906
1056,Lincoln,MKC Select,2019,Gasoline,2.0L I4 16V GDI DOHC Turbo,6-Speed Automatic,Ruby Red Metallic Tinted Clearcoat,Cappuccino,None reported,,26545,49814
1057,BMW,i8 Base,2015,Plug-In Hybrid,357.0HP 1.5L 3 Cylinder Engine Plug-In Electric/Gas,A/T,White,White,None reported,Yes,86999,846
1058,Toyota,Highlander XLE,2021,Gasoline,3.5L V6 24V PDI DOHC,8-Speed Automatic,Blue,Black,None reported,,34645,67039
1059,Mazda,CX-30 Premium Package,2023,Gasoline,2.5L I4 16V,6-Speed Automatic,Platinum Quartz Metallic,Black,None reported,,28535,2636
1060,Porsche,Cayenne Platinum Edition,2018,Gasoline,3.6L V6 24V GDI DOHC,8-Speed Automatic,White,Black,At least 1 accident or damage reported,Yes,43550,50166
1061,Lincoln,MKZ Reserve,2017,Gasoline,400.0HP 3.0L V6 Cylinder Engine Gasoline Fuel,6-Speed A/T,Blue,Brown,None reported,Yes,27500,37375
1062,Tesla,Model 3 Standard Range Plus,2021,,271.0HP Electric Motor Electric Fuel System,A/T,White,Black,None reported,Yes,31000,21600
1063,Porsche,718 Cayman S,2019,Gasoline,350.0HP 2.5L 4 Cylinder Engine Gasoline Fuel,7-Speed A/T,Red,Black,At least 1 accident or damage reported,Yes,69000,9500
1064,Chevrolet,Corvette Base,2005,Gasoline,400.0HP 6.0L 8 Cylinder Engine Gasoline Fuel,4-Speed A/T,Red,Black,None reported,Yes,16000,143095
1065,Acura,RSX Type S,2002,Gasoline,200.0HP 2.0L 4 Cylinder Engine Gasoline Fuel,6-Speed M/T,Beige,Beige,At least 1 accident or damage reported,Yes,8500,80000
1066,Ferrari,Roma Base,2021,Gasoline,611.0HP 3.9L 8 Cylinder Engine Gasoline Fuel,8-Speed A/T,Blue,Brown,None reported,Yes,275000,3000
1067,Porsche,Cayman S,2007,Gasoline,295.0HP 3.4L Flat 6 Cylinder Engine Gasoline Fuel,6-Speed M/T,Black,Black,None reported,Yes,45000,5856
1068,Rolls-Royce,Phantom Drophead Coupe Drophead,2013,Gasoline,6.8L V12 48V GDI DOHC,8-Speed Automatic,Yellow,–,None reported,Yes,488880,2958
1069,Audi,SQ7 4.0T,2022,Gasoline,4.0L V8 32V GDI DOHC Twin Turbo,Automatic,Matador Red Metallic,Black,None reported,,74900,28927
1070,Mercedes-Benz,AMG GLS 63 4MATIC,2022,Hybrid,603.0HP 4.0L 8 Cylinder Engine Gasoline/Mild Electric Hybrid,9-Speed A/T,Black,Black,None reported,Yes,144664,4102
1071,Honda,Ridgeline RTL-E,2021,Gasoline,280.0HP 3.5L V6 Cylinder Engine Gasoline Fuel,9-Speed A/T,White,Beige,None reported,Yes,38500,14442
1072,Mercedes-Benz,CLK-Class 500 Cabriolet,2005,Gasoline,302.0HP 5.0L 8 Cylinder Engine Gasoline Fuel,7-Speed A/T,Silver,Black,None reported,Yes,12995,64000
1073,Lexus,GX 470 Base,2004,Gasoline,235.0HP 4.7L 8 Cylinder Engine Gasoline Fuel,A/T,White,Beige,At least 1 accident or damage reported,Yes,10000,154000
1097,Land,Rover Defender X-Dynamic SE,2023,Hybrid,3.0 Liter,Automatic,Eiger Grey,–,None reported,,79998,6204
1074,Lexus,NX 200t Base,2015,Gasoline,235.0HP 2.0L 4 Cylinder Engine Gasoline Fuel,6-Speed A/T,White,Black,None reported,Yes,27000,54000
1075,Dodge,Dakota SLT Quad Cab,2007,Gasoline,210.0HP 3.7L V6 Cylinder Engine Gasoline Fuel,4-Speed A/T,Silver,Gray,At least 1 accident or damage reported,Yes,6000,232492
1076,Maserati,Ghibli S Q4 GranSport,2020,Gasoline,3.0L V6 24V GDI DOHC Twin Turbo,8-Speed Automatic,Blu,Nero,None reported,Yes,52645,25721
1077,Land,Rover Discovery Sport SE R-Dynamic,2020,Gasoline,2.0 Liter,Automatic,Fuji White,–,None reported,,35998,20927
1078,Aston,Martin DBX Base,2021,Gasoline,4.0L V8 32V GDI DOHC Twin Turbo,9-Speed Automatic,Green,Sahara Tan,None reported,Yes,159500,2353
1079,Audi,Q3 45 S line Premium,2022,Gasoline,2.0L I4 16V GDI DOHC Turbo,8-Speed Automatic,Mythos Black Metallic,Black,None reported,,33610,9325
1080,Ford,Explorer XLT,2020,Gasoline,2.3L I4 16V GDI DOHC Turbo,10-Speed Automatic,Gray,Ebony,At least 1 accident or damage reported,Yes,28616,61001
1081,Mercedes-Benz,AMG GLC 63 Base 4MATIC,2018,Gasoline,469.0HP 4.0L 8 Cylinder Engine Gasoline Fuel,9-Speed A/T,White,Black,None reported,Yes,46900,71962
1082,Subaru,BRZ Premium,2023,Gasoline,228.0HP 2.4L 4 Cylinder Engine Gasoline Fuel,6-Speed M/T,Black,Black,None reported,Yes,29990,5800
1083,BMW,640 i,2016,Gasoline,315.0HP 3.0L Straight 6 Cylinder Engine Gasoline Fuel,8-Speed A/T,Black,Black,None reported,Yes,28499,40080
1084,Kia,Stinger GT2,2020,Gasoline,365.0HP 3.3L V6 Cylinder Engine Gasoline Fuel,A/T,Black,Red,At least 1 accident or damage reported,Yes,36500,57000
1085,Chevrolet,Bolt EUV Premier,2022,,Electric,1-Speed Automatic,Mosaic Black Metallic,Jet Black,None reported,Yes,31985,7624
1086,Subaru,Forester 2.5 XT,2004,Gasoline,210.0HP 2.5L 4 Cylinder Engine Gasoline Fuel,5-Speed M/T,Gold,Black,At least 1 accident or damage reported,Yes,9999,122000
1087,Kia,Sportage X-Pro,2023,Gasoline,2.5L I4 16V PDI DOHC,8-Speed Automatic,Jungle Green,Black,None reported,,36998,459
1088,BMW,M4 Base,2016,Gasoline,425.0HP 3.0L Straight 6 Cylinder Engine Gasoline Fuel,7-Speed A/T,Black,Orange,At least 1 accident or damage reported,Yes,40500,62500
1089,Hyundai,Equus Signature,2013,Gasoline,429.0HP 5.0L 8 Cylinder Engine Gasoline Fuel,8-Speed A/T,Silver,Black,None reported,Yes,17500,72000
1090,Mercedes-Benz,AMG E 53 4MATIC,2020,Gasoline,"AMG 3L I-6 gasoline direct injection, DOHC, variable valve contr","Automatic, 9-Spd 9G-Tronic",BLACK,BLACK,None reported,,69900,8375
1091,BMW,M550 i xDrive,2020,Gasoline,523.0HP 4.4L 8 Cylinder Engine Gasoline Fuel,Transmission w/Dual Shift Mode,Blue,Black,None reported,Yes,53000,40000
1092,Subaru,Impreza WRX STI,2014,Gasoline,305.0HP 2.5L 4 Cylinder Engine Gasoline Fuel,6-Speed M/T,Gray,Black,At least 1 accident or damage reported,Yes,30000,77000
1094,Mazda,Mazda6 Grand Touring,2020,Gasoline,2.5L I4 16V GDI DOHC Turbo,6-Speed Automatic,Deep Crystal Blue Mica,Black,None reported,,22966,35902
1095,Hyundai,Veloster Base,2013,Gasoline,132.0HP 1.6L 4 Cylinder Engine Gasoline Fuel,Transmission w/Dual Shift Mode,Black,Gray,None reported,Yes,9800,800
1096,Bentley,Bentayga S,2023,Gasoline,4.0L V8 32V GDI DOHC Twin Turbo,8-Speed Automatic,Beluga Black,Hotspur,None reported,Yes,239995,2600
1098,Kia,Telluride SX,2020,Gasoline,3.8L V6 24V GDI DOHC,8-Speed Automatic,Ebony Black,Gray,None reported,,37405,69185
1099,Maserati,GranTurismo Sport,2015,Gasoline,454.0HP 4.7L 8 Cylinder Engine Gasoline Fuel,6-Speed A/T,Black,Black,None reported,Yes,41900,45000
1100,BMW,540 i xDrive,2020,Gasoline,2.0 Liter Turbo,Automatic,White,Black,None reported,,39998,37426
1101,INFINITI,M56 Base,2011,Gasoline,420.0HP 5.6L 8 Cylinder Engine Gasoline Fuel,Transmission w/Dual Shift Mode,Gray,Brown,At least 1 accident or damage reported,Yes,8500,137000
1102,Mazda,Mazda3 s Grand Touring,2016,–,–,A/T,Black,Black,At least 1 accident or damage reported,Yes,18500,85000
1103,Chevrolet,Corvette Stingray w/1LT,2023,Gasoline,490.0HP 6.2L 8 Cylinder Engine Gasoline Fuel,8-Speed A/T,Black,Red,At least 1 accident or damage reported,Yes,73900,4000
1104,Audi,Q5 S line Premium Plus,2023,Hybrid,2.0 Liter TFSI,Automatic,Mythos Black,Black,None reported,,47598,4648
1105,Lexus,GX 460 Base,2018,Gasoline,301.0HP 4.6L 8 Cylinder Engine Gasoline Fuel,6-Speed A/T,White,Beige,None reported,Yes,38000,52100
1106,BMW,X1 sDrive28i,2014,Gasoline,240.0HP 2.0L 4 Cylinder Engine Gasoline Fuel,A/T,Brown,Beige,None reported,Yes,10795,50100
1107,Alfa,Romeo Stelvio Ti,2020,Gasoline,280.0HP 2.0L 4 Cylinder Engine Gasoline Fuel,8-Speed A/T,White,Black,None reported,Yes,32400,41000
1108,RAM,1500 Big Horn,2021,Gasoline,395.0HP 5.7L 8 Cylinder Engine Gasoline Fuel,8-Speed A/T,Black,Black,None reported,Yes,34000,70968
1109,BMW,M4 Base,2015,Gasoline,425.0HP 3.0L Straight 6 Cylinder Engine Gasoline Fuel,A/T,White,–,None reported,Yes,53000,26600
1110,Tesla,Model X Long Range,2022,,670.0HP Electric Motor Electric Fuel System,1-Speed A/T,Red,Black,None reported,Yes,84500,15443
1111,Volvo,S90 T5 Momentum,2018,Gasoline,250.0HP 2.0L 4 Cylinder Engine Gasoline Fuel,8-Speed A/T,White,Beige,None reported,Yes,18000,95000
1112,Subaru,Impreza WRX Sti,2005,Gasoline,300.0HP 2.5L 4 Cylinder Engine Gasoline Fuel,6-Speed M/T,Black,Blue,None reported,Yes,19500,94000
1113,BMW,X6 xDrive40i,2020,Gasoline,3.0 Liter Turbo,Automatic,Blue,Black,None reported,,57998,45076
1114,Cadillac,CTS 2.0L Turbo Luxury,2014,Gasoline,272.0HP 2.0L 4 Cylinder Engine Gasoline Fuel,A/T,Gold,Beige,None reported,Yes,11000,110000
1115,Land,Rover Discovery Sport HSE,2016,Gasoline,2.0L I4 16V GDI DOHC Turbo,9-Speed Automatic,Indus Silver,Ebony,None reported,,21590,49083
1116,Genesis,G90 5.0 Ultimate,2017,Gasoline,420.0HP 5.0L 8 Cylinder Engine Gasoline Fuel,Transmission w/Dual Shift Mode,Silver,Black,None reported,Yes,27500,63500
1117,Mercedes-Benz,CLK-Class CLK 350,2009,Gasoline,268.0HP 3.5L V6 Cylinder Engine Gasoline Fuel,A/T,Black,Black,At least 1 accident or damage reported,Yes,18000,21500
1118,Land,Rover Range Rover Autobiography,2023,Gasoline,4.4 Liter,Automatic,Black,Blk,None reported,,199998,324
1119,Kia,Optima EX,2019,Gasoline,"1.6L I-4 gasoline direct injection, DOHC, variable valve control",Automatic,Ebony Black,Black,None reported,,20818,68166
1120,Toyota,Highlander SE,2018,Gasoline,3.5L V6 24V PDI DOHC,8-Speed Automatic,Midnight Black Metallic,Black,At least 1 accident or damage reported,,31853,53607
1121,Mercedes-Benz,Sprinter 4500 High Roof,2019,Diesel,188.0HP 3.0L V6 Cylinder Engine Diesel Fuel,Transmission w/Dual Shift Mode,Gray,Black,,,45900,16813
1122,BMW,X1 xDrive28i,2020,Gasoline,228.0HP 2.0L 4 Cylinder Engine Gasoline Fuel,A/T,White,Beige,At least 1 accident or damage reported,Yes,29500,18200
1123,Audi,R8 5.2,2015,Gasoline,550.0HP 5.2L 10 Cylinder Engine Gasoline Fuel,Transmission w/Dual Shift Mode,White,Black,At least 1 accident or damage reported,Yes,102000,51000
1124,Audi,S3 2.0T Tech Premium Plus,2018,Gasoline,292.0HP 2.0L 4 Cylinder Engine Gasoline Fuel,A/T,Blue,Red,None reported,Yes,42800,16400
1125,Toyota,Tundra Hybrid TRD Pro,2022,Hybrid,437.0HP 3.4L V6 Cylinder Engine Gas/Electric Hybrid,10-Speed A/T,Orange,–,None reported,Yes,75500,7000
1126,Audi,SQ5 3.0T Premium Plus,2022,Gasoline,3.0L V6 24V GDI DOHC Turbo,Automatic,Ibis White,Black,None reported,,52900,8497
1127,Audi,A6 2.0T Premium Plus,2016,Gasoline,252.0HP 2.0L 4 Cylinder Engine Gasoline Fuel,Transmission w/Dual Shift Mode,White,Black,At least 1 accident or damage reported,Yes,20000,68000
1128,Lamborghini,Huracan EVO Base,2022,Gasoline,5.2L V10 40V GDI DOHC,7-Speed Manual,Bianco Icarus Metallic,Nero Ade,None reported,,288900,2523
1129,BMW,328 xi,2007,Gasoline,230.0HP 3.0L Straight 6 Cylinder Engine Gasoline Fuel,6-Speed A/T,Black,Brown,None reported,Yes,8995,83000
1130,Audi,SQ5 3.0T Prestige,2018,Gasoline,354.0HP 3.0L V6 Cylinder Engine Gasoline Fuel,8-Speed A/T,Gray,Black,None reported,Yes,50000,25000
1131,Cadillac,Escalade Sport Platinum,2021,Diesel,3.0L I6 24V DDI DOHC Turbo Diesel,10-Speed Automatic,Infrared Tintcoat,Jet Black,None reported,,97952,15689
1132,BMW,M235 i,2014,Gasoline,320.0HP 3.0L Straight 6 Cylinder Engine Gasoline Fuel,6-Speed M/T,Blue,Black,None reported,Yes,17200,125450
1133,Kia,Telluride SX,2023,Gasoline,3.8L V6 24V GDI DOHC,8-Speed Automatic,Midnight Black,Gray,None reported,,50998,9822
1134,Chevrolet,Express 3500 Base,2008,Gasoline,323.0HP 6.0L 8 Cylinder Engine Gasoline Fuel,A/T,White,Gray,None reported,Yes,22000,144000
1135,GMC,Acadia SLE,2020,Gasoline,2.5L I4 16V GDI DOHC,9-Speed Automatic,Summit White,Jet Black,None reported,Yes,27654,30900
1136,BMW,X3 xDrive30i,2021,Gasoline,2.0 Liter Turbo,Automatic,Phytonic Blue Metallic,Canberra Beige/Black,None reported,,41598,2492
1137,Audi,TT 2.0T,2015,Gasoline,211.0HP 2.0L 4 Cylinder Engine Gasoline Fuel,A/T,Black,Black,At least 1 accident or damage reported,Yes,14000,126760
1138,Subaru,Outback 3.6R Touring,2017,Gasoline,256.0HP 3.6L Flat 6 Cylinder Engine Gasoline Fuel,A/T,Brown,–,None reported,Yes,20500,100680
1139,Mitsubishi,Eclipse Spyder GS,2001,Gasoline,140.0HP 2.4L 4 Cylinder Engine Gasoline Fuel,A/T,Red,–,None reported,Yes,4495,90400
1140,Hyundai,Santa Fe SEL,2022,Gasoline,2.5L I4 16V PDI DOHC,8-Speed Automatic,Quartz White,Black,,,29800,26895
1141,BMW,M5 Base,2018,Gasoline,600.0HP 4.4L 8 Cylinder Engine Gasoline Fuel,8-Speed A/T,Silver,Black,None reported,Yes,67000,20500
1142,Dodge,Ram 1500 ST,2011,Gasoline,390.0HP 5.7L 8 Cylinder Engine Gasoline Fuel,A/T,Black,Gray,At least 1 accident or damage reported,Yes,10500,134000
1143,Ford,Fusion Energi Titanium,2015,Plug-In Hybrid,188.0HP 2.0L 4 Cylinder Engine Plug-In Electric/Gas,CVT Transmission,Blue,Black,At least 1 accident or damage reported,Yes,10000,84352
1144,Toyota,Tundra Hybrid TRD Pro,2022,Hybrid,437.0HP 3.4L V6 Cylinder Engine Gas/Electric Hybrid,10-Speed A/T,Orange,Black,None reported,Yes,71000,19000
1145,Land,Rover Range Rover Evoque Pure,2015,Gasoline,240.0HP 2.0L 4 Cylinder Engine Gasoline Fuel,9-Speed A/T,White,Black,None reported,Yes,17500,115550
1146,Lincoln,Navigator Base,2009,E85 Flex Fuel,310.0HP 5.4L 8 Cylinder Engine Flex Fuel Capability,6-Speed A/T,White,Beige,At least 1 accident or damage reported,Yes,9750,191775
1147,Ford,Mustang Mach-E Select,2023,,Standard Range Battery,Automatic,Rapid Red Metallic Tinted Clearcoat,Black Onyx,None reported,,46998,923
1148,Mercedes-Benz,Sprinter 3500 High Roof,2017,Diesel,188.0HP 3.0L V6 Cylinder Engine Diesel Fuel,5-Speed A/T,Black,Black,None reported,Yes,75000,124630
1149,Mercedes-Benz,AMG E 63 S 4MATIC,2019,Gasoline,603.0HP 4.0L 8 Cylinder Engine Gasoline Fuel,9-Speed A/T,White,Brown,None reported,Yes,95000,17000
1150,BMW,440 i xDrive,2018,Gasoline,320.0HP 3.0L Straight 6 Cylinder Engine Gasoline Fuel,A/T,Black,Blue,None reported,Yes,32000,73500
1151,Acura,Integra LS,1998,Gasoline,140.0HP 1.8L 4 Cylinder Engine Gasoline Fuel,4-Speed A/T,Red,–,At least 1 accident or damage reported,Yes,5500,120000
1152,Audi,Q7 55 Prestige,2019,Gasoline,3.0L V6 24V GDI DOHC Supercharged,8-Speed Automatic,Cobra Beige Metallic,Nougat Brown,None reported,Yes,36340,73837
1153,BMW,M6 Base,2014,Gasoline,560.0HP 4.4L 8 Cylinder Engine Gasoline Fuel,Transmission w/Dual Shift Mode,Silver,Black,None reported,Yes,40999,29500
1154,Volkswagen,Arteon 2.0T SE,2021,Gasoline,2.0 Liter TSI,Automatic,Pure White,Titan Black,None reported,,29798,13613
1155,Lexus,LX 600 F SPORT,2023,Gasoline,409.0HP 3.4L V6 Cylinder Engine Gasoline Fuel,10-Speed A/T,Black,Black,None reported,Yes,120990,1185
1156,INFINITI,Q40 Base,2015,Gasoline,328.0HP 3.7L V6 Cylinder Engine Gasoline Fuel,Transmission w/Dual Shift Mode,Silver,Black,None reported,Yes,11500,143250
1157,BMW,Z4 3.0i Roadster,2006,Gasoline,215.0HP 3.0L Straight 6 Cylinder Engine Gasoline Fuel,Transmission w/Dual Shift Mode,Green,Beige,At least 1 accident or damage reported,Yes,11500,46508
1158,BMW,M6 Base,2015,Gasoline,560.0HP 4.4L 8 Cylinder Engine Gasoline Fuel,Transmission w/Dual Shift Mode,Red,Black,None reported,Yes,59549,18651
1159,BMW,X3 M40i,2019,Gasoline,3.0 Liter Turbo,Automatic,Alpine White,Oyster W/Contrast,None reported,,39998,36438
1160,Kia,Sorento LX,2014,Gasoline,2.4L I4 16V GDI DOHC,6-Speed Automatic,Snow White Pearl,Beige,None reported,,15363,46628
1161,Rivian,R1S Adventure Package,2023,,835.0HP Electric Motor Electric Fuel System,1-Speed A/T,Gray,White,None reported,Yes,95000,5700
1162,BMW,Z4 sDrive28i,2015,Gasoline,240.0HP 2.0L 4 Cylinder Engine Gasoline Fuel,6-Speed M/T,Black,White,None reported,Yes,29995,57550
1163,Cadillac,CTS-V Base,2017,Gasoline,640.0HP 6.2L 8 Cylinder Engine Gasoline Fuel,Transmission w/Dual Shift Mode,Black,Black,None reported,Yes,60999,48600
1164,Ford,Transit Connect XL,2020,Gasoline,169.0HP 2.5L 4 Cylinder Engine Gasoline Fuel,A/T,White,Black,None reported,Yes,18000,119000
1165,Land,Rover Range Rover Velar SVAutobiography Dynamic Edition,2020,Gasoline,550.0HP 5.0L 8 Cylinder Engine Gasoline Fuel,Transmission w/Dual Shift Mode,White,Red,None reported,Yes,72000,36500
1166,Lexus,IS 250 Base,2010,Gasoline,204.0HP 2.5L V6 Cylinder Engine Gasoline Fuel,6-Speed A/T,Black,White,At least 1 accident or damage reported,Yes,13250,121250
1167,BMW,X7 xDrive40i,2023,Hybrid,375.0HP 3.0L Straight 6 Cylinder Engine Gasoline/Mild Electric Hybrid,Transmission w/Dual Shift Mode,Gray,Black,None reported,Yes,78350,2437
1168,Volvo,XC90 T6 Momentum,2018,Gasoline,316.0HP 2.0L 4 Cylinder Engine Gasoline Fuel,A/T,Gray,Beige,At least 1 accident or damage reported,Yes,22000,110380
1169,Hyundai,Tucson Limited,2008,Gasoline,173.0HP 2.7L V6 Cylinder Engine Gasoline Fuel,4-Speed A/T,Black,Gray,None reported,Yes,3850,149000
1170,Dodge,Durango GT,2021,Gasoline,3.6L V6 24V MPFI DOHC,8-Speed Automatic,DB Black Clearcoat,Black,None reported,,37995,14684
1171,Mercedes-Benz,AMG C 43 Base 4MATIC,2017,Gasoline,362.0HP 3.0L V6 Cylinder Engine Gasoline Fuel,9-Speed A/T,White,Black,At least 1 accident or damage reported,Yes,39000,39000
1172,GMC,Yukon XL SLT,2019,Gasoline,5.3L V8 16V GDI OHV,Automatic,Summit White,Jet Black,None reported,Yes,42995,65212
1173,Audi,RS Q8 4.0T,2020,Gasoline,591.0HP 4.0L 8 Cylinder Engine Gasoline Fuel,Transmission w/Dual Shift Mode,Gray,Black,None reported,Yes,91500,41856
1174,Rivian,R1S Adventure Package,2023,,835.0HP Electric Motor Electric Fuel System,1-Speed A/T,Red,Silver,None reported,Yes,94500,655
1175,Toyota,RAV4 Hybrid XLE,2019,Hybrid,219.0HP 2.5L 4 Cylinder Engine Gas/Electric Hybrid,CVT Transmission,Gray,Gray,None reported,Yes,33000,54000
1176,Alfa,Romeo Stelvio Quadrifoglio,2019,Gasoline,505.0HP 2.9L V6 Cylinder Engine Gasoline Fuel,8-Speed A/T,Gray,Black,None reported,Yes,53900,26500
1177,Land,Rover Range Rover Evoque SE,2020,Gasoline,2.0 Liter,Automatic,Firenze Red Metallic,Ebony,None reported,,36598,38356
1178,Alfa,Romeo Stelvio Ti Sport,2020,Gasoline,2.0L I4 16V GDI SOHC Turbo,8-Speed Automatic,Anodized Blue Metallic,Ice,None reported,Yes,35345,21487
1179,Cadillac,Escalade EXT Base,2007,Gasoline,403.0HP 6.2L 8 Cylinder Engine Gasoline Fuel,6-Speed A/T,Black,Black,None reported,Yes,22999,99000
1180,Ford,F-250 Lariat,2019,E85 Flex Fuel,6.2L V8 16V MPFI SOHC Flexible Fuel,6-Speed Automatic,Black,Black,None reported,,47756,35597
1181,Nissan,350Z Enthusiast,2005,Gasoline,287.0HP 3.5L V6 Cylinder Engine Gasoline Fuel,5-Speed A/T,Blue,Black,None reported,Yes,9950,130307
1182,Subaru,Legacy 2.5 i Premium,2010,Gasoline,170.0HP 2.5L 4 Cylinder Engine Gasoline Fuel,A/T,Blue,Black,None reported,Yes,7600,178000
1183,Honda,Civic LX,2003,Gasoline,115.0HP 1.7L 4 Cylinder Engine Gasoline Fuel,A/T,White,Gray,At least 1 accident or damage reported,Yes,3000,160265
1184,McLaren,570S Spider,2020,Gasoline,562.0HP 3.8L 8 Cylinder Engine Gasoline Fuel,Transmission w/Dual Shift Mode,Black,Black,None reported,Yes,185000,8700
1185,Maserati,Ghibli S Q4,2016,Gasoline,404.0HP 3.0L V6 Cylinder Engine Gasoline Fuel,Transmission w/Dual Shift Mode,Gray,Red,None reported,Yes,36000,1000
1186,Jeep,Wagoneer Series II 4x4,2022,Gasoline,"HEMI 5.7L V-8 variable valve control, regular unleaded, engine w","Automatic, 8-Spd",–,–,None reported,,58900,29800
1187,Maserati,Ghibli S Q4,2017,Gasoline,404.0HP 3.0L V6 Cylinder Engine Gasoline Fuel,Transmission w/Dual Shift Mode,White,Red,None reported,Yes,27995,49750
1188,Lexus,RX 300 Base,2002,Gasoline,220.0HP 3.0L V6 Cylinder Engine Gasoline Fuel,A/T,Silver,Black,None reported,Yes,6348,121000
1189,Lincoln,Aviator Luxury,2005,Gasoline,302.0HP 4.6L 8 Cylinder Engine Gasoline Fuel,A/T,Black,Beige,None reported,Yes,2000,140000
1190,Ford,Transit Connect XL,2018,E85 Flex Fuel,169.0HP 2.5L 4 Cylinder Engine Flex Fuel Capability,6-Speed A/T,Red,–,,,21500,66770
1191,Cadillac,SRX Luxury Collection,2016,Gasoline,3.6 Liter SIDI DOHC,Automatic,Red,Ebony,At least 1 accident or damage reported,,19998,61549
1192,Lincoln,MKS EcoBoost,2016,Gasoline,365.0HP 3.5L V6 Cylinder Engine Gasoline Fuel,A/T,Silver,Beige,None reported,Yes,21000,38100
1193,Toyota,Yaris Base,2010,Gasoline,106.0HP 1.5L 4 Cylinder Engine Gasoline Fuel,5-Speed M/T,Red,Gray,None reported,Yes,5000,138071
1194,Mercedes-Benz,AMG E 63 S 4MATIC,2019,Gasoline,603.0HP 4.0L 8 Cylinder Engine Gasoline Fuel,Transmission w/Dual Shift Mode,Black,Black,At least 1 accident or damage reported,Yes,72000,40000
1195,Mercedes-Benz,GLS 450 Base,2022,Hybrid,3.0 Liter DOHC Twin Turbo,Automatic,MANUFAKTUR Diamond White Bright,Macchiato Beige/Black,None reported,,71998,41545
1196,Mercedes-Benz,G-Class G 550 4MATIC,2019,Gasoline,416.0HP 4.0L 8 Cylinder Engine Gasoline Fuel,A/T,White,Black,At least 1 accident or damage reported,Yes,127899,47850
1197,Hyundai,Veloster Turbo R-Spec,2014,Gasoline,201.0HP 1.6L 4 Cylinder Engine Gasoline Fuel,6-Speed M/T,Blue,Red,None reported,Yes,11000,128000
1198,Toyota,4Runner Limited,2019,Gasoline,4.0L V6 24V MPFI DOHC,5-Speed Automatic,Midnight Black Metallic,Sand Beige,None reported,,40368,48156
1199,Mercedes-Benz,S-Class S 580 4MATIC,2021,Hybrid,496.0HP 4.0L 8 Cylinder Engine Gasoline/Mild Electric Hybrid,9-Speed A/T,Black,Black,None reported,Yes,99900,4700
1200,Audi,RS 7 4.0T Performance Prestige,2017,Gasoline,4.0L V8 32V GDI DOHC Twin Turbo,8-Speed Automatic,White,Black,None reported,,67900,39071
1201,Mazda,MX-5 Miata Base,1999,Gasoline,140.0HP 1.8L 4 Cylinder Engine Gasoline Fuel,5-Speed M/T,Green,Beige,At least 1 accident or damage reported,Yes,12900,96680
1202,Mercedes-Benz,AMG C 43 Base,2017,Gasoline,362.0HP 3.0L V6 Cylinder Engine Gasoline Fuel,9-Speed A/T,White,Brown,At least 1 accident or damage reported,Yes,33999,53500
1203,Chevrolet,Corvette Z06,2007,Gasoline,505.0HP 7.0L 8 Cylinder Engine Gasoline Fuel,6-Speed M/T,Orange,Black,None reported,Yes,47500,11025
1204,Ford,F-250 King Ranch,2021,Diesel,475.0HP 6.7L 8 Cylinder Engine Diesel Fuel,10-Speed A/T,White,Brown,At least 1 accident or damage reported,Yes,73000,44000
1205,Volkswagen,Tiguan 2.0T SE,2022,Gasoline,184.0HP 2.0L 4 Cylinder Engine Gasoline Fuel,A/T,Blue,White,None reported,Yes,27900,11000
1206,BMW,750 Li xDrive,2012,Gasoline,407.0HP 4.4L 8 Cylinder Engine Gasoline Fuel,6-Speed A/T,Black,Black,None reported,Yes,16000,103000
1207,BMW,M3 CS,2024,Gasoline,543.0HP 3.0L Straight 6 Cylinder Engine Gasoline Fuel,Transmission w/Dual Shift Mode,Black,Black,None reported,Yes,128995,456
1208,Lexus,GX 460 Base,2018,Gasoline,301.0HP 4.6L 8 Cylinder Engine Gasoline Fuel,6-Speed A/T,Red,Brown,None reported,Yes,37300,64000
1209,Audi,Q7 3.0T Premium,2017,Gasoline,333.0HP 3.0L V6 Cylinder Engine Gasoline Fuel,8-Speed A/T,Gray,Brown,None reported,Yes,25999,108000
1210,Alfa,Romeo Stelvio Ti Sport,2018,Gasoline,280.0HP 2.0L 4 Cylinder Engine Gasoline Fuel,Transmission w/Dual Shift Mode,White,Red,At least 1 accident or damage reported,Yes,26600,37045
1211,Land,Rover Defender X,2023,Hybrid,3.0 Liter,Automatic,Santorin Black,Black,None reported,,95998,5433
1212,BMW,750 i xDrive,2019,Gasoline,4.4 Liter DOHC Twin Turbo,Automatic,Black,Black,None reported,,50998,28744
1213,BMW,M3 Base,2015,Gasoline,425.0HP 3.0L Straight 6 Cylinder Engine Gasoline Fuel,Transmission w/Dual Shift Mode,White,Red,None reported,Yes,44950,65800
1214,Rolls-Royce,Ghost Base,2021,Gasoline,563.0HP 6.7L 12 Cylinder Engine Gasoline Fuel,A/T,White,White,None reported,Yes,314900,850
1215,Audi,e-tron Prestige,2019,,355.0HP Electric Motor Electric Fuel System,1-Speed A/T,Blue,Beige,None reported,Yes,38000,33012
1216,Lexus,IS 250 Base,2011,Gasoline,204.0HP 2.5L V6 Cylinder Engine Gasoline Fuel,6-Speed A/T,Gray,Beige,At least 1 accident or damage reported,Yes,11400,107818
1217,Land,Rover Range Rover Evoque SE Premium,2016,Gasoline,240.0HP 2.0L 4 Cylinder Engine Gasoline Fuel,9-Speed A/T,White,Black,None reported,Yes,19000,79500
1218,Ferrari,California T,2015,Gasoline,553.0HP 3.9L 8 Cylinder Engine Gasoline Fuel,7-Speed A/T,Red,Brown,At least 1 accident or damage reported,Yes,124990,20000
1219,Lexus,LC 500 Base,2018,Gasoline,471.0HP 5.0L 8 Cylinder Engine Gasoline Fuel,10-Speed A/T,Black,Red,None reported,Yes,63997,37000
1220,Kia,EV6 Wind,2022,,111.2Ah / FR 70kW / RR 160kW (697V),Automatic,Glacier,Black,None reported,,38998,11945
1221,GMC,Sierra 1500 SLE Crew Cab,2005,Gasoline,295.0HP 5.3L 8 Cylinder Engine Gasoline Fuel,4-Speed A/T,Silver,Gray,At least 1 accident or damage reported,Yes,5800,131800
1222,Lexus,ES 350 Base,2008,Gasoline,272.0HP 3.5L V6 Cylinder Engine Gasoline Fuel,A/T,Red,Beige,None reported,Yes,8995,146000
1223,Nissan,370Z NISMO,2010,Gasoline,350.0HP 3.7L V6 Cylinder Engine Gasoline Fuel,M/T,Silver,–,None reported,Yes,29000,29000
1224,Dodge,Ram 1500 Laramie,2004,Gasoline,345.0HP 5.7L 8 Cylinder Engine Gasoline Fuel,A/T,Black,Black,None reported,Yes,5700,141209
1225,Ford,Expedition Limited,2016,Gasoline,365.0HP 3.5L V6 Cylinder Engine Gasoline Fuel,A/T,White,Beige,None reported,Yes,19995,85253
1226,INFINITI,QX70 Base,2015,Gasoline,325.0HP 3.7L V6 Cylinder Engine Gasoline Fuel,A/T,Gray,Black,None reported,Yes,17800,87009
1227,BMW,X5 M Base,2023,Gasoline,4.4L V8 32V GDI DOHC Twin Turbo,8-Speed Automatic,Alpine White,Black,None reported,,105900,4348
1228,Lincoln,Navigator Select,2016,Gasoline,380.0HP 3.5L V6 Cylinder Engine Gasoline Fuel,Transmission w/Dual Shift Mode,Red,Beige,None reported,Yes,19780,158000
1229,Volvo,V60 Cross Country T5,2020,Gasoline,250.0HP 2.0L 4 Cylinder Engine Gasoline Fuel,8-Speed A/T,White,Black,None reported,Yes,36000,10500
1230,Audi,A7 3.0T Premium Plus,2018,Gasoline,340.0HP 3.0L V6 Cylinder Engine Gasoline Fuel,A/T,Silver,Black,None reported,Yes,37000,45843
1231,Ford,Bronco Sport Outer Banks,2021,Gasoline,1.5L I3 12V PDI DOHC Turbo,8-Speed Automatic,Blue,Navy Pier,None reported,Yes,31621,15198
1232,Volkswagen,Eurovan MV,2001,Gasoline,140.0HP 2.8L V6 Cylinder Engine Gasoline Fuel,A/T,Silver,–,None reported,Yes,5500,220000
1233,Jaguar,F-TYPE R,2017,Gasoline,550.0HP 5.0L 8 Cylinder Engine Gasoline Fuel,A/T,Black,Black,None reported,Yes,51500,58000
1234,Land,Rover Range Rover Evoque R-Dynamic HSE,2020,Hybrid,2.0 Liter,Automatic,Silver,Black,None reported,,44998,30424
1235,RAM,1500 Laramie,2021,Gasoline,5.7L V8 16V MPFI OHV,8-Speed Automatic,Delmonico Red Pearlcoat,Black,None reported,Yes,45277,38012
1236,Rivian,R1S Adventure Package,2023,,835.0HP Electric Motor Electric Fuel System,A/T,Gray,Gray,None reported,Yes,91000,2500
1237,BMW,M760 i xDrive,2021,Gasoline,"6.6L V-12 gasoline direct injection, DOHC, variable valve contro","Automatic, 8-Spd Sport w/Sport & Manual Modes",BLACK,WHITE,None reported,,91900,11078
1238,Lexus,LX 570 Three-Row,2018,Gasoline,383.0HP 5.7L 8 Cylinder Engine Gasoline Fuel,A/T,White,Black,None reported,Yes,65000,50000
1239,Land,Rover Range Rover Velar P250 SE R-Dynamic,2019,Gasoline,247.0HP 2.0L 4 Cylinder Engine Gasoline Fuel,A/T,White,Black,None reported,Yes,38000,58000
1240,Acura,MDX w/Technology Package,2023,Gasoline,3.5 Liter SOHC,F,White,Parchment.,None reported,,54998,3415
1255,Chrysler,Pacifica Touring,2017,–,–,9-Speed A/T,White,Beige,None reported,Yes,20000,63000
1241,Lexus,LC 500 Base,2018,Gasoline,471.0HP 5.0L 8 Cylinder Engine Gasoline Fuel,Transmission w/Dual Shift Mode,Black,Black,None reported,Yes,65000,61000
1242,Audi,SQ5 3.0T Prestige,2019,Gasoline,349.0HP 3.0L V6 Cylinder Engine Gasoline Fuel,Transmission w/Dual Shift Mode,Gray,Black,At least 1 accident or damage reported,Yes,43500,48500
1243,Land,Rover Range Rover Velar P250 SE R-Dynamic,2018,Gasoline,247.0HP 2.0L 4 Cylinder Engine Gasoline Fuel,A/T,Silver,Black,At least 1 accident or damage reported,Yes,34900,65680
1244,RAM,1500 Limited,2020,Gasoline,5.7L V8 16V MPFI OHV,8-Speed Automatic,Bright White Clearcoat,Black,None reported,Yes,50658,44362
1245,Audi,S4 3.0T Premium,2019,Gasoline,3.0L V6 24V GDI DOHC Turbo,8-Speed Automatic,Brilliant Black,Black,None reported,,42900,18603
1246,Audi,A8 4.0,2020,Hybrid,4.0 Liter Turbo,Automatic,Mythos Black Metallic,Sarder Brown,None reported,,59598,35999
1247,Cadillac,Escalade ESV Sport,2021,Gasoline,420.0HP 6.2L 8 Cylinder Engine Gasoline Fuel,Transmission w/Dual Shift Mode,Black,Beige,None reported,Yes,93000,8044
1248,Mercedes-Benz,AMG GT AMG GT S,2016,Gasoline,503.0HP 4.0L 8 Cylinder Engine Gasoline Fuel,7-Speed A/T,Red,Black,None reported,Yes,85500,9738
1249,BMW,M3 Base,2009,Gasoline,420.0HP 4.0L 8 Cylinder Engine Gasoline Fuel,Transmission w/Dual Shift Mode,Gray,Black,At least 1 accident or damage reported,Yes,28000,112000
1250,Honda,Accord EX-L,2009,Gasoline,190.0HP 2.4L 4 Cylinder Engine Gasoline Fuel,5-Speed A/T,Silver,Black,None reported,Yes,6250,167300
1251,Rolls-Royce,Cullinan,2022,Gasoline,6.7L V12 48V GDI DOHC Twin Turbo,8-Speed Automatic,–,Grace White,None reported,Yes,449995,115
1252,Cadillac,Escalade Premium,2015,Gasoline,420.0HP 6.2L 8 Cylinder Engine Gasoline Fuel,6-Speed A/T,Black,Brown,At least 1 accident or damage reported,Yes,35999,71000
1253,Acura,RDX Technology Package,2020,Gasoline,2.0L I4 16V GDI DOHC Turbo,10-Speed Automatic,Silver,Ebony,None reported,Yes,36570,31015
1254,BMW,X2 xDrive28i,2022,Gasoline,228.0HP 2.0L 4 Cylinder Engine Gasoline Fuel,Transmission w/Dual Shift Mode,Orange,Black,None reported,Yes,29999,33000
1256,Buick,Verano Convenience,2013,E85 Flex Fuel,180.0HP 2.4L 4 Cylinder Engine Flex Fuel Capability,Transmission w/Dual Shift Mode,Silver,Gray,None reported,Yes,11995,68325
1257,Mercedes-Benz,AMG S 63 Base 4MATIC,2020,Gasoline,4.0L V8 32V GDI DOHC Twin Turbo,9-Speed Automatic,Magnetite Black Metallic,Black,None reported,,104900,20937
1258,RAM,2500 Tradesman,2021,Gasoline,410.0HP 6.4L 8 Cylinder Engine Gasoline Fuel,8-Speed A/T,Gray,Gray,At least 1 accident or damage reported,Yes,48000,34365
1259,Mercedes-Benz,Metris Base,2018,Gasoline,208.0HP 2.0L 4 Cylinder Engine Gasoline Fuel,Transmission w/Dual Shift Mode,Black,Black,None reported,Yes,44900,32000
1260,Land,Rover Range Rover Evoque S,2020,Gasoline,2.0 Liter,Automatic,Carpathian Grey Premium Metallic,Cloud,None reported,,36998,40237
1261,Volvo,XC90 T6 Inscription,2020,Gasoline,316.0HP 2.0L 4 Cylinder Engine Gasoline Fuel,A/T,Black,White,None reported,Yes,50000,22500
1262,Ford,Expedition King Ranch,2020,Gasoline,375.0HP 3.5L V6 Cylinder Engine Gasoline Fuel,10-Speed A/T,Black,Brown,At least 1 accident or damage reported,Yes,48999,58700
1263,Toyota,Highlander Hybrid Limited,2006,Hybrid,208.0HP 3.3L V6 Cylinder Engine Gas/Electric Hybrid,A/T,Gold,Beige,At least 1 accident or damage reported,Yes,5000,264893
1264,Toyota,Tundra SR5 Access Cab,2005,Gasoline,282.0HP 4.7L 8 Cylinder Engine Gasoline Fuel,5-Speed A/T,Blue,Gray,None reported,Yes,8500,209500
1265,Ford,Transit-350 Base,2023,Gasoline,310.0HP 3.5L V6 Cylinder Engine Gasoline Fuel,10-Speed A/T,Blue,Gray,None reported,Yes,87500,195
1266,Chevrolet,Express 3500 LT,2016,Diesel,260.0HP 6.6L 8 Cylinder Engine Diesel Fuel,6-Speed A/T,White,Gray,None reported,Yes,19500,120000
1267,Chevrolet,Bolt EUV Premier,2022,,200.0HP Electric Motor Electric Fuel System,A/T,Black,Blue,None reported,Yes,33000,14676
1268,Jeep,Wrangler Unlimited 4xe Sahara,2021,Hybrid,2.0L I4 16V GDI DOHC Turbo Hybrid,8-Speed Automatic,Bright White Clearcoat,Black,None reported,,42998,33704
1269,BMW,X7 xDrive40i,2023,Hybrid,375.0HP 3.0L Straight 6 Cylinder Engine Gasoline/Mild Electric Hybrid,8-Speed A/T,Black,Brown,None reported,Yes,87000,2950
1270,Mercedes-Benz,AMG GT 53 Base,2021,Gasoline,3.0L I6 24V GDI DOHC Turbo,9-Speed Automatic,–,–,None reported,Yes,87500,17994
1271,Toyota,Tundra Limited,2020,Gasoline,5.7L V8 32V MPFI DOHC,6-Speed Automatic,Gray,Black,None reported,Yes,45423,44101
1272,BMW,X1 xDrive28i,2021,Gasoline,228.0HP 2.0L 4 Cylinder Engine Gasoline Fuel,Transmission w/Dual Shift Mode,Gray,Black,None reported,Yes,32000,25918
1273,BMW,135 i,2008,Gasoline,300.0HP 3.0L Straight 6 Cylinder Engine Gasoline Fuel,A/T,White,Beige,None reported,Yes,15300,87000
1274,Mazda,Mazda3 Touring,2018,Gasoline,184.0HP 2.5L 4 Cylinder Engine Gasoline Fuel,Transmission w/Dual Shift Mode,Blue,Black,None reported,Yes,20500,28333
1275,Audi,A7 3.0T Premium Plus,2018,Gasoline,340.0HP 3.0L V6 Cylinder Engine Gasoline Fuel,A/T,White,Beige,None reported,Yes,39999,29294
1276,Saturn,Sky Red Line,2008,Gasoline,260.0HP 2.0L 4 Cylinder Engine Gasoline Fuel,A/T,Blue,Black,None reported,Yes,14995,37000
1277,BMW,Z4 2.5i Roadster,2005,Gasoline,184.0HP 2.5L Straight 6 Cylinder Engine Gasoline Fuel,5-Speed A/T,White,Beige,None reported,Yes,9950,138000
1278,Volvo,XC90 Hybrid T8 Inscription,2020,Plug-In Hybrid,400.0HP 2.0L 4 Cylinder Engine Plug-In Electric/Gas,8-Speed A/T,Blue,Brown,None reported,Yes,65000,44487
1279,Acura,TLX A-Spec,2021,Gasoline,2.0L I4 16V GDI DOHC Turbo,10-Speed Automatic,Red,Ebony,None reported,Yes,38781,16878
1280,Acura,MDX w/Technology Package,2022,Gasoline,3.5L 24V SOHC I-VTEC V6,2,Majestic Black Pearl,Espresso,None reported,,46598,30177
1281,Chevrolet,Tahoe High Country,2021,Gasoline,420.0HP 6.2L 8 Cylinder Engine Gasoline Fuel,10-Speed A/T,Black,Black,At least 1 accident or damage reported,Yes,67100,53000
1282,Tesla,Model Y Long Range,2021,,425.0HP Electric Motor Electric Fuel System,A/T,White,White,None reported,Yes,42000,61308
1283,Mercedes-Benz,GLK-Class GLK 350,2013,Gasoline,302.0HP 3.5L V6 Cylinder Engine Gasoline Fuel,A/T,Silver,Black,,,11495,99200
1284,Chevrolet,Traverse LS,2022,Gasoline,3.6L V6 24V GDI DOHC,Automatic,Northsky Blue Metallic,Jet Black,None reported,,33299,32117
1285,BMW,550 Gran Turismo i,2013,Gasoline,445.0HP 4.4L 8 Cylinder Engine Gasoline Fuel,A/T,Gold,Brown,None reported,Yes,16800,79341
1286,Land,Rover Range Rover Sport HSE,2007,Gasoline,300.0HP 4.4L 8 Cylinder Engine Gasoline Fuel,A/T,White,Beige,None reported,Yes,5750,220000
1287,BMW,430 i xDrive,2021,Gasoline,255.0HP 2.0L 4 Cylinder Engine Gasoline Fuel,8-Speed A/T,Blue,White,None reported,Yes,43000,16900
1288,Porsche,Cayman Base,2007,Gasoline,245.0HP 2.7L Flat 6 Cylinder Engine Gasoline Fuel,M/T,Black,Gray,At least 1 accident or damage reported,Yes,24999,75137
1289,Ford,Expedition Max King Ranch,2021,Gasoline,3.5L V6 24V PDI DOHC Twin Turbo,10-Speed Automatic,Black,Mesa,None reported,Yes,62595,37594
1290,Rivian,R1S Adventure Package,2023,,835.0HP Electric Motor Electric Fuel System,A/T,Red,Black,,,94000,250
1291,Mercedes-Benz,GLC 300 GLC 300,2021,Gasoline,2.0 Liter Turbo,Automatic,Black,–,None reported,,42598,12771
1292,Ford,Mustang Shelby GT500,2012,Gasoline,550.0HP 5.4L 8 Cylinder Engine Gasoline Fuel,6-Speed M/T,Silver,Black,None reported,Yes,48000,6400
1293,Tesla,Model Y Long Range,2021,,425.0HP Electric Motor Electric Fuel System,1-Speed A/T,Black,Black,At least 1 accident or damage reported,Yes,36300,69548
1294,Nissan,370Z Base,2009,Gasoline,332.0HP 3.7L V6 Cylinder Engine Gasoline Fuel,7-Speed A/T,Silver,Black,None reported,Yes,15900,79893
1295,Toyota,Sequoia Platinum,2014,Gasoline,381.0HP 5.7L 8 Cylinder Engine Gasoline Fuel,A/T,Black,Gray,None reported,Yes,33000,124838
1296,Nissan,NV Passenger NV3500 HD SL V8,2020,Gasoline,375.0HP 5.6L 8 Cylinder Engine Gasoline Fuel,A/T,Black,Gray,None reported,Yes,63900,14353
1297,Ford,Transit Connect XL w/Rear Symmetrical Doors,2022,Gasoline,169.0HP 2.5L 4 Cylinder Engine Gasoline Fuel,A/T,White,Gray,None reported,Yes,33500,22985
1298,INFINITI,QX80 Base,2014,Gasoline,400.0HP 5.6L 8 Cylinder Engine Gasoline Fuel,7-Speed A/T,White,Beige,None reported,Yes,18900,161894
1299,Aston,Martin V8 Vantage Base,2008,Gasoline,380.0HP 4.3L 8 Cylinder Engine Gasoline Fuel,6-Speed A/T,White,Black,At least 1 accident or damage reported,Yes,39000,25025
1300,Porsche,911 Carrera S,2017,Gasoline,3.0 Liter,–,Red,–,None reported,,107998,16701
1301,Lotus,Evora 400 Base,2017,Gasoline,400.0HP 3.5L V6 Cylinder Engine Gasoline Fuel,6-Speed M/T,Silver,Red,None reported,Yes,69250,19650
1302,Land,Rover Range Rover Velar P250 S R-Dynamic,2020,Gasoline,247.0HP 2.0L 4 Cylinder Engine Gasoline Fuel,A/T,Red,White,None reported,Yes,45000,29500
1303,Nissan,Xterra S,2007,Gasoline,261.0HP 4.0L V6 Cylinder Engine Gasoline Fuel,M/T,Gray,Gray,At least 1 accident or damage reported,Yes,6700,132272
1304,Dodge,Charger R/T,2012,Gasoline,370.0HP 5.7L 8 Cylinder Engine Gasoline Fuel,5-Speed A/T,White,Black,At least 1 accident or damage reported,Yes,13500,122000
1305,Buick,Encore GX Essence,2022,Gasoline,1.3L I3 12V GDI DOHC Turbo,Automatic CVT,Summit White,Whisper Beige,None reported,,31755,18185
1306,Nissan,Leaf S,2018,,147.0HP Electric Motor Electric Fuel System,A/T,Black,Black,At least 1 accident or damage reported,Yes,13999,56450
1307,Nissan,Leaf SL,2012,,107.0HP Electric Motor Electric Fuel System,1-Speed A/T,Silver,Gray,None reported,Yes,4200,102000
1308,Jeep,Grand Wagoneer Series III,2022,Gasoline,6.4 Liter,Automatic,Baltic Gray,Black,None reported,,83998,18428
1309,Nissan,Z Proto Spec,2023,Gasoline,400.0HP 3.0L V6 Cylinder Engine Gasoline Fuel,6-Speed M/T,Yellow,Black,None reported,Yes,65990,535
1310,Land,Rover Range Rover Sport HSE,2013,Gasoline,"5L V-8 gasoline direct injection, DOHC, variable valve control,","Auto, 6-Spd w/CmdShft",Fuji White,–,None reported,,15900,81648
1311,Porsche,Boxster S,2003,Gasoline,3.2L H6 24V MPFI DOHC,6-Speed Manual,Silver,Black,At least 1 accident or damage reported,Yes,22550,138202
1312,Bentley,Continental GT Base,2004,Gasoline,550.0HP 6.0L 12 Cylinder Engine Gasoline Fuel,A/T,Silver,Black,None reported,Yes,37900,69600
1313,Jaguar,F-TYPE R,2018,Gasoline,550.0HP 5.0L 8 Cylinder Engine Gasoline Fuel,8-Speed A/T,White,Black,None reported,Yes,53600,39900
1314,Cadillac,Escalade ESV Sport,2021,Gasoline,420.0HP 6.2L 8 Cylinder Engine Gasoline Fuel,Transmission w/Dual Shift Mode,White,Black,None reported,Yes,85000,36500
1315,Audi,TT 2.0T,2018,Gasoline,220.0HP 2.0L 4 Cylinder Engine Gasoline Fuel,Transmission w/Dual Shift Mode,Gray,Black,None reported,Yes,31990,42650
1316,Jeep,Wrangler Unlimited Sahara,2020,Gasoline,2.0L I4 16V GDI DOHC Turbo,8-Speed Automatic,Black Clearcoat,Black,None reported,Yes,35297,68816
1317,Audi,S6 4.0T,2016,Gasoline,450.0HP 4.0L 8 Cylinder Engine Gasoline Fuel,7-Speed A/T,Black,Black,None reported,Yes,29995,91188
1318,GMC,Sierra 2500 SLE,2015,E85 Flex Fuel,360.0HP 6.0L 8 Cylinder Engine Flex Fuel Capability,Transmission Overdrive Switch,Black,Beige,None reported,Yes,31900,116210
1319,Tesla,Model 3 Long Range,2022,,Dual Motor - Standard,Automatic,Silver,Black,None reported,,44998,3077
1320,Mazda,CX-90 Premium,2024,Gasoline,2.5L,8-Speed Automatic,Machine Gray Metallic,Black,None reported,Yes,52991,3880
1321,Ford,C-Max Energi SE,2017,Plug-In Hybrid,188.0HP 2.0L 4 Cylinder Engine Plug-In Electric/Gas,CVT Transmission,Gray,Black,At least 1 accident or damage reported,Yes,11499,67482
1322,Cadillac,Escalade ESV Platinum,2018,Gasoline,420.0HP 6.2L 8 Cylinder Engine Gasoline Fuel,10-Speed A/T,Black,Black,None reported,Yes,52000,67726
1323,Audi,TT 3.2 Cabriolet quattro,2008,Gasoline,250.0HP 3.2L V6 Cylinder Engine Gasoline Fuel,6-Speed M/T,Black,Black,At least 1 accident or damage reported,Yes,10500,207000
1324,Hyundai,Santa Fe SE,2021,Gasoline,2.5L I4 16V PDI DOHC,8-Speed Automatic,Twilight Black,Black,At least 1 accident or damage reported,Yes,25987,35550
1325,Mercedes-Benz,AMG GLE AMG GLE 63 S-Model 4MATIC,2016,Gasoline,577.0HP 5.5L 8 Cylinder Engine Gasoline Fuel,7-Speed A/T,Black,Black,None reported,Yes,46599,44000
1326,Mercedes-Benz,SL-Class SL 550,2015,Gasoline,429.0HP 4.7L 8 Cylinder Engine Gasoline Fuel,7-Speed A/T,White,Beige,None reported,Yes,54500,11249
1327,Acura,MDX 3.5L Technology Package,2014,Gasoline,290.0HP 3.5L V6 Cylinder Engine Gasoline Fuel,6-Speed A/T,Green,Beige,At least 1 accident or damage reported,Yes,17500,111650
1328,RAM,2500 Laramie,2019,Diesel,6.7L I6 24V DDI OHV Turbo Diesel,6-Speed Automatic,Pearl White,Black,None reported,,67999,18526
1329,Audi,A7 Premium,2012,Gasoline,310.0HP 3.0L V6 Cylinder Engine Gasoline Fuel,8-Speed A/T,Black,Brown,None reported,Yes,15500,103272
1330,BMW,M2 Base,2023,Gasoline,453.0HP 3.0L Straight 6 Cylinder Engine Gasoline Fuel,6-Speed M/T,Gray,Black,None reported,Yes,73600,1160
1331,RAM,1500 Laramie,2019,Gasoline,5.7L V8 16V MPFI OHV,8-Speed Automatic,Diamond Black,Black,None reported,Yes,34918,107714
1332,Audi,Q5 2.0T Premium Plus,2013,Gasoline,211.0HP 2.0L 4 Cylinder Engine Gasoline Fuel,8-Speed A/T,Brown,Beige,None reported,Yes,17000,111773
1333,Cadillac,XTS Luxury,2019,Gasoline,304.0HP 3.6L V6 Cylinder Engine Gasoline Fuel,A/T,Black,Beige,At least 1 accident or damage reported,Yes,22500,54002
1334,Volkswagen,Jetta 1.4T SE,2016,Gasoline,150.0HP 1.4L 4 Cylinder Engine Gasoline Fuel,Transmission w/Dual Shift Mode,Gray,Gray,At least 1 accident or damage reported,Yes,13000,87000
1335,Ford,Focus RS Base,2016,Gasoline,350.0HP 2.3L 4 Cylinder Engine Gasoline Fuel,6-Speed M/T,Blue,Black,None reported,Yes,31700,49700
1336,Mercedes-Benz,AMG C 63 S,2017,Gasoline,503.0HP 4.0L 8 Cylinder Engine Gasoline Fuel,7-Speed A/T,Gray,Black,None reported,Yes,64600,34500
1337,Ford,Bronco Sport Big Bend,2021,Gasoline,1.5L I3 12V PDI DOHC Turbo,8-Speed Automatic,Maroon,Medium Dark Slate,At least 1 accident or damage reported,Yes,29614,31729
1338,Jeep,Gladiator Overland,2021,Gasoline,3.6L V6 24V MPFI DOHC,8-Speed Automatic,Firecracker Red Clearcoat,Black,None reported,Yes,43663,7388
1339,BMW,330e iPerformance,2017,Plug-In Hybrid,247.0HP 2.0L 4 Cylinder Engine Plug-In Electric/Gas,Transmission w/Dual Shift Mode,Silver,Black,None reported,Yes,20995,41550
1340,Mercedes-Benz,GLC 300 Base 4MATIC,2018,Gasoline,2.0L I4 16V GDI DOHC Turbo,9-Speed Automatic,Gray,Black,None reported,,25625,44486
1341,Acura,MDX 3.7L Advance,2013,Gasoline,300.0HP 3.7L V6 Cylinder Engine Gasoline Fuel,6-Speed A/T,Black,Black,None reported,Yes,33000,20750
1342,Genesis,G70 3.3T,2022,Gasoline,365.0HP 3.3L V6 Cylinder Engine Gasoline Fuel,8-Speed A/T,Green,Beige,None reported,Yes,41000,12000
1343,Lexus,LX 570 Three-Row,2021,Gasoline,383.0HP 5.7L 8 Cylinder Engine Gasoline Fuel,A/T,Black,Black,None reported,Yes,98000,14206
1344,Jeep,Grand Cherokee L Limited,2022,Gasoline,293.0HP 3.6L V6 Cylinder Engine Gasoline Fuel,A/T,Gray,Black,None reported,Yes,43500,31700
1345,Hyundai,IONIQ Plug-In Hybrid SEL,2022,Plug-In Hybrid,139.0HP 1.6L 4 Cylinder Engine Plug-In Electric/Gas,A/T,Blue,Gray,At least 1 accident or damage reported,Yes,24999,13044
1346,Kia,Sportage LX,2009,Gasoline,173.0HP 2.7L V6 Cylinder Engine Gasoline Fuel,A/T,Gold,Gold,None reported,Yes,6975,100730
1347,BMW,X5 PHEV xDrive45e,2023,Plug-In Hybrid,389.0HP 3.0L Straight 6 Cylinder Engine Plug-In Electric/Gas,8-Speed A/T,Blue,White,None reported,Yes,76500,5338
1348,Ford,Expedition EL XLT,2014,Gasoline,5.4 Liter,Automatic,Oxford White,Camel Leather,None reported,,23598,85149
1349,BMW,X6 M Base,2018,Gasoline,567.0HP 4.4L 8 Cylinder Engine Gasoline Fuel,Transmission w/Dual Shift Mode,Gray,Brown,None reported,Yes,67250,48291
1350,Volkswagen,Eurovan MV,2001,Gasoline,140.0HP 2.8L V6 Cylinder Engine Gasoline Fuel,A/T,Blue,Gray,None reported,Yes,14000,111887
1351,Rolls-Royce,Ghost Base,2010,Gasoline,563.0HP 6.6L 12 Cylinder Engine Gasoline Fuel,8-Speed A/T,Silver,Black,None reported,Yes,69000,79000
1352,Lincoln,Navigator Reserve,2016,Gasoline,380.0HP 3.5L V6 Cylinder Engine Gasoline Fuel,Transmission w/Dual Shift Mode,Gray,Beige,None reported,Yes,26500,125000
1353,Mercedes-Benz,GLA 250 Base 4MATIC,2022,Gasoline,221.0HP 2.0L 4 Cylinder Engine Gasoline Fuel,8-Speed A/T,Black,Black,At least 1 accident or damage reported,Yes,39777,13777
1354,RAM,1500 Big Horn,2022,Gasoline,3.6L V6 24V MPFI DOHC,Automatic,Diamond Black,Black,None reported,Yes,41741,14920
1355,Jeep,Grand Cherokee L Summit,2022,Gasoline,3.6L V6 24V MPFI DOHC,Automatic,Diamond Black,Tupelo,None reported,,56740,14627
1356,Volvo,S80 3.2,2010,Gasoline,235.0HP 3.2L Straight 6 Cylinder Engine Gasoline Fuel,A/T,Brown,Beige,None reported,Yes,5800,90050
1357,Subaru,BRZ Premium,2014,Gasoline,200.0HP 2.0L 4 Cylinder Engine Gasoline Fuel,6-Speed M/T,Blue,Black,At least 1 accident or damage reported,Yes,25000,45000
1358,Chevrolet,Corvette Base,1998,Gasoline,340.0HP 5.7L 8 Cylinder Engine Gasoline Fuel,4-Speed A/T,Red,Black,None reported,Yes,39500,7666
1359,Hummer,H2 SUT,2006,Gasoline,325.0HP 6.0L 8 Cylinder Engine Gasoline Fuel,4-Speed A/T,Red,Beige,None reported,Yes,29994,89900
1360,Audi,RS 7 4.0T,2021,Hybrid,4.0 Liter TFSI,Automatic,Glacier White,Black/Red,None reported,,101998,14724
1361,Ford,Edge Sport,2011,Gasoline,305.0HP 3.7L V6 Cylinder Engine Gasoline Fuel,Transmission w/Dual Shift Mode,Black,Black,At least 1 accident or damage reported,Yes,10999,132000
1362,GMC,Terrain SLT,2010,Gasoline,182.0HP 2.4L 4 Cylinder Engine Gasoline Fuel,6-Speed A/T,Red,Brown,None reported,Yes,6500,32652
1363,Land,Rover Range Rover 5.0L Supercharged Autobiography LWB,2018,Gasoline,518.0HP 5.0L 8 Cylinder Engine Gasoline Fuel,8-Speed A/T,Blue,Blue,,,72567,36632
1364,Jeep,Grand Cherokee WK Laredo X,2022,Gasoline,293.0HP 3.6L V6 Cylinder Engine Gasoline Fuel,8-Speed A/T,Black,Black,None reported,Yes,37500,11164
1365,BMW,M4 Base,2020,Gasoline,425.0HP 3.0L Straight 6 Cylinder Engine Gasoline Fuel,7-Speed A/T,Silver,Black,None reported,Yes,63999,22655
1366,Mercedes-Benz,AMG GT 63 S 4-Door,2019,Gasoline,630.0HP 4.0L 8 Cylinder Engine Gasoline Fuel,Transmission w/Dual Shift Mode,Gray,Gray,None reported,Yes,135000,9500
1367,Chevrolet,Camaro 1LT,2021,Gasoline,335.0HP 3.6L V6 Cylinder Engine Gasoline Fuel,M/T,Black,Black,None reported,Yes,29900,10300
1368,BMW,X6 M Base,2018,Gasoline,567.0HP 4.4L 8 Cylinder Engine Gasoline Fuel,8-Speed A/T,Blue,Black,None reported,Yes,54000,48000
1369,Mercedes-Benz,CLK-Class 550,2007,Gasoline,382.0HP 5.5L 8 Cylinder Engine Gasoline Fuel,7-Speed A/T,Silver,Black,At least 1 accident or damage reported,Yes,10000,138000
1370,RAM,1500 TRX,2022,Gasoline,"HEMI 6.2L V-8 intercooled supercharger, premium unleaded, engine","Automatic, 8-Spd",Flame Red Clearcoat,BLACK,None reported,,81900,24058
1371,Audi,RS 7 4.0T Prestige,2016,Gasoline,560.0HP 4.0L 8 Cylinder Engine Gasoline Fuel,8-Speed A/T,Gray,Black,None reported,Yes,67000,31500
1372,Porsche,Macan S,2020,Gasoline,3.0 Liter,Automatic,–,–,None reported,,55998,19701
1373,Genesis,GV70 3.5T Sport,2022,Gasoline,375.0HP 3.5L V6 Cylinder Engine Gasoline Fuel,A/T,White,Black,None reported,Yes,50500,10200
1374,Aston,Martin V8 Vantage Base,2008,Gasoline,380.0HP 4.3L 8 Cylinder Engine Gasoline Fuel,M/T,Red,Beige,At least 1 accident or damage reported,Yes,33995,62378
1375,Nissan,350Z Touring,2006,Gasoline,300.0HP 3.5L V6 Cylinder Engine Gasoline Fuel,6-Speed M/T,Silver,Gray,None reported,Yes,10200,84200
1376,Toyota,Sequoia SR5,2013,E85 Flex Fuel,381.0HP 5.7L 8 Cylinder Engine Flex Fuel Capability,A/T,White,Gray,At least 1 accident or damage reported,Yes,18800,138700
1377,Chevrolet,Tahoe Premier,2021,Gasoline,355.0HP 5.3L 8 Cylinder Engine Gasoline Fuel,10-Speed A/T,Gray,Gray,None reported,Yes,62900,41050
1378,Jeep,Compass Limited,2020,Gasoline,2.4L I4 16V MPFI SOHC,9-Speed Automatic,White Clearcoat,Black,None reported,,24590,39192
1379,BMW,430 430i,2022,Gasoline,2.0 Liter Turbo,Automatic,Black,Black,None reported,,47998,7758
1380,Ford,Bronco Sport Outer Banks,2021,Gasoline,1.5L I3 12V PDI DOHC Turbo,8-Speed Automatic,Rapid Red Metallic Tinted Clearcoat,Navy Pier,None reported,,33410,31654
1381,Mercedes-Benz,AMG C 63 Base,2017,Gasoline,469.0HP 4.0L 8 Cylinder Engine Gasoline Fuel,A/T,White,Black,At least 1 accident or damage reported,Yes,42000,63000
1382,Volvo,S40 T5,2005,Gasoline,218.0HP 2.5L 5 Cylinder Engine Gasoline Fuel,6-Speed M/T,Red,Beige,None reported,Yes,3550,257700
1383,Mercedes-Benz,GLE 350 Base 4MATIC,2017,Gasoline,302.0HP 3.5L V6 Cylinder Engine Gasoline Fuel,7-Speed A/T,White,Black,At least 1 accident or damage reported,Yes,29500,57000
1384,Chevrolet,Silverado 1500 1LT,2017,Gasoline,355.0HP 5.3L 8 Cylinder Engine Gasoline Fuel,6-Speed A/T,Gray,Gray,None reported,Yes,29999,89000
1385,Chevrolet,Tahoe LTZ,2015,Gasoline,355.0HP 5.3L 8 Cylinder Engine Gasoline Fuel,A/T,Black,Black,None reported,Yes,28000,134500
1386,Acura,MDX Technology,2022,Gasoline,3.5L V6 24V GDI SOHC,10-Speed Automatic,Majestic Black Pearl,Parchment,None reported,,47950,15895
1387,Bentley,Bentayga Speed,2020,Gasoline,6.0L W12 48V PDI DOHC Twin Turbo,8-Speed Automatic,Ice,Beluga Hide,,,162950,15109
1388,Rolls-Royce,Cullinan,2022,Gasoline,6.7L V12 48V GDI DOHC Twin Turbo,8-Speed Automatic,Silver,Charles Blue,None reported,Yes,695000,398
1389,Genesis,GV70 2.5T,2022,Gasoline,300.0HP 2.5L 4 Cylinder Engine Gasoline Fuel,Transmission w/Dual Shift Mode,White,Black,None reported,Yes,44249,20319
1390,Pontiac,Firebird Base,1999,Gasoline,200.0HP 3.8L V6 Cylinder Engine Gasoline Fuel,4-Speed A/T,White,Black,At least 1 accident or damage reported,Yes,2500,158000
1391,Lexus,GX 460 Base,2021,Gasoline,4.6 Liter,Automatic,Black,Black,None reported,,51998,40906
1392,BMW,ALPINA B7 ALPINA B7 xDrive,2020,Gasoline,4.4 Liter Twin Turbo,Automatic,Blue,Red,None reported,,85998,33749
1393,BMW,M4 Competition xDrive,2023,Gasoline,503.0HP 3.0L Straight 6 Cylinder Engine Gasoline Fuel,8-Speed A/T,Gray,White,None reported,Yes,92900,1120
1394,Jeep,Grand Cherokee L Limited,2021,Gasoline,3.6L V6 24V MPFI DOHC,8-Speed Automatic,Silver Zynith,Global Black,None reported,,38383,26088
1395,Kia,Forte GT-Line,2022,Gasoline,147.0HP 2.0L 4 Cylinder Engine Gasoline Fuel,A/T,Silver,Gray,At least 1 accident or damage reported,Yes,24000,14950
1396,Kia,Forte LX,2018,Gasoline,"2L I-4 DOHC, D-CVVT variable valve control, engine with 147HP",Automatic,Silky Silver,Black,None reported,,14699,47466
1397,BMW,X6 M Base,2022,Gasoline,4.4L V8 32V GDI DOHC Twin Turbo,8-Speed Automatic,Ametrin Metallic,Black,None reported,,98900,10376
1398,RAM,ProMaster 3500 High Roof,2021,Gasoline,280.0HP 3.6L V6 Cylinder Engine Gasoline Fuel,A/T,White,Black,None reported,Yes,41950,18500
1399,Volkswagen,Atlas Cross Sport 3.6L V6 SEL Premium,2021,Gasoline,3.6L V6 24V GDI DOHC,8-Speed Automatic,Deep Black Pearl Effect,Titan Black / Quarzit,None reported,,38322,24596
1400,Hyundai,Santa Fe SEL,2021,Gasoline,2.5L I4 16V PDI DOHC,8-Speed Automatic,Shimmering Silver,Black,None reported,,27599,2905
1401,Jaguar,XF 3.0 Portfolio,2015,Gasoline,340.0HP 3.0L V6 Cylinder Engine Gasoline Fuel,A/T,Brown,Black,At least 1 accident or damage reported,Yes,21000,71290
1402,Audi,A7 55 Premium Plus,2022,Hybrid,335.0HP 3.0L V6 Cylinder Engine Gasoline/Mild Electric Hybrid,A/T,Gray,Black,None reported,Yes,63000,15000
1403,INFINITI,QX30 Premium,2017,Gasoline,208.0HP 2.0L 4 Cylinder Engine Gasoline Fuel,7-Speed A/T,Gray,Black,None reported,Yes,22000,37900
1404,Mercedes-Benz,AMG G 63 4MATIC,2022,Gasoline,577.0HP 4.0L 8 Cylinder Engine Gasoline Fuel,Transmission w/Dual Shift Mode,Black,Black,,,244896,2000
1405,Mercedes-Benz,AMG C 43 AMG C 43 4MATIC,2019,Gasoline,385.0HP 3.0L V6 Cylinder Engine Gasoline Fuel,9-Speed A/T,Black,Black,None reported,Yes,43500,32500
1406,Mitsubishi,Lancer Evolution Base,2003,Gasoline,271.0HP 2.0L 4 Cylinder Engine Gasoline Fuel,5-Speed M/T,Blue,Black,At least 1 accident or damage reported,Yes,28000,61491
1407,Jeep,Wrangler Unlimited Sport,2013,Gasoline,3.6L V6 24V MPFI DOHC,5-Speed Automatic,Gecko Pearlcoat,Black,None reported,,24590,77634
1408,Audi,A3 2.0 TDI Premium Plus,2015,Diesel,150.0HP 2.0L 4 Cylinder Engine Diesel Fuel,6-Speed A/T,Black,Black,At least 1 accident or damage reported,Yes,18999,83000
1409,Volkswagen,Jetta GLX VR6,2002,Gasoline,174.0HP 2.8L V6 Cylinder Engine Gasoline Fuel,5-Speed M/T,Black,Black,None reported,Yes,4300,121800
1410,BMW,ALPINA B7 ALPINA B7 xDrive,2020,Gasoline,4.4 Liter Twin Turbo,Automatic,Black,Mocha,None reported,,68998,65852
1411,Bentley,Bentayga Azure First Edition,2023,Gasoline,4.0L V8 32V GDI DOHC Twin Turbo,8-Speed Automatic,Onyx,Portland,None reported,Yes,272950,1335
1412,Mercedes-Benz,CLA-Class CLA 250,2014,Gasoline,208.0HP 2.0L 4 Cylinder Engine Gasoline Fuel,A/T,White,White,None reported,Yes,15000,83315
1413,BMW,i8 Base,2019,Plug-In Hybrid,369.0HP 1.5L 3 Cylinder Engine Plug-In Electric/Gas,6-Speed A/T,Black,Black,,,85000,18421
1414,Lexus,CT 200h Premium,2015,Hybrid,134.0HP 1.8L 4 Cylinder Engine Gas/Electric Hybrid,A/T,Black,Black,At least 1 accident or damage reported,Yes,16500,101000
1415,Toyota,Tundra SR5,2022,Gasoline,3.4L V6 24V PDI DOHC Twin Turbo,10-Speed Automatic,Gray,Black,None reported,,44999,29322
1416,Mercedes-Benz,SLC 300 Base,2019,Gasoline,241.0HP 2.0L 4 Cylinder Engine Gasoline Fuel,9-Speed A/T,White,Black,None reported,Yes,35999,23900
1417,Mercedes-Benz,AMG C AMG C 63 S,2016,Gasoline,4.0L V8 32V GDI DOHC Twin Turbo,7-Speed Automatic,Black,Black,At least 1 accident or damage reported,,47999,40515
1418,Ford,F-150 XLT,2020,Gasoline,3.5L V6 24V PDI DOHC Twin Turbo,Automatic,Gray,Medium Light Camel,None reported,Yes,36994,67516
1419,Mazda,CX-9 Grand Touring,2010,Gasoline,273.0HP 3.7L V6 Cylinder Engine Gasoline Fuel,6-Speed A/T,Silver,Black,None reported,Yes,8300,155000
1420,Honda,Ridgeline RTL-E,2019,Gasoline,3.5L V6 24V GDI SOHC,6-Speed Automatic,Black,Black,None reported,,35557,26998
1421,Bentley,Bentayga Onyx Edition,2018,Gasoline,600.0HP 6.0L 12 Cylinder Engine Gasoline Fuel,8-Speed A/T,Black,Brown,None reported,Yes,115000,18500
1422,MINI,Cooper S Clubman Base,2009,Gasoline,172.0HP 1.6L 4 Cylinder Engine Gasoline Fuel,6-Speed M/T,Gold,Black,None reported,Yes,6880,137600
1423,Nissan,Murano SL,2005,Gasoline,245.0HP 3.5L V6 Cylinder Engine Gasoline Fuel,CVT Transmission,Black,Beige,None reported,Yes,3950,125500
1424,Bentley,Bentayga V8,2019,Gasoline,542.0HP 4.0L 8 Cylinder Engine Gasoline Fuel,8-Speed A/T,White,Black,None reported,Yes,113990,22039
1425,Nissan,Juke SV,2011,Gasoline,188.0HP 1.6L 4 Cylinder Engine Gasoline Fuel,CVT Transmission,White,Gray,None reported,Yes,3200,137483
1426,Ford,Expedition Max Limited,2019,Gasoline,375.0HP 3.5L V6 Cylinder Engine Gasoline Fuel,10-Speed A/T,Gray,Black,None reported,Yes,40500,67500
1427,Ford,Expedition Max King Ranch,2020,Gasoline,375.0HP 3.5L V6 Cylinder Engine Gasoline Fuel,10-Speed A/T,Gray,Brown,At least 1 accident or damage reported,Yes,53722,52000
1428,Lamborghini,Murcielago Base,2006,Gasoline,571.0HP 6.2L 12 Cylinder Engine Gasoline Fuel,A/T,Red,Black,None reported,Yes,259000,10000
1429,Chevrolet,Suburban LT,2017,Gasoline,355.0HP 5.3L 8 Cylinder Engine Gasoline Fuel,Transmission Overdrive Switch,Black,Black,At least 1 accident or damage reported,Yes,26000,195361
1430,Bentley,Bentayga Onyx Edition,2018,Gasoline,600.0HP 6.0L 12 Cylinder Engine Gasoline Fuel,A/T,Black,Beige,At least 1 accident or damage reported,Yes,103000,32500
1431,BMW,M760 i xDrive,2019,Gasoline,601.0HP 6.6L 12 Cylinder Engine Gasoline Fuel,Transmission w/Dual Shift Mode,Black,Black,At least 1 accident or damage reported,Yes,81330,14806
1432,Genesis,GV70 2.5T,2022,Gasoline,300.0HP 2.5L 4 Cylinder Engine Gasoline Fuel,A/T,White,–,At least 1 accident or damage reported,Yes,48950,11000
1433,Chevrolet,Tahoe LT,2011,E85 Flex Fuel,320.0HP 5.3L 8 Cylinder Engine Flex Fuel Capability,A/T,Red,Black,At least 1 accident or damage reported,Yes,18500,92530
1434,Dodge,Durango GT,2017,Gasoline,295.0HP 3.6L V6 Cylinder Engine Gasoline Fuel,A/T,White,Black,At least 1 accident or damage reported,Yes,30000,34845
1435,Porsche,718 Cayman GTS,2018,Gasoline,365.0HP 2.5L 4 Cylinder Engine Gasoline Fuel,Transmission w/Dual Shift Mode,Red,Black,None reported,Yes,85500,16280
1436,Porsche,Cayman Base,2011,Gasoline,265.0HP 2.9L Flat 6 Cylinder Engine Gasoline Fuel,A/T,Red,Beige,None reported,Yes,32000,77000
1437,Porsche,Panamera Turbo,2010,Gasoline,500.0HP 4.8L 8 Cylinder Engine Gasoline Fuel,7-Speed A/T,Black,Beige,At least 1 accident or damage reported,Yes,38500,63000
1438,Lexus,ES 350 Base,2016,Gasoline,268.0HP 3.5L V6 Cylinder Engine Gasoline Fuel,6-Speed A/T,White,Beige,None reported,Yes,25500,39700
1439,Kia,Optima Hybrid LX,2013,Hybrid,199.0HP 2.4L 4 Cylinder Engine Gas/Electric Hybrid,A/T,Silver,Beige,At least 1 accident or damage reported,Yes,9200,103111
1440,Land,Rover Range Rover Velar R-Dynamic SE,2019,Gasoline,2.0 Liter,Automatic,Black,Black,None reported,,35998,75897
1441,Jaguar,XF S,2017,Gasoline,380.0HP 3.0L V6 Cylinder Engine Gasoline Fuel,Transmission w/Dual Shift Mode,Gray,Red,None reported,Yes,34000,55000
1442,Lexus,GX 470 Base,2005,Gasoline,270.0HP 4.7L 8 Cylinder Engine Gasoline Fuel,A/T,Silver,Gray,At least 1 accident or damage reported,Yes,13450,114000
1443,Mercedes-Benz,GL-Class GL 550,2011,Gasoline,382.0HP 5.5L 8 Cylinder Engine Gasoline Fuel,7-Speed A/T,Black,Black,None reported,Yes,17500,80124
1444,BMW,X6 M Base,2023,Gasoline,600.0HP 4.4L 8 Cylinder Engine Gasoline Fuel,Transmission w/Dual Shift Mode,Gray,Gray,None reported,Yes,144900,7000
1445,RAM,1500 Longhorn,2023,Gasoline,5.7L V8 16V MPFI OHV,Automatic,Delmonico Red Pearlcoat,Black / Saddle,None reported,Yes,65688,4285
1446,Lamborghini,Huracan LP580-2S,2019,Gasoline,5.2L V10 40V GDI DOHC,7-Speed Automatic with Auto-Shift,Rosso Mars Metallic,Nero Ade,None reported,,234900,17175
1447,Toyota,Highlander Hybrid Limited Platinum,2017,Hybrid,3.5L V6 24V PDI DOHC Hybrid,Automatic CVT,Shoreline Blue Pearl,Ash,None reported,,37999,34049
1448,Audi,e-tron Prestige,2019,,355.0HP Electric Motor Electric Fuel System,A/T,White,Beige,At least 1 accident or damage reported,Yes,39990,16000
1449,GMC,Suburban 2500,1996,Gasoline,290.0HP 7.4L 8 Cylinder Engine Gasoline Fuel,4-Speed A/T,White,Gray,None reported,Yes,25000,95000
1450,Land,Rover Range Rover Velar SVAutobiography Dynamic Edition,2020,Gasoline,V8,Automatic,Santorini Black,Ebony / Pimento,None reported,Yes,72995,59355
1451,Chevrolet,Bolt EUV Premier,2022,,200.0HP Electric Motor Electric Fuel System,1-Speed A/T,Red,White,None reported,Yes,36000,31000
1452,BMW,M240 i,2019,Gasoline,335.0HP 3.0L Straight 6 Cylinder Engine Gasoline Fuel,8-Speed A/T,White,Red,None reported,Yes,36000,19300
1453,Cadillac,Escalade EXT Base,2009,E85 Flex Fuel,403.0HP 6.2L 8 Cylinder Engine Flex Fuel Capability,6-Speed A/T,Red,Beige,At least 1 accident or damage reported,Yes,16900,155000
1454,Scion,tC Release Series 6.0,2010,Gasoline,161.0HP 2.4L 4 Cylinder Engine Gasoline Fuel,4-Speed A/T,Gray,Black,At least 1 accident or damage reported,Yes,6500,120010
1455,Kia,Optima EX,2012,Gasoline,200.0HP 2.4L 4 Cylinder Engine Gasoline Fuel,6-Speed A/T,White,Beige,None reported,Yes,10900,152520
1456,Honda,Civic EX,1993,–,–,A/T,White,Beige,None reported,Yes,9599,58981
1457,Maserati,Quattroporte Base,2005,Gasoline,394.0HP 4.2L 8 Cylinder Engine Gasoline Fuel,Transmission w/Dual Shift Mode,Red,Beige,At least 1 accident or damage reported,Yes,2954083,32000
1458,Porsche,Panamera Turbo,2015,Gasoline,520.0HP 4.8L 8 Cylinder Engine Gasoline Fuel,Transmission w/Dual Shift Mode,Black,Brown,None reported,Yes,50000,47000
1459,Genesis,G70 2.0T,2023,Gasoline,252.0HP 2.0L 4 Cylinder Engine Gasoline Fuel,8-Speed A/T,Green,Gray,None reported,Yes,43499,2046
1460,Chevrolet,Trailblazer LS,2021,Gasoline,1.2L I3 12V GDI DOHC Turbo,Automatic CVT,Mosaic Black Metallic,Jet Black,At least 1 accident or damage reported,Yes,22995,24965
1461,Toyota,Camry LE,2005,Gasoline,160.0HP 2.4L 4 Cylinder Engine Gasoline Fuel,5-Speed A/T,Beige,Gray,None reported,Yes,7850,108000
1462,Toyota,Sienna LE,2015,Gasoline,266.0HP 3.5L V6 Cylinder Engine Gasoline Fuel,A/T,Red,Gray,None reported,Yes,18300,76000
1463,Porsche,911 Carrera S,2014,Gasoline,400.0HP 3.8L Flat 6 Cylinder Engine Gasoline Fuel,7-Speed A/T,Black,Brown,None reported,Yes,78500,30000
1464,Volvo,V60 T6 R-Design Platinum,2015,Gasoline,325.0HP 3.0L Straight 6 Cylinder Engine Gasoline Fuel,6-Speed A/T,Blue,Black,None reported,Yes,29900,59271
1465,Lexus,LX 600 Premium,2023,Gasoline,409.0HP 3.4L V6 Cylinder Engine Gasoline Fuel,10-Speed A/T,Gray,Black,,,119500,1500
1466,BMW,330e iPerformance,2017,Plug-In Hybrid,247.0HP 2.0L 4 Cylinder Engine Plug-In Electric/Gas,Transmission w/Dual Shift Mode,Blue,Black,At least 1 accident or damage reported,Yes,24950,52500
1467,Tesla,Model Y Long Range,2020,,425.0HP Electric Motor Electric Fuel System,A/T,Blue,White,None reported,Yes,36495,23100
1468,FIAT,124 Spider Abarth,2017,Gasoline,164.0HP 1.4L 4 Cylinder Engine Gasoline Fuel,6-Speed M/T,Gray,Black,At least 1 accident or damage reported,Yes,22500,45000
1469,Dodge,Ram 1500 Quad Cab,2002,Gasoline,245.0HP 5.9L 8 Cylinder Engine Gasoline Fuel,A/T,Black,Black,At least 1 accident or damage reported,Yes,6500,179000
1470,Toyota,Supra A91-MT Edition,2023,Gasoline,382.0HP 3.0L Straight 6 Cylinder Engine Gasoline Fuel,6-Speed M/T,Gray,Orange,None reported,Yes,84900,1500
1471,BMW,X7 xDrive40i,2022,Hybrid,3.0 Liter Turbo,Automatic,Gray,Blk,None reported,,66998,38671
1472,Jeep,Wrangler Unlimited X,2007,Gasoline,205.0HP 3.8L V6 Cylinder Engine Gasoline Fuel,A/T,Black,Gray,None reported,Yes,15750,135465
1473,MINI,Countryman Cooper S ALL4,2014,Gasoline,181.0HP 1.6L 4 Cylinder Engine Gasoline Fuel,Transmission w/Dual Shift Mode,White,Black,None reported,Yes,17000,79000
1474,Nissan,Maxima SV,2012,Gasoline,290.0HP 3.5L V6 Cylinder Engine Gasoline Fuel,CVT Transmission,Black,Black,At least 1 accident or damage reported,Yes,17000,42259
1475,Toyota,Camry Solara SLE V6,2006,Gasoline,225.0HP 3.3L V6 Cylinder Engine Gasoline Fuel,A/T,Blue,Gray,At least 1 accident or damage reported,Yes,6500,159890
1476,Maserati,Grecale Modena,2023,Hybrid,325.0HP 2.0L 4 Cylinder Engine Gasoline/Mild Electric Hybrid,Transmission w/Dual Shift Mode,Black,Red,None reported,Yes,75000,2200
1477,Lexus,RX 450h Base,2022,Hybrid,308.0HP 3.5L V6 Cylinder Engine Gas/Electric Hybrid,CVT Transmission,White,Beige,None reported,Yes,52000,15833
1478,BMW,328 i xDrive,2013,Gasoline,240.0HP 2.0L 4 Cylinder Engine Gasoline Fuel,Transmission w/Dual Shift Mode,Black,Black,At least 1 accident or damage reported,Yes,13500,96000
1479,BMW,135 i,2009,Gasoline,300.0HP 3.0L Straight 6 Cylinder Engine Gasoline Fuel,6-Speed A/T,Gray,Gray,None reported,Yes,15500,72900
1480,BMW,X7 M50i,2021,Gasoline,4.4 Liter Twin Turbo,Automatic,Gray,Black,None reported,,94998,7121
1481,Hyundai,Tucson Hybrid SEL Convenience,2023,Hybrid,226.0HP 1.6L 4 Cylinder Engine Gas/Electric Hybrid,A/T,White,Black,None reported,Yes,44000,3402
1482,Volvo,C30 T5 Premier Plus,2013,Gasoline,227.0HP 2.5L 5 Cylinder Engine Gasoline Fuel,A/T,Silver,Black,None reported,Yes,13900,73000
1483,Karma,Revero Base,2018,,403.0HP 2.0L Electric Motor Electric Fuel System,A/T,White,Black,None reported,Yes,51000,21000
1484,BMW,X7 xDrive40i,2021,Hybrid,3.0 Liter Turbo,Automatic,Blue,Tan,None reported,,63598,30309
1485,Ford,Mustang Mach-E California Route 1,2021,,290.0HP Electric Motor Electric Fuel System,1-Speed A/T,White,Black,None reported,Yes,38000,24000
1486,BMW,740 i,2016,Gasoline,320.0HP 3.0L Straight 6 Cylinder Engine Gasoline Fuel,Transmission w/Dual Shift Mode,Black,Black,None reported,Yes,23999,73000
1487,Ford,Edge SEL,2019,Gasoline,2.0L I4 16V GDI DOHC Turbo,8-Speed Automatic,White Platinum Tri-Coat Metallic,Ebony,None reported,,24998,26465
1488,Volkswagen,Arteon 2.0T SEL Premium R-Line,2020,Gasoline,2.0L I4 16V GDI DOHC Turbo,8-Speed Automatic,Deep Black Pearl Effect,Mistral Gray / Raven,At least 1 accident or damage reported,Yes,34645,26870
1489,Honda,Pilot EX,2004,Gasoline,240.0HP 3.5L V6 Cylinder Engine Gasoline Fuel,A/T,Blue,Gray,At least 1 accident or damage reported,Yes,10500,184000
1490,BMW,X7 ALPINA XB7,2022,Gasoline,4.4 Liter Twin Turbo,Automatic,Gray,Black,None reported,,132998,4514
1491,RAM,2500 Tradesman,2022,Gasoline,410.0HP 6.4L 8 Cylinder Engine Gasoline Fuel,8-Speed A/T,Red,Black,None reported,Yes,48000,1300
1492,Jeep,Grand Cherokee Limited,2018,Gasoline,293.0HP 3.6L V6 Cylinder Engine Gasoline Fuel,8-Speed A/T,White,Black,None reported,Yes,26500,49924
1493,GMC,Yukon Denali,2019,Gasoline,420.0HP 6.2L 8 Cylinder Engine Gasoline Fuel,10-Speed A/T,Red,Black,None reported,Yes,57850,36526
1494,BMW,M6 Base,2015,Gasoline,560.0HP 4.4L 8 Cylinder Engine Gasoline Fuel,Transmission w/Dual Shift Mode,Silver,Silver,None reported,Yes,45950,37000
1495,Acura,MDX 3.5L w/Advance & Entertainment Pkgs,2017,Gasoline,3.5L V6 24V GDI SOHC,9-Speed Automatic,Gray,Graystone,At least 1 accident or damage reported,,24840,79884
1496,Volkswagen,Beetle 1.8T,2016,Gasoline,170.0HP 1.8L 4 Cylinder Engine Gasoline Fuel,Transmission w/Dual Shift Mode,Blue,Beige,At least 1 accident or damage reported,Yes,19000,30000
1497,BMW,X6 M Base,2021,Gasoline,600.0HP 4.4L 8 Cylinder Engine Gasoline Fuel,8-Speed A/T,Black,Black,None reported,Yes,101000,11102
1498,Ford,Mustang GT Premium,2012,Gasoline,412.0HP 5.0L 8 Cylinder Engine Gasoline Fuel,6-Speed M/T,Silver,Black,None reported,Yes,19000,105500
1499,BMW,X7 xDrive50i,2019,Gasoline,4.4 Liter GDI DOHC Twin Turbo,Automatic,Black,Blk,None reported,,65998,31157
1500,Kia,Sorento LX V6,2019,Gasoline,3.3L V6 24V GDI DOHC,8-Speed Automatic,Sparkling Silver,Satin Black,At least 1 accident or damage reported,,20708,86204
1501,BMW,435 i,2014,Gasoline,300.0HP 3.0L Straight 6 Cylinder Engine Gasoline Fuel,A/T,Gray,Red,At least 1 accident or damage reported,Yes,17995,80211
1502,Aston,Martin V8 Vantage Base,2010,Gasoline,420.0HP 4.7L 8 Cylinder Engine Gasoline Fuel,6-Speed A/T,Silver,Black,None reported,Yes,69995,25991
1503,Mercedes-Benz,CLK-Class CLK 350,2008,Gasoline,268.0HP 3.5L V6 Cylinder Engine Gasoline Fuel,7-Speed A/T,Black,Black,None reported,Yes,8400,73000
1504,BMW,740 i,2018,Gasoline,320.0HP 3.0L Straight 6 Cylinder Engine Gasoline Fuel,8-Speed A/T,Black,Gold,None reported,Yes,35000,40989
1505,Dodge,Caliber Express,2010,Gasoline,158.0HP 2.0L 4 Cylinder Engine Gasoline Fuel,M/T,Red,Black,None reported,Yes,6000,102681
1506,Acura,ZDX Base,2010,Gasoline,300.0HP 3.7L V6 Cylinder Engine Gasoline Fuel,Transmission w/Dual Shift Mode,Black,Black,At least 1 accident or damage reported,Yes,13888,123000
1507,Jeep,Wrangler X,2005,Gasoline,190.0HP 4.0L Straight 6 Cylinder Engine Gasoline Fuel,4-Speed A/T,Black,–,At least 1 accident or damage reported,Yes,7200,160900
1508,BMW,M3 Base,2011,Gasoline,414.0HP 4.0L 8 Cylinder Engine Gasoline Fuel,6-Speed M/T,Silver,Black,At least 1 accident or damage reported,Yes,21900,105000
1509,Kia,Sportage Plug-In Hybrid X-Line,2023,Plug-In Hybrid,177.0HP 1.6L 4 Cylinder Engine Plug-In Electric/Gas,A/T,Black,Black,None reported,Yes,41000,1340
1510,Ford,Mustang Mach-E Premium,2021,,266.0HP Electric Motor Electric Fuel System,A/T,Red,Black,None reported,Yes,41999,17850
1511,BMW,M3 Base,2011,Gasoline,414.0HP 4.0L 8 Cylinder Engine Gasoline Fuel,Transmission w/Dual Shift Mode,Gray,Red,None reported,Yes,34950,72277
1512,Jeep,Wrangler Rubicon,2023,Hybrid,285.0HP 3.6L V6 Cylinder Engine Gasoline/Mild Electric Hybrid,8-Speed A/T,Gray,Black,None reported,Yes,46000,7000
1513,Porsche,Panamera 4 Platinum Edition,2022,Gasoline,"2.9L V-6 gasoline direct injection, DOHC, variable valve control","Automatic, 8-Spd PDK Dual-Clutch",Chalk,BLACK,None reported,,99000,10627
1514,Ford,Explorer XLT,2020,Gasoline,2.3L I4 16V GDI DOHC Turbo,10-Speed Automatic,Oxford White,Sandstone,None reported,,28590,67015
1515,BMW,M4 Base,2018,Gasoline,425.0HP 3.0L Straight 6 Cylinder Engine Gasoline Fuel,7-Speed A/T,Black,Black,At least 1 accident or damage reported,Yes,62000,19600
1516,Ford,Mustang Mach-E Premium,2022,,346.0HP Electric Motor Electric Fuel System,1-Speed A/T,White,White,None reported,Yes,42500,5800
1517,FIAT,500e Battery Electric,2017,,111.0HP Electric Motor Electric Fuel System,1-Speed A/T,Silver,Black,None reported,Yes,14999,33812
1518,Cadillac,Escalade Luxury,2015,Gasoline,420.0HP 6.2L 8 Cylinder Engine Gasoline Fuel,8-Speed A/T,Black,Black,None reported,Yes,26950,99897
1519,Mercedes-Benz,SL-Class SL 550,2014,Gasoline,429.0HP 4.7L 8 Cylinder Engine Gasoline Fuel,Transmission w/Dual Shift Mode,White,White,None reported,Yes,29000,127500
1520,Ford,Expedition Limited,2021,Gasoline,3.5L V6 24V PDI DOHC Twin Turbo,10-Speed Automatic,Gray,Medium Stone,None reported,Yes,59203,23842
1521,Rivian,R1S Adventure Package,2023,,835.0HP Electric Motor Electric Fuel System,1-Speed A/T,Silver,White,None reported,Yes,91000,2108
1522,BMW,M6 Base,2014,Gasoline,560.0HP 4.4L 8 Cylinder Engine Gasoline Fuel,Transmission w/Dual Shift Mode,Black,Black,None reported,Yes,39985,65550
1523,Lamborghini,Huracan LP580-2,2017,Gasoline,573.0HP 5.2L 10 Cylinder Engine Gasoline Fuel,Transmission w/Dual Shift Mode,White,Black,None reported,Yes,210000,22000
1524,Ford,Bronco Wildtrak Advanced,2022,Gasoline,315.0HP 2.7L V6 Cylinder Engine Gasoline Fuel,Transmission w/Dual Shift Mode,Gray,–,At least 1 accident or damage reported,Yes,68995,15600
1525,Lexus,LC 500 Base,2021,Gasoline,471.0HP 5.0L 8 Cylinder Engine Gasoline Fuel,A/T,White,Red,None reported,Yes,81900,22400
1526,Lexus,LS 460 Crafted Line,2015,Gasoline,360.0HP 4.6L 8 Cylinder Engine Gasoline Fuel,A/T,White,Black,None reported,Yes,31900,89150
1527,BMW,M4 Base,2023,Gasoline,"3L I-6 gasoline direct injection, DOHC, Double VANOS variable va","Automatic, 8-Spd M STEPTRONIC w/Drivelogic, Sport & Manual Modes",BLUE,ORANGE,None reported,,81000,15000
1528,Audi,A3 2.0T Tech Premium,2018,Gasoline,220.0HP 2.0L 4 Cylinder Engine Gasoline Fuel,6-Speed A/T,Blue,Gray,None reported,Yes,25000,49500
1529,Audi,S8 4.2 quattro,2003,Gasoline,360.0HP 4.2L 8 Cylinder Engine Gasoline Fuel,Transmission w/Dual Shift Mode,Gray,Black,,,13850,126000
1530,Volkswagen,Golf GTI 2.0T Autobahn 4-Door,2015,Gasoline,210.0HP 2.0L 4 Cylinder Engine Gasoline Fuel,6-Speed M/T,Gray,Black,None reported,Yes,15550,85385
1531,Cadillac,Escalade Sport,2023,Diesel,277.0HP 3.0L Straight 6 Cylinder Engine Diesel Fuel,A/T,White,Brown,None reported,Yes,123999,3000
1532,Hyundai,Tucson SE,2018,Gasoline,2.0L I4 16V GDI DOHC,6-Speed Automatic,Dazzling White,Gray,None reported,,19190,66126
1533,Toyota,GR86 Premium,2023,Gasoline,228.0HP 2.4L 4 Cylinder Engine Gasoline Fuel,6-Speed M/T,White,Black,None reported,Yes,35000,1075
1534,Ford,Bronco Raptor,2023,Gasoline,3.0L V6 24V GDI DOHC Twin Turbo,10-Speed Automatic,Oxford White,Black Onyx,None reported,,98900,2489
1535,Hyundai,Santa Fe SEL,2021,Gasoline,191.0HP 2.5L 4 Cylinder Engine Gasoline Fuel,8-Speed A/T,Black,Gray,None reported,Yes,28500,25000
1536,Nissan,Armada Platinum,2017,Gasoline,390.0HP 5.6L 8 Cylinder Engine Gasoline Fuel,7-Speed A/T,Black,Black,None reported,Yes,20900,92000
1537,Lexus,GX 470 Base,2008,Gasoline,263.0HP 4.7L 8 Cylinder Engine Gasoline Fuel,A/T,White,Gray,At least 1 accident or damage reported,Yes,14500,123500
1538,Cadillac,CTS Premium,2013,Gasoline,318.0HP 3.6L V6 Cylinder Engine Gasoline Fuel,6-Speed A/T,Black,Black,At least 1 accident or damage reported,Yes,12000,105000
1539,Audi,R8 Base,2008,Gasoline,420.0HP 4.2L 8 Cylinder Engine Gasoline Fuel,6-Speed M/T,Black,Black,None reported,Yes,63000,49000
1540,Jaguar,F-PACE S,2020,Gasoline,3.0 Liter,Automatic,Santorini Black Metallic,Pimento Red w/Ebony,None reported,,47598,28357
1541,Chevrolet,Silverado 1500 1LT,2018,E85 Flex Fuel,285.0HP 4.3L V6 Cylinder Engine Flex Fuel Capability,A/T,Red,Gray,None reported,Yes,32000,81000
1542,Ford,Expedition Limited,2021,Gasoline,375.0HP 3.5L V6 Cylinder Engine Gasoline Fuel,Transmission w/Dual Shift Mode,Gray,Black,None reported,Yes,52000,45000
1543,Toyota,Sequoia Platinum,2011,E85 Flex Fuel,381.0HP 5.7L 8 Cylinder Engine Flex Fuel Capability,6-Speed A/T,Black,Gray,At least 1 accident or damage reported,Yes,16000,173456
1545,Audi,A8 L 55,2019,Hybrid,335.0HP 3.0L V6 Cylinder Engine Gasoline/Mild Electric Hybrid,A/T,Silver,Brown,None reported,Yes,42500,93400
1546,Toyota,Avalon XLE,2015,Gasoline,268.0HP 3.5L V6 Cylinder Engine Gasoline Fuel,6-Speed A/T,White,Beige,None reported,Yes,18200,90000
1547,Porsche,Macan Base,2017,Gasoline,252.0HP 2.0L 4 Cylinder Engine Gasoline Fuel,7-Speed A/T,Gray,Black,None reported,Yes,32000,40600
1548,Lexus,IS 350 F Sport,2023,Gasoline,311.0HP 3.5L V6 Cylinder Engine Gasoline Fuel,8-Speed A/T,Gray,Red,None reported,Yes,47124,20121
1549,Mercedes-Benz,Metris Base,2020,Gasoline,2.0L I4 16V GDI DOHC Turbo,7-Speed Automatic,Black,White,None reported,Yes,175000,3921
1550,Lexus,RX 350 Base,2011,Gasoline,275.0HP 3.5L V6 Cylinder Engine Gasoline Fuel,A/T,Silver,Beige,At least 1 accident or damage reported,Yes,10400,187450
1551,Toyota,Supra A91 Edition,2021,Gasoline,382.0HP 3.0L Straight 6 Cylinder Engine Gasoline Fuel,Transmission w/Dual Shift Mode,Gray,Black,None reported,Yes,68000,6400
1552,Mercedes-Benz,AMG C 43 Base 4MATIC,2017,Gasoline,362.0HP 3.0L V6 Cylinder Engine Gasoline Fuel,9-Speed A/T,White,Black,None reported,Yes,37995,54500
1553,BMW,X6 xDrive50i,2017,Gasoline,445.0HP 4.4L 8 Cylinder Engine Gasoline Fuel,8-Speed A/T,Red,Brown,At least 1 accident or damage reported,Yes,42000,78500
1554,Chevrolet,Tahoe LT,2018,Gasoline,355.0HP 5.3L 8 Cylinder Engine Gasoline Fuel,6-Speed A/T,Silver,Black,None reported,Yes,36000,75000
1555,Ford,F-150 SVT Raptor,2014,Gasoline,411.0HP 6.2L 8 Cylinder Engine Gasoline Fuel,A/T,Red,Red,At least 1 accident or damage reported,Yes,42500,89988
1556,Subaru,Outback 3.0 R VDC Limited,2005,Gasoline,250.0HP 3.0L Flat 6 Cylinder Engine Gasoline Fuel,A/T,Gold,Beige,None reported,Yes,7100,107000
1557,Alfa,Romeo Giulia Ti,2019,Gasoline,280.0HP 2.0L 4 Cylinder Engine Gasoline Fuel,8-Speed A/T,White,Black,None reported,Yes,28500,21400
1558,Mazda,CX-7 Grand Touring,2007,Gasoline,244.0HP 2.3L 4 Cylinder Engine Gasoline Fuel,6-Speed A/T,White,Beige,None reported,Yes,6950,83150
1559,Ford,F-150 Platinum,2018,Diesel,250.0HP 3.0L V6 Cylinder Engine Diesel Fuel,10-Speed A/T,Black,Black,At least 1 accident or damage reported,Yes,36500,92000
1560,Mercedes-Benz,GLE 350 Base 4MATIC,2021,Gasoline,2.0L I4 16V GDI DOHC Turbo,9-Speed Automatic,Selenite Gray Metallic,Macchiato,None reported,,54599,15042
1561,Audi,A7 3.0T Premium Plus,2017,Gasoline,333.0HP 3.0L V6 Cylinder Engine Gasoline Fuel,Transmission w/Dual Shift Mode,Black,Black,At least 1 accident or damage reported,Yes,35000,39000
1562,RAM,2500 Laramie,2017,Gasoline,410.0HP 6.4L 8 Cylinder Engine Gasoline Fuel,6-Speed A/T,Brown,Beige,At least 1 accident or damage reported,Yes,46500,67483
1563,Tesla,Model S 70D,2015,,329.0HP Electric Motor Electric Fuel System,A/T,Black,Beige,None reported,Yes,29975,62089
1564,Audi,S8 4.0T Plus,2017,Gasoline,605.0HP 4.0L 8 Cylinder Engine Gasoline Fuel,8-Speed A/T,Black,Black,None reported,Yes,53500,54300
1565,Hyundai,Sonata Hybrid Limited,2022,Hybrid,192.0HP 2.0L 4 Cylinder Engine Gas/Electric Hybrid,A/T,Gray,Black,None reported,Yes,29000,30565
1566,Audi,A8 L 4.0T,2016,Gasoline,450.0HP 4.0L 8 Cylinder Engine Gasoline Fuel,8-Speed A/T,Black,Black,At least 1 accident or damage reported,Yes,22000,142666
1567,Ford,Ranger Sport SuperCab,2009,Gasoline,207.0HP 4.0L V6 Cylinder Engine Gasoline Fuel,A/T,Blue,Gray,At least 1 accident or damage reported,Yes,6999,166200
1568,INFINITI,Q50 Hybrid Premium,2015,Hybrid,354.0HP 3.5L V6 Cylinder Engine Gas/Electric Hybrid,7-Speed A/T,Gray,Black,At least 1 accident or damage reported,Yes,19977,88977
1569,BMW,M3 Base,2011,Gasoline,414.0HP 4.0L 8 Cylinder Engine Gasoline Fuel,Transmission w/Dual Shift Mode,White,Beige,None reported,Yes,20990,114890
1570,Mercedes-Benz,E-Class E 350 4MATIC,2009,Gasoline,268.0HP 3.5L V6 Cylinder Engine Gasoline Fuel,5-Speed A/T,Black,Black,At least 1 accident or damage reported,Yes,4750,171000
1571,Ford,Explorer sport,2019,Gasoline,3.5L V6 24V GDI DOHC Twin Turbo,6-Speed Automatic,Black,Ebony Black,None reported,,28590,90067
1572,Chevrolet,Camaro 1LT,2014,Gasoline,323.0HP 3.6L V6 Cylinder Engine Gasoline Fuel,Transmission w/Dual Shift Mode,Black,Black,At least 1 accident or damage reported,Yes,15000,97579
1573,Mazda,MX-5 Miata RF Grand Touring,2017,Gasoline,155.0HP 2.0L 4 Cylinder Engine Gasoline Fuel,6-Speed M/T,Black,Black,At least 1 accident or damage reported,Yes,20500,52000
1574,Jeep,Grand Cherokee L Limited,2021,Gasoline,3.6L V6 24V MPFI DOHC,8-Speed Automatic,Metallic,Global Black,None reported,,38405,25968
1575,MINI,Hardtop Cooper S,2016,Gasoline,189.0HP 2.0L 4 Cylinder Engine Gasoline Fuel,6-Speed A/T,Silver,Black,None reported,Yes,17495,41680
1576,Saab,9-3 SE,2002,Gasoline,205.0HP 2.0L 4 Cylinder Engine Gasoline Fuel,5-Speed M/T,Black,Beige,None reported,Yes,7500,77200
1577,BMW,X5 xDrive40i,2019,Gasoline,335.0HP 3.0L Straight 6 Cylinder Engine Gasoline Fuel,8-Speed A/T,Blue,Gold,None reported,Yes,43000,50000
1578,Porsche,Macan,2021,Gasoline,2.0 Liter,Automatic,White,–,None reported,,58998,21613
1579,Audi,Q3 S line Premium Plus,2022,Gasoline,2.0 Liter TFSI,Automatic,Glacier White,Pearl Beige,None reported,,39998,17377
1580,GMC,Acadia SLE,2020,Gasoline,2.5L I4 16V GDI DOHC,9-Speed Automatic,Ebony Twilight Metallic,Jet Black,,,29645,30426
1581,Audi,allroad 2.7T,2005,Gasoline,250.0HP 2.7L V6 Cylinder Engine Gasoline Fuel,M/T,Blue,Blue,At least 1 accident or damage reported,Yes,6500,153000
1582,Mercury,Marauder Base,2004,Gasoline,302.0HP 4.6L 8 Cylinder Engine Gasoline Fuel,Transmission Overdrive Switch,Silver,Black,None reported,Yes,23000,56600
1583,Hyundai,Genesis 3.8,2015,Gasoline,311.0HP 3.8L V6 Cylinder Engine Gasoline Fuel,8-Speed A/T,White,White,At least 1 accident or damage reported,Yes,12700,116612
1584,Audi,SQ5 3.0T Premium Plus,2018,Gasoline,354.0HP 3.0L V6 Cylinder Engine Gasoline Fuel,A/T,Blue,Black,At least 1 accident or damage reported,Yes,30000,72000
1585,Audi,A8 L 55,2019,Hybrid,335.0HP 3.0L V6 Cylinder Engine Gasoline/Mild Electric Hybrid,8-Speed A/T,Black,Brown,None reported,Yes,50000,39000
1586,Lincoln,Navigator Base,2008,Gasoline,300.0HP 5.4L 8 Cylinder Engine Gasoline Fuel,A/T,Gold,Beige,None reported,Yes,10099,149000
1587,BMW,M4 Base,2018,Gasoline,425.0HP 3.0L Straight 6 Cylinder Engine Gasoline Fuel,6-Speed M/T,White,Silver,None reported,Yes,64000,19300
1588,Mazda,CX-9 Carbon Edition,2021,Gasoline,2.5L I4 16V GDI DOHC Turbo,6-Speed Automatic,Polymetal Gray Metallic,Red,None reported,Yes,36969,27836
1589,Chevrolet,Corvette Stingray w/1LT,2023,Gasoline,490.0HP 6.2L 8 Cylinder Engine Gasoline Fuel,Transmission w/Dual Shift Mode,Black,Red,None reported,Yes,78999,3273
1590,Ford,F-150 Lariat,2017,Gasoline,375.0HP 3.5L V6 Cylinder Engine Gasoline Fuel,10-Speed A/T,White,–,None reported,Yes,36000,74349
1591,Ford,F-250 Lariat,2019,Diesel,450.0HP 6.7L 8 Cylinder Engine Diesel Fuel,6-Speed A/T,White,Black,At least 1 accident or damage reported,Yes,55000,85000
1592,Ferrari,Roma Base,2022,Gasoline,611.0HP 3.9L 8 Cylinder Engine Gasoline Fuel,8-Speed A/T,Gray,Blue,None reported,Yes,259500,2250
1593,Mercedes-Benz,GLS 450 Base 4MATIC,2017,Gasoline,362.0HP 3.0L V6 Cylinder Engine Gasoline Fuel,9-Speed A/T,Black,Beige,At least 1 accident or damage reported,Yes,33000,46100
1594,Hyundai,Santa Fe SEL Plus 2.4,2019,Gasoline,185.0HP 2.4L 4 Cylinder Engine Gasoline Fuel,8-Speed A/T,Silver,Gray,None reported,Yes,28000,49500
1595,Mercedes-Benz,E-Class E 350,2012,Gasoline,302.0HP 3.5L V6 Cylinder Engine Gasoline Fuel,7-Speed A/T,Black,Black,None reported,Yes,23500,31130
1596,Ford,F-250 XLT SuperCab Super Duty,2008,Diesel,350.0HP 6.4L 8 Cylinder Engine Diesel Fuel,A/T,Blue,Gray,At least 1 accident or damage reported,Yes,12240,149460
1597,Mercury,Marauder Base,2003,Gasoline,302.0HP 4.6L 8 Cylinder Engine Gasoline Fuel,4-Speed A/T,Blue,Beige,At least 1 accident or damage reported,Yes,15500,90000
1598,Ford,Transit-350 XLT,2021,E85 Flex Fuel,275.0HP 3.5L V6 Cylinder Engine Flex Fuel Capability,A/T,White,Gray,None reported,Yes,57000,48000
1599,Mercedes-Benz,C-Class C 300 4MATIC Sport,2013,Gasoline,248.0HP 3.5L V6 Cylinder Engine Gasoline Fuel,A/T,White,Beige,At least 1 accident or damage reported,Yes,15500,98000
1600,Volkswagen,Arteon SEL R-Line,2022,Gasoline,2.0 Liter TSI,Automatic,Oryx White Prl,Titan Black,None reported,,38698,18655
1601,Chevrolet,Suburban 2500 LS,2006,Gasoline,325.0HP 8.1L 8 Cylinder Engine Gasoline Fuel,A/T,Brown,Brown,At least 1 accident or damage reported,Yes,24950,60000
1602,Chevrolet,Suburban 1500 LT,2014,E85 Flex Fuel,320.0HP 5.3L 8 Cylinder Engine Flex Fuel Capability,A/T,Purple,Brown,None reported,Yes,15000,169500
1603,Mitsubishi,Eclipse GS,2008,Gasoline,162.0HP 2.4L 4 Cylinder Engine Gasoline Fuel,5-Speed M/T,Red,Black,None reported,Yes,6000,189500
1604,Toyota,Land Cruiser Base,2016,Gasoline,381.0HP 5.7L 8 Cylinder Engine Gasoline Fuel,A/T,Black,Brown,None reported,Yes,68500,91000
1605,Genesis,G80 2.5T,2022,Gasoline,2.5L I4 16V PDI DOHC Turbo,8-Speed Automatic,Black Forest Green,Black,None reported,,41299,7396
1606,Toyota,Tundra SR5 Access Cab,2004,Gasoline,240.0HP 4.7L 8 Cylinder Engine Gasoline Fuel,A/T,Gray,Gray,None reported,Yes,8250,229450
1607,Maserati,Quattroporte Modena Q4,2023,Gasoline,3.0L V6 24V GDI DOHC Twin Turbo,8-Speed Automatic,Blu,Tan,None reported,,125900,8603
1608,Audi,RS 5 4.2,2014,Gasoline,450.0HP 4.2L 8 Cylinder Engine Gasoline Fuel,Transmission w/Dual Shift Mode,White,Black,At least 1 accident or damage reported,Yes,44900,49098
1609,Nissan,Rogue S,2022,Gasoline,1.5L I3 12V GDI DOHC Turbo,Automatic CVT,Gun Metallic,Charcoal,None reported,,28906,21212
1610,Porsche,Panamera 4S,2010,Gasoline,400.0HP 4.8L 8 Cylinder Engine Gasoline Fuel,Transmission w/Dual Shift Mode,Silver,Gray,None reported,Yes,28600,62743
1611,BMW,M440 i xDrive,2021,Hybrid,382.0HP 3.0L Straight 6 Cylinder Engine Gasoline/Mild Electric Hybrid,8-Speed A/T,Gray,Beige,None reported,Yes,49999,24300
1612,Cadillac,Escalade Premium,2010,E85 Flex Fuel,403.0HP 6.2L 8 Cylinder Engine Flex Fuel Capability,A/T,Gray,–,None reported,Yes,19500,104000
1613,Volvo,S60 T6 Momentum,2020,Gasoline,2.0L I4 16V GDI DOHC,8-Speed Automatic,White,Charcoal,At least 1 accident or damage reported,Yes,27800,46250
1614,Mazda,CX-9 Touring Plus,2023,Gasoline,2.5L I4 16V GDI DOHC Turbo,6-Speed Automatic,Jet Black Mica,Black,At least 1 accident or damage reported,Yes,40655,1930
1615,Chrysler,Pacifica Hybrid Touring L,2022,Hybrid,3.6L V6 24V MPFI DOHC Hybrid,Automatic CVT,Bright White Clearcoat,Black,None reported,,35850,61494
1616,Jeep,Wrangler Unlimited Sport,2020,Gasoline,2.0L I4 16V GDI DOHC Turbo,8-Speed Automatic,Black Clearcoat,Black,None reported,Yes,35273,24040
1617,Toyota,Highlander Base,2001,Gasoline,220.0HP 3.0L V6 Cylinder Engine Gasoline Fuel,A/T,Beige,Beige,None reported,Yes,4300,231581
1618,Ford,F-150 Lariat,2019,Gasoline,375.0HP 3.5L V6 Cylinder Engine Gasoline Fuel,10-Speed A/T,Gray,Black,None reported,Yes,38500,81000
1619,Ford,Bronco,1974,–,–,–,Dark Gray Metallic,–,None reported,Yes,115000,6217
1620,Land,Rover Discovery Sport S R-Dynamic,2022,Gasoline,2.0 Liter,Automatic,Firenze Red,Ebony,None reported,,44998,23568
1621,Mazda,Mazda6 Touring,2020,Gasoline,187.0HP 2.5L 4 Cylinder Engine Gasoline Fuel,A/T,White,Black,None reported,Yes,18000,78700
1622,Kia,Optima EX,2015,Gasoline,192.0HP 2.4L 4 Cylinder Engine Gasoline Fuel,6-Speed A/T,Red,Black,At least 1 accident or damage reported,Yes,11900,109580
1623,Lexus,RX 350 Base,2009,Gasoline,270.0HP 3.5L V6 Cylinder Engine Gasoline Fuel,A/T,Gray,Gray,At least 1 accident or damage reported,Yes,4500,178000
1624,Mitsubishi,Outlander Sport 2.4 SE,2016,Gasoline,2.4L I4 16V MPFI DOHC,Automatic CVT,Black,Black,None reported,Yes,11970,131193
1625,Mercedes-Benz,GLS 450 Base 4MATIC,2017,Gasoline,362.0HP 3.0L V6 Cylinder Engine Gasoline Fuel,9-Speed A/T,White,Black,None reported,Yes,25900,106000
1626,Audi,A3 2.0T Premium,2019,Gasoline,184.0HP 2.0L 4 Cylinder Engine Gasoline Fuel,Transmission w/Dual Shift Mode,Gray,Black,At least 1 accident or damage reported,Yes,27500,28211
1627,Audi,A4 2.0T Premium,2015,E85 Flex Fuel,2.0L I4 16V GDI DOHC Turbo Flexible Fuel,8-Speed Automatic,Silver,Gray,None reported,,14998,91403
1628,Mercedes-Benz,CLA-Class CLA 250,2016,Gasoline,208.0HP 2.0L 4 Cylinder Engine Gasoline Fuel,A/T,Black,Black,At least 1 accident or damage reported,Yes,16800,88600
1629,INFINITI,FX50 Base,2011,Gasoline,390.0HP 5.0L 8 Cylinder Engine Gasoline Fuel,7-Speed A/T,Silver,Black,,,22450,84900
1630,Kia,K5 EX,2021,Gasoline,1.6L I4 16V GDI DOHC Turbo,8-Speed Automatic,Glacial White Pearl,Black,None reported,,28998,11154
1631,BMW,X5 eDrive xDrive40e,2018,Plug-In Hybrid,313.0HP 2.0L 4 Cylinder Engine Plug-In Electric/Gas,8-Speed A/T,Gray,Black,At least 1 accident or damage reported,Yes,30750,45090
1632,Mercedes-Benz,SLK-Class SLK230 Kompressor,2003,Gasoline,192.0HP 2.3L 4 Cylinder Engine Gasoline Fuel,A/T,Red,Gray,At least 1 accident or damage reported,Yes,11900,33272
1633,Jeep,Wrangler SE,2003,Gasoline,150.0HP 2.4L 4 Cylinder Engine Gasoline Fuel,5-Speed M/T,Red,Gray,None reported,Yes,12499,71000
1634,Kia,Telluride SX,2020,Gasoline,291.0HP 3.8L V6 Cylinder Engine Gasoline Fuel,8-Speed A/T,Green,White,,,36500,55400
1635,Land,Rover LR4 Lux,2012,Gasoline,375.0HP 5.0L 8 Cylinder Engine Gasoline Fuel,A/T,Black,Black,None reported,Yes,14490,141525
1636,Jaguar,XKR Base,2007,Gasoline,420.0HP 4.2L 8 Cylinder Engine Gasoline Fuel,Transmission w/Dual Shift Mode,Black,Beige,At least 1 accident or damage reported,Yes,21900,50000
1637,BMW,M4 Base,2020,Gasoline,425.0HP 3.0L Straight 6 Cylinder Engine Gasoline Fuel,M/T,Orange,Orange,None reported,Yes,71995,29140
1638,BMW,M340 i xDrive,2022,Hybrid,382.0HP 3.0L Straight 6 Cylinder Engine Gasoline/Mild Electric Hybrid,8-Speed A/T,White,Red,None reported,Yes,56900,9000
1639,Mercedes-Benz,AMG GLE 53 AMG GLE 53,2021,Hybrid,3.0 Liter Turbo,Automatic,designo Diamond White Metallic,Black,None reported,,83598,5595
1640,RAM,1500 Laramie,2022,Gasoline,5.7L V8 16V MPFI OHV,Automatic,Granite Crystal Clearcoat Metallic,Black,None reported,,48190,34121
1641,BMW,ALPINA B7 Base,2013,Gasoline,445.0HP 4.4L 8 Cylinder Engine Gasoline Fuel,A/T,Black,Black,None reported,Yes,35999,36750
1642,Mercedes-Benz,C-Class C280 4MATIC,2007,Gasoline,228.0HP 3.0L V6 Cylinder Engine Gasoline Fuel,A/T,White,–,None reported,Yes,12000,49626
1643,Jeep,Compass High Altitude,2017,Gasoline,172.0HP 2.4L 4 Cylinder Engine Gasoline Fuel,A/T,White,Beige,At least 1 accident or damage reported,Yes,16500,45000
1644,Toyota,Highlander Hybrid XLE,2019,Hybrid,306.0HP 3.5L V6 Cylinder Engine Gas/Electric Hybrid,A/T,Black,Gray,None reported,Yes,36000,69350
1645,BMW,X5 M Base,2022,Gasoline,4.4L V8 32V GDI DOHC Twin Turbo,8-Speed Automatic,Blue Metallic,Sakhir Orange,None reported,,98900,8307
1646,BMW,M3 Base,2023,Gasoline,3.0L I6 24V GDI DOHC Twin Turbo,6-Speed Manual,Isle of Man Green Metallic,Kyalami Orange,None reported,Yes,84645,4106
1647,BMW,M3 Base,1999,Gasoline,240.0HP 3.2L Straight 6 Cylinder Engine Gasoline Fuel,5-Speed M/T,Blue,Gray,None reported,Yes,36950,184700
1648,Maserati,Quattroporte S Q4 GranLusso,2018,Gasoline,424.0HP 3.0L V6 Cylinder Engine Gasoline Fuel,8-Speed A/T,White,Brown,None reported,Yes,41900,57500
1649,Acura,RDX Advance Package,2021,Gasoline,272.0HP 2.0L 4 Cylinder Engine Gasoline Fuel,10-Speed A/T,Black,Black,None reported,Yes,39650,29000
1650,Mercedes-Benz,GLA-Class GLA 250 4MATIC,2015,Gasoline,208.0HP 2.0L 4 Cylinder Engine Gasoline Fuel,Transmission w/Dual Shift Mode,Gray,Black,At least 1 accident or damage reported,Yes,19000,61675
1651,Mercedes-Benz,Sprinter 3500XD High Roof,2021,Diesel,188.0HP 3.0L V6 Cylinder Engine Diesel Fuel,7-Speed A/T,White,Black,None reported,Yes,45000,33300
1665,Ford,Mustang SVT Cobra,2003,Gasoline,390.0HP 4.6L 8 Cylinder Engine Gasoline Fuel,6-Speed M/T,Gray,Gray,,,24500,97496
1652,Cadillac,XTS Luxury,2014,Gasoline,304.0HP 3.6L V6 Cylinder Engine Gasoline Fuel,6-Speed A/T,Silver,Gray,At least 1 accident or damage reported,Yes,17498,62950
1653,Chevrolet,Camaro 2LT,2015,Gasoline,323.0HP 3.6L V6 Cylinder Engine Gasoline Fuel,Transmission w/Dual Shift Mode,Silver,Black,None reported,Yes,19750,56675
1654,Porsche,Cayenne S,2013,Gasoline,400.0HP 4.8L 8 Cylinder Engine Gasoline Fuel,8-Speed A/T,Green,Gray,None reported,Yes,23000,92000
1655,Dodge,Magnum R/T,2005,Gasoline,340.0HP 5.7L 8 Cylinder Engine Gasoline Fuel,5-Speed A/T,Gray,Gold,At least 1 accident or damage reported,Yes,12000,96000
1656,INFINITI,Q70 3.7X,2014,Gasoline,330.0HP 3.7L V6 Cylinder Engine Gasoline Fuel,7-Speed A/T,Black,Black,None reported,Yes,23000,33500
1657,Land,Rover Range Rover SV Autobiography Dynamic SWB,2020,Gasoline,557.0HP 5.0L 8 Cylinder Engine Gasoline Fuel,8-Speed A/T,White,White,None reported,Yes,112000,16754
1658,Toyota,Camry Hybrid Base,2007,Hybrid,147.0HP 2.4L 4 Cylinder Engine Gas/Electric Hybrid,A/T,Silver,Gray,At least 1 accident or damage reported,Yes,9250,53249
1659,GMC,Acadia SLT-1,2016,Gasoline,281.0HP 3.6L V6 Cylinder Engine Gasoline Fuel,A/T,Gold,Brown,None reported,Yes,12500,119000
1660,Lincoln,Corsair Reserve,2021,Gasoline,2.0L I4 16V GDI DOHC Turbo,8-Speed Automatic,Black,Sandstone,None reported,,36999,29336
1661,RAM,2500 SLT,2017,Diesel,350.0HP 6.7L Straight 6 Cylinder Engine Diesel Fuel,6-Speed A/T,Gray,Gray,At least 1 accident or damage reported,Yes,41000,86000
1662,RAM,3500 Laramie,2014,Diesel,385.0HP 6.7L Straight 6 Cylinder Engine Diesel Fuel,6-Speed A/T,Black,–,At least 1 accident or damage reported,Yes,40500,177000
1663,Mercedes-Benz,GL-Class GL 450 4MATIC,2013,Gasoline,362.0HP 4.6L 8 Cylinder Engine Gasoline Fuel,A/T,Black,Black,At least 1 accident or damage reported,Yes,15900,93500
1664,BMW,M5 Base,2018,Gasoline,600.0HP 4.4L 8 Cylinder Engine Gasoline Fuel,8-Speed A/T,Red,White,At least 1 accident or damage reported,Yes,54999,47700
1666,Acura,ILX Premium Package,2022,Gasoline,2.4L I4 16V GDI DOHC,8-Speed Automatic with Auto-Shift,Gray,Ebony,None reported,,26599,16120
1667,Buick,Rainier CXL,2005,Gasoline,275.0HP 4.2L Straight 6 Cylinder Engine Gasoline Fuel,A/T,White,Beige,At least 1 accident or damage reported,Yes,2800,147589
1668,Cadillac,Escalade Luxury,2013,E85 Flex Fuel,403.0HP 6.2L 8 Cylinder Engine Flex Fuel Capability,A/T,Black,Black,At least 1 accident or damage reported,Yes,22000,95570
1669,Mercedes-Benz,S-Class S 560,2018,Gasoline,463.0HP 4.0L 8 Cylinder Engine Gasoline Fuel,9-Speed A/T,Gray,Gray,None reported,Yes,52000,45791
1670,INFINITI,QX80 Base,2016,Gasoline,400.0HP 5.6L 8 Cylinder Engine Gasoline Fuel,7-Speed A/T,Silver,Beige,At least 1 accident or damage reported,Yes,25950,60000
1671,Buick,Encore Preferred,2019,Gasoline,138.0HP 1.4L 4 Cylinder Engine Gasoline Fuel,6-Speed A/T,White,Black,None reported,Yes,18795,50000
1672,Mercedes-Benz,GLS 450 Base 4MATIC,2019,Gasoline,3.0L V6 24V GDI DOHC Twin Turbo,9-Speed Automatic,Black,Almond Beige,None reported,,43999,33481
1673,Jeep,Liberty Limited,2010,Gasoline,210.0HP 3.7L V6 Cylinder Engine Gasoline Fuel,A/T,Gray,Gray,None reported,Yes,5900,107000
1674,Mercedes-Benz,S-Class S 63 AMG,2011,Gasoline,536.0HP 5.5L 8 Cylinder Engine Gasoline Fuel,Transmission w/Dual Shift Mode,White,Black,At least 1 accident or damage reported,Yes,37000,60000
1675,Audi,A8 L 3.0T,2016,Gasoline,333.0HP 3.0L V6 Cylinder Engine Gasoline Fuel,A/T,White,Brown,None reported,Yes,28000,55000
1676,Mazda,CX-30 2.5 S Select Package,2022,Gasoline,186.0HP 2.5L 4 Cylinder Engine Gasoline Fuel,6-Speed A/T,Black,Black,None reported,Yes,25500,4004
1677,Bentley,Continental GT Speed,2009,Gasoline,600.0HP 6.0L 12 Cylinder Engine Gasoline Fuel,6-Speed A/T,Blue,Beige,,,59400,57800
1678,Bentley,Continental GT V8,2022,Gasoline,4.0L V8 32V GDI DOHC Twin Turbo,8-Speed Automatic with Auto-Shift,Red,Black,None reported,Yes,217950,10972
1679,Bentley,Flying Spur V8,2022,Gasoline,4.0L V8 32V GDI DOHC Twin Turbo,8-Speed Automatic with Auto-Shift,–,–,None reported,Yes,197750,27858
1680,Porsche,911 Carrera 4S,2018,Gasoline,3.0 Liter,–,Silver,–,None reported,,106798,31678
1681,Volkswagen,Golf R 4-Door,2016,Gasoline,292.0HP 2.0L 4 Cylinder Engine Gasoline Fuel,6-Speed M/T,Blue,Black,None reported,Yes,29950,47144
1682,Hyundai,Genesis Coupe 3.8 Grand Touring,2011,Gasoline,306.0HP 3.8L V6 Cylinder Engine Gasoline Fuel,6-Speed A/T,Gray,Black,At least 1 accident or damage reported,Yes,4000,165454
1683,Ford,F-150 XLT,2018,Gasoline,375.0HP 3.5L V6 Cylinder Engine Gasoline Fuel,10-Speed A/T,White,–,At least 1 accident or damage reported,Yes,25500,98000
1684,Hyundai,Tucson Limited,2020,Gasoline,2.4L I4 16V GDI DOHC,6-Speed Automatic,Black Noir Pearl,Beige,None reported,,22749,39913
1685,Ford,Mustang V6,2013,Gasoline,305.0HP 3.7L V6 Cylinder Engine Gasoline Fuel,6-Speed A/T,Blue,Black,At least 1 accident or damage reported,Yes,12990,147191
1686,BMW,435 i,2014,Gasoline,300.0HP 3.0L Straight 6 Cylinder Engine Gasoline Fuel,8-Speed A/T,Silver,Black,None reported,Yes,25980,53600
1687,Dodge,Challenger R/T,2010,–,–,Transmission w/Dual Shift Mode,Purple,Black,None reported,Yes,17000,100100
1688,Mercedes-Benz,AMG G 63 Base,2020,Gasoline,577.0HP 4.0L 8 Cylinder Engine Gasoline Fuel,9-Speed A/T,Blue,Black,None reported,Yes,199995,1750
1689,Dodge,Challenger SRT Hellcat,2020,Gasoline,797.0HP 6.2L 8 Cylinder Engine Gasoline Fuel,8-Speed A/T,Orange,Black,None reported,Yes,104500,2750
1690,Porsche,Boxster Base,2013,Gasoline,265.0HP 2.7L Flat 6 Cylinder Engine Gasoline Fuel,7-Speed A/T,Brown,Beige,None reported,Yes,35500,40800
1691,Porsche,Macan Base,2018,Gasoline,2.0L I4 16V GDI DOHC Turbo,7-Speed Automatic with Auto-Shift,Volcano Grey Metallic,Black,At least 1 accident or damage reported,Yes,49500,36798
1692,Ford,F-250 XL,2021,Diesel,6.7L V8 32V DDI OHV Turbo Diesel,Automatic,White,Medium Earth Gray,,,49883,77699
1693,Ford,Mustang GT,2010,Gasoline,315.0HP 4.6L 8 Cylinder Engine Gasoline Fuel,A/T,Red,Black,At least 1 accident or damage reported,Yes,14900,87500
1694,Chevrolet,Suburban LT,2020,Gasoline,355.0HP 5.3L 8 Cylinder Engine Gasoline Fuel,A/T,Black,Black,None reported,Yes,38500,93000
1695,Mercedes-Benz,C-Class C 300 4MATIC,2018,Gasoline,2.0L I4 16V GDI DOHC Turbo,9-Speed Automatic,Black,Black,None reported,Yes,28251,41515
1696,RAM,1500 Classic Warlock,2019,E85 Flex Fuel,3.6L V6 24V MPFI DOHC Flexible Fuel,8-Speed Automatic,Diamond Black,Diesel Gray / Black,At least 1 accident or damage reported,,33242,19000
1697,Toyota,Sequoia SR5,2023,Hybrid,3.4L V6 24V PDI DOHC Twin Turbo Hybrid,Automatic,Green,Boulder,At least 1 accident or damage reported,Yes,76373,1539
1698,BMW,M5 Base,2018,Gasoline,600.0HP 4.4L 8 Cylinder Engine Gasoline Fuel,8-Speed A/T,Green,Black,At least 1 accident or damage reported,Yes,68000,31090
1699,Mazda,Mazda3 FWD w/Premium Package,2022,Gasoline,2.5L I4 16V,6-Speed Automatic,Soul Red Crystal Metallic,Black,None reported,,25099,21701
1700,Nissan,Rogue SL,2016,Gasoline,"2.5L I-4 DOHC, variable valve control, regular unleaded, engine",Variable,Gun Metallic,Charcoal,At least 1 accident or damage reported,,15998,97726
1701,Audi,A7 3.0T Prestige,2015,Diesel,240.0HP 3.0L V6 Cylinder Engine Diesel Fuel,8-Speed A/T,White,Gray,None reported,Yes,34000,73000
1702,Genesis,G80 3.8,2020,Gasoline,311.0HP 3.8L V6 Cylinder Engine Gasoline Fuel,A/T,Blue,Gray,None reported,Yes,31900,23600
1703,Rolls-Royce,Ghost Base,2016,Gasoline,563.0HP 6.6L 12 Cylinder Engine Gasoline Fuel,A/T,Black,Black,None reported,Yes,166900,8755
1704,BMW,M6 Gran Coupe Base,2019,Gasoline,560.0HP 4.4L 8 Cylinder Engine Gasoline Fuel,Transmission w/Dual Shift Mode,Blue,Black,None reported,Yes,67900,20500
1705,Ford,Mustang V6,2013,Gasoline,305.0HP 3.7L V6 Cylinder Engine Gasoline Fuel,6-Speed M/T,Black,Black,At least 1 accident or damage reported,Yes,18750,57912
1706,BMW,650 i,2009,Gasoline,360.0HP 4.8L 8 Cylinder Engine Gasoline Fuel,A/T,Black,Black,None reported,Yes,18500,35000
1707,Nissan,Leaf SV PLUS,2023,,214.0HP Electric Motor Electric Fuel System,1-Speed A/T,Black,Black,At least 1 accident or damage reported,Yes,29895,7089
1708,Lincoln,MKC Reserve,2019,Gasoline,2.3L I4 16V GDI DOHC Turbo,6-Speed Automatic,Black,–,,,30890,35469
1709,Kia,Telluride EX,2022,Gasoline,3.8L V6 24V GDI DOHC,8-Speed Automatic,Dark Moss,Gray,None reported,,46787,14676
1710,Lincoln,Navigator Reserve,2022,Gasoline,440.0HP 3.5L V6 Cylinder Engine Gasoline Fuel,10-Speed A/T,White,Beige,None reported,Yes,79999,13750
1711,Mercedes-Benz,S-Class S 550 4MATIC,2015,Gasoline,449.0HP 4.7L 8 Cylinder Engine Gasoline Fuel,A/T,Black,Black,None reported,Yes,62500,13300
1712,Chevrolet,Suburban LT,2017,Gasoline,6.0L 8 Cylinder Engine Gasoline Fuel,6-Speed A/T,Blue,Beige,None reported,Yes,27000,117000
1713,Audi,A7 55 Premium,2020,Hybrid,335.0HP 3.0L V6 Cylinder Engine Gasoline/Mild Electric Hybrid,A/T,White,Black,None reported,Yes,50000,27100
1714,Ford,Mustang EcoBoost Premium,2017,Gasoline,310.0HP 2.3L 4 Cylinder Engine Gasoline Fuel,6-Speed A/T,White,Black,At least 1 accident or damage reported,Yes,20989,89352
1715,Chevrolet,Cruze LS,2018,Gasoline,153.0HP 1.4L 4 Cylinder Engine Gasoline Fuel,A/T,White,Black,At least 1 accident or damage reported,Yes,8500,100000
1716,Land,Rover Range Rover HSE SWB,2020,Hybrid,395.0HP 3.0L Straight 6 Cylinder Engine Gasoline/Mild Electric Hybrid,A/T,Silver,Black,None reported,Yes,75500,16000
1717,Land,Rover Defender S,2023,Gasoline,296.0HP 2.0L 4 Cylinder Engine Gasoline Fuel,A/T,White,Black,None reported,Yes,62999,15200
1718,BMW,650 i,2012,Gasoline,400.0HP 4.4L 8 Cylinder Engine Gasoline Fuel,6-Speed M/T,White,Brown,None reported,Yes,38995,39960
1719,Ford,Mustang Base,2008,Gasoline,210.0HP 4.0L V6 Cylinder Engine Gasoline Fuel,A/T,White,Black,At least 1 accident or damage reported,Yes,13500,119000
1720,Kia,K5 GT-Line,2022,Gasoline,1.6L I4 16V GDI DOHC Turbo,8-Speed Automatic,Passion Red,Black,None reported,,29998,10971
1721,Mazda,Mazda3 i Touring,2014,Gasoline,155.0HP 2.0L 4 Cylinder Engine Gasoline Fuel,M/T,Silver,Black,At least 1 accident or damage reported,Yes,11500,118500
1722,Kia,Stinger GT1,2021,Gasoline,365.0HP 3.3L V6 Cylinder Engine Gasoline Fuel,8-Speed A/T,Black,Black,None reported,Yes,45899,8288
1723,Chevrolet,Camaro ZL1,2023,Gasoline,650.0HP 6.2L 8 Cylinder Engine Gasoline Fuel,10-Speed A/T,Red,Gray,None reported,Yes,74500,2950
1724,Mercedes-Benz,AMG G 63 Base,2017,Gasoline,563.0HP 5.5L 8 Cylinder Engine Gasoline Fuel,7-Speed A/T,White,Black,At least 1 accident or damage reported,Yes,78000,73000
1725,Ford,Thunderbird Premium,2005,Gasoline,280.0HP 3.9L 8 Cylinder Engine Gasoline Fuel,Transmission w/Dual Shift Mode,Gold,White,None reported,Yes,14900,82000
1726,Audi,e-tron Prestige,2019,,Electric,1-Speed Automatic,Typhoon Gray Metallic,Pearl Beige,None reported,,38999,7874
1727,GMC,Sierra 1500 SLT,2017,Gasoline,420.0HP 6.2L 8 Cylinder Engine Gasoline Fuel,8-Speed A/T,White,Black,None reported,Yes,39750,49105
1728,Kia,Telluride LX,2023,Gasoline,291.0HP 3.8L V6 Cylinder Engine Gasoline Fuel,8-Speed A/T,Silver,Black,None reported,Yes,40000,5500
1729,Chevrolet,Corvette Base,2005,Gasoline,400.0HP 6.0L 8 Cylinder Engine Gasoline Fuel,6-Speed M/T,Blue,Black,None reported,Yes,26000,36700
1730,BMW,650 i,2014,Gasoline,445.0HP 4.4L 8 Cylinder Engine Gasoline Fuel,Transmission w/Dual Shift Mode,White,Beige,None reported,Yes,34000,40000
1731,Nissan,Rogue SL,2017,Gasoline,170.0HP 2.5L 4 Cylinder Engine Gasoline Fuel,A/T,Silver,Black,,,17500,78110
1732,GMC,Acadia Denali,2015,Gasoline,288.0HP 3.6L V6 Cylinder Engine Gasoline Fuel,A/T,Gray,Beige,None reported,Yes,19780,74864
1733,Cadillac,Escalade Premium Luxury Platinum,2021,Gasoline,420.0HP 6.2L 8 Cylinder Engine Gasoline Fuel,10-Speed A/T,Black,Black,None reported,Yes,93500,15350
1759,Dodge,Challenger R/T Scat Pack,2019,–,–,6-Speed M/T,Green,Black,None reported,Yes,50000,43000
1734,Nissan,GT-R Premium,2010,Gasoline,485.0HP 3.8L V6 Cylinder Engine Gasoline Fuel,6-Speed A/T,Blue,Black,None reported,Yes,72999,46100
1735,Toyota,Highlander XLE,2018,Gasoline,295.0HP 3.5L V6 Cylinder Engine Gasoline Fuel,A/T,Silver,Gray,None reported,Yes,31000,61454
1736,BMW,X7 xDrive40i,2020,Gasoline,335.0HP 3.0L Straight 6 Cylinder Engine Gasoline Fuel,A/T,Blue,Brown,None reported,Yes,54500,45241
1737,INFINITI,QX60 Base,2018,Gasoline,295.0HP 3.5L V6 Cylinder Engine Gasoline Fuel,CVT Transmission,Black,Black,None reported,Yes,27000,48000
1738,Lexus,IS 250C Base,2010,Gasoline,204.0HP 2.5L V6 Cylinder Engine Gasoline Fuel,6-Speed M/T,Black,Beige,None reported,Yes,18500,68500
1739,GMC,Sierra 1500 Denali,2019,Gasoline,5.3L V8 16V GDI OHV,Automatic,Onyx Black,Walnut,None reported,,51899,43433
1740,Chevrolet,SSR Base,2005,Gasoline,6.0L V8 16V MPFI OHV,4-Speed Automatic,Redline Red,Ebony,None reported,Yes,20995,122961
1741,Dodge,Challenger R/T,2014,Gasoline,375.0HP 5.7L 8 Cylinder Engine Gasoline Fuel,5-Speed A/T,Gray,Red,None reported,Yes,19750,92861
1742,Hyundai,Equus Signature,2016,Gasoline,429.0HP 5.0L 8 Cylinder Engine Gasoline Fuel,8-Speed A/T,White,Beige,None reported,Yes,21400,72000
1743,Lamborghini,Aventador SVJ Base,2019,Gasoline,759.0HP 6.5L 12 Cylinder Engine Gasoline Fuel,A/T,Blue,Black,None reported,Yes,649999,6929
1744,Ford,Mustang GT,2003,Gasoline,260.0HP 4.6L 8 Cylinder Engine Gasoline Fuel,A/T,Gray,Black,None reported,Yes,10500,83000
1745,Audi,e-tron Premium,2021,,Electric,1-Speed Automatic,Navarra Blue Metallic,Black,None reported,,39599,18031
1746,Toyota,Sequoia Limited,2023,Hybrid,437.0HP 3.4L V6 Cylinder Engine Gas/Electric Hybrid,10-Speed A/T,Brown,Black,None reported,Yes,78900,8200
1747,Land,Rover Range Rover Sport HST MHEV,2020,Hybrid,395.0HP 3.0L Straight 6 Cylinder Engine Gasoline/Mild Electric Hybrid,Transmission w/Dual Shift Mode,Silver,Black,,,74900,19000
1748,Jeep,Grand Cherokee L Limited,2022,Gasoline,3.6L V6 24V MPFI DOHC,8-Speed Automatic,Diamond Black,Global Black,None reported,,42599,12875
1749,Maserati,GranTurismo Sport,2015,Gasoline,454.0HP 4.7L 8 Cylinder Engine Gasoline Fuel,A/T,Beige,Brown,None reported,Yes,36000,32000
1750,BMW,M5 Base,2013,Gasoline,560.0HP 4.4L 8 Cylinder Engine Gasoline Fuel,7-Speed A/T,White,Beige,At least 1 accident or damage reported,Yes,37500,61145
1751,Mercedes-Benz,C-Class 4MATIC Sedan,2022,Gasoline,"2L I-4 gasoline direct injection, DOHC, variable valve control,","Automatic, 9-Spd 9G-Tronic",–,–,None reported,,43900,9612
1752,Land,Rover Range Rover Sport First Edition,2023,Hybrid,4.4 Liter,Automatic,Red,Black,None reported,,143998,3534
1753,Ford,F-150 Lariat,2011,Gasoline,365.0HP 3.5L V6 Cylinder Engine Gasoline Fuel,6-Speed A/T,Brown,Beige,None reported,Yes,14000,152000
1754,Audi,A4 2.0T Premium,2012,Gasoline,211.0HP 2.0L 4 Cylinder Engine Gasoline Fuel,A/T,White,Black,None reported,Yes,7000,129567
1755,BMW,540 i xDrive,2019,Gasoline,335.0HP 3.0L Straight 6 Cylinder Engine Gasoline Fuel,8-Speed A/T,Gray,Black,At least 1 accident or damage reported,Yes,41995,36000
1756,BMW,X6 xDrive35i,2009,Gasoline,300.0HP 3.0L Straight 6 Cylinder Engine Gasoline Fuel,6-Speed A/T,White,Black,None reported,Yes,12500,92008
1757,Ford,Mustang Base,1998,Gasoline,150.0HP 3.8L V6 Cylinder Engine Gasoline Fuel,A/T,White,Gray,None reported,Yes,10300,63900
1758,Toyota,Sequoia Limited,2012,Gasoline,381.0HP 5.7L 8 Cylinder Engine Gasoline Fuel,A/T,Black,Gray,None reported,Yes,17500,150900
1760,Land,Rover Range Rover 3.0L Supercharged,2018,Gasoline,5.0 Liter,Automatic,White,Espresso,None reported,,63998,38020
1761,Audi,Q8 55 Premium Plus,2021,Hybrid,335.0HP 3.0L V6 Cylinder Engine Gasoline/Mild Electric Hybrid,Transmission w/Dual Shift Mode,Silver,Black,None reported,Yes,61059,14750
1762,Subaru,WRX Base,2015,Gasoline,268.0HP 2.0L 4 Cylinder Engine Gasoline Fuel,6-Speed M/T,Gray,Black,None reported,Yes,23000,52500
1763,Chevrolet,Suburban LT,2017,Gasoline,355.0HP 5.3L 8 Cylinder Engine Gasoline Fuel,6-Speed A/T,Black,Black,At least 1 accident or damage reported,Yes,21000,207571
1764,INFINITI,QX60 Pure,2020,Gasoline,295.0HP 3.5L V6 Cylinder Engine Gasoline Fuel,A/T,Gray,Gray,None reported,Yes,29900,39000
1765,Porsche,Cayman Base,2011,Gasoline,265.0HP 2.9L Flat 6 Cylinder Engine Gasoline Fuel,A/T,Black,Brown,,,28000,66000
1766,INFINITI,QX60 Base,2017,Gasoline,295.0HP 3.5L V6 Cylinder Engine Gasoline Fuel,A/T,Black,Black,None reported,Yes,16000,93500
1767,BMW,M4 Base,2018,Gasoline,425.0HP 3.0L Straight 6 Cylinder Engine Gasoline Fuel,7-Speed A/T,Black,Black,None reported,Yes,64000,7200
1768,Maserati,MC20 MC20,2022,Gasoline,"Nettuno 3L V-6 port/direct injection, DOHC, variable valve contr","Automatic, 8-Spd Dual-Clutch",–,–,None reported,,238900,1220
1769,Land,Rover Defender SE,2023,Hybrid,395.0HP 3.0L Straight 6 Cylinder Engine Gasoline/Mild Electric Hybrid,A/T,Black,White,None reported,Yes,90000,8421
1770,BMW,M8 Base,2020,Gasoline,4.4L V8 32V GDI DOHC Twin Turbo,8-Speed Automatic,Brands Hatch Gray Metallic,Black,None reported,,84900,25520
1771,Tesla,Model Y Performance,2020,,Electric,1-Speed Automatic,Blue,Black,None reported,,41999,30554
1772,Volvo,C40 Recharge Pure Electric Twin Ultimate,2023,,402.0HP Electric Motor Electric Fuel System,A/T,Gray,Blue,None reported,Yes,54900,17000
1773,Mercedes-Benz,SL-Class SL 550,2011,Gasoline,382.0HP 5.5L 8 Cylinder Engine Gasoline Fuel,Transmission w/Dual Shift Mode,Red,White,At least 1 accident or damage reported,Yes,30999,41314
1774,Land,Rover Range Rover P525 HSE SWB,2020,Gasoline,518.0HP 5.0L 8 Cylinder Engine Gasoline Fuel,Transmission w/Dual Shift Mode,White,Black,At least 1 accident or damage reported,Yes,64500,49899
1775,Ford,Escape XLT,2012,E85 Flex Fuel,240.0HP 3.0L V6 Cylinder Engine Flex Fuel Capability,6-Speed A/T,Blue,Black,None reported,Yes,4500,186268
1776,Lexus,ES 350 Base,2016,Gasoline,268.0HP 3.5L V6 Cylinder Engine Gasoline Fuel,6-Speed A/T,Silver,Black,At least 1 accident or damage reported,Yes,25995,51335
1777,Porsche,718 Boxster GTS,2019,Gasoline,365.0HP 2.5L 4 Cylinder Engine Gasoline Fuel,A/T,Gray,Black,None reported,Yes,99750,10400
1778,Mercedes-Benz,G-Class G 550,2020,Gasoline,4.0 Liter Twin Turbo,Automatic,designo Diamond White Metallic,Black,None reported,,142998,20622
1779,RAM,1500 Big Horn,2022,Gasoline,5.7L V8 16V MPFI OHV,Automatic,Bright White Clearcoat,Black,None reported,Yes,45861,19376
1780,Audi,R8 5.2 V10 performance,2020,Gasoline,5.2L V10 40V PDI DOHC,7-Speed Automatic with Auto-Shift,Daytona Gray Pearl Effect w/ Black Roof,Black / Express Red,None reported,,187900,12245
1781,Mitsubishi,Lancer Evolution IX,2006,Gasoline,286.0HP 2.0L 4 Cylinder Engine Gasoline Fuel,5-Speed M/T,Silver,Black,None reported,Yes,57000,77000
1782,Acura,TL Technology,2013,Gasoline,280.0HP 3.5L V6 Cylinder Engine Gasoline Fuel,6-Speed A/T,Blue,Gray,None reported,Yes,24000,40000
1783,Cadillac,CTS Luxury,2012,Gasoline,270.0HP 3.0L V6 Cylinder Engine Gasoline Fuel,6-Speed A/T,White,Beige,None reported,Yes,10000,113000
1784,Chevrolet,Camaro 1SS,2022,Gasoline,455.0HP 6.2L 8 Cylinder Engine Gasoline Fuel,6-Speed M/T,Gray,Black,At least 1 accident or damage reported,Yes,46000,7600
1785,Toyota,Camry Hybrid LE,2022,Hybrid,208.0HP 2.5L 4 Cylinder Engine Gas/Electric Hybrid,CVT Transmission,White,Gray,None reported,Yes,29900,20400
1786,Ford,Transit-350 XLT,2019,Gasoline,310.0HP 3.5L V6 Cylinder Engine Gasoline Fuel,A/T,White,Gray,None reported,Yes,39000,115000
1787,Lexus,RX 450h Base,2012,Hybrid,295.0HP 3.5L V6 Cylinder Engine Gas/Electric Hybrid,A/T,Black,Black,None reported,Yes,7000,239000
1788,Jaguar,F-TYPE V6 S,2014,Gasoline,3.0 Liter SC ULEV,Automatic,Black,Black,None reported,,32998,62194
1789,Jeep,Wrangler Sahara,2020,Gasoline,3.6 Liter,Automatic,Black,Black,None reported,,38598,22138
1790,Porsche,718 Boxster S,2017,Gasoline,350.0HP 2.5L 4 Cylinder Engine Gasoline Fuel,Transmission w/Dual Shift Mode,Blue,Black,None reported,Yes,62500,48900
1791,Audi,R8 5.2,2014,Gasoline,525.0HP 5.2L 10 Cylinder Engine Gasoline Fuel,Transmission w/Dual Shift Mode,White,Black,None reported,Yes,117000,21800
1792,Lincoln,MKZ Base,2016,Gasoline,300.0HP 3.7L V6 Cylinder Engine Gasoline Fuel,6-Speed A/T,Silver,Black,At least 1 accident or damage reported,Yes,16750,68200
1793,Chevrolet,S-10 LS Crew Cab,2001,Gasoline,190.0HP 4.3L V6 Cylinder Engine Gasoline Fuel,A/T,Red,Gray,None reported,Yes,7000,139000
1794,Mercedes-Benz,G-Class G 550 4MATIC,2021,Gasoline,416.0HP 4.0L 8 Cylinder Engine Gasoline Fuel,A/T,Black,Black,None reported,Yes,130000,76100
1795,Lexus,RX 350 RX 350 F SPORT Handling,2022,Gasoline,3.5 Liter DOHC,Automatic,Black,Red,None reported,,54998,14330
1796,BMW,750 i xDrive,2019,Gasoline,445.0HP 4.4L 8 Cylinder Engine Gasoline Fuel,8-Speed A/T,Blue,White,At least 1 accident or damage reported,Yes,45999,41906
1797,Chevrolet,Camaro 2SS,2016,Gasoline,455.0HP 6.2L 8 Cylinder Engine Gasoline Fuel,8-Speed A/T,Black,Red,None reported,Yes,21500,164000
1798,Ford,Fusion Hybrid SE,2013,Hybrid,2.0L I4 16V MPFI DOHC Hybrid,Automatic CVT,Blue,Charcoal Black,None reported,Yes,7945,161933
1799,Hyundai,Santa Cruz 2.5T Limited,2022,Gasoline,2.5L I4 16V PDI DOHC Turbo,Automatic,Hampton Gray,Black,None reported,,34580,22829
1800,Lexus,RX 350 F Sport,2023,Gasoline,2.4L I4 16V PDI DOHC Turbo,8-Speed Automatic,Ultra White,Black,None reported,,59950,5483
1801,Land,Rover Range Rover Evoque S,2020,Gasoline,246.0HP 2.0L 4 Cylinder Engine Gasoline Fuel,9-Speed A/T,Gray,Black,At least 1 accident or damage reported,Yes,31000,46891
1802,Chevrolet,Suburban LT,2019,Gasoline,355.0HP 5.3L 8 Cylinder Engine Gasoline Fuel,A/T,Blue,Beige,At least 1 accident or damage reported,Yes,39000,72000
1803,Porsche,718 Spyder Base,2020,Gasoline,414.0HP 4.0L Flat 6 Cylinder Engine Gasoline Fuel,6-Speed M/T,White,Black,None reported,Yes,129900,3400
1804,Chevrolet,Camaro 1LT,2021,Gasoline,335.0HP 3.6L V6 Cylinder Engine Gasoline Fuel,10-Speed A/T,White,Black,At least 1 accident or damage reported,Yes,30000,18000
1805,Jeep,Gladiator Freedom,2021,Gasoline,3.6 Liter,Automatic,Hydro Blue Pearlcoat,Black,None reported,,39998,30630
1806,Toyota,Tacoma Double Cab,2007,Gasoline,236.0HP 4.0L V6 Cylinder Engine Gasoline Fuel,5-Speed A/T,Silver,Silver,,,33580,24985
1807,GMC,Yukon Denali Ultimate,2023,Gasoline,420.0HP 6.2L 8 Cylinder Engine Gasoline Fuel,10-Speed A/T,White,Gold,None reported,Yes,93999,9978
1808,Ford,Shelby GT350R Base,2018,Gasoline,526.0HP 5.2L 8 Cylinder Engine Gasoline Fuel,M/T,Blue,Black,At least 1 accident or damage reported,Yes,77999,18500
1809,Cadillac,Escalade Premium Luxury Platinum,2021,Gasoline,6.2L V8 16V GDI OHV,10-Speed Automatic,Sandstone Metallic,Dark Auburn,None reported,Yes,79990,72843
1810,Buick,LaCrosse Base,2017,Gasoline,310.0HP 3.6L V6 Cylinder Engine Gasoline Fuel,8-Speed A/T,Black,Beige,None reported,Yes,20000,67500
1811,Tesla,Model X Long Range Plus,2020,,534.0HP Electric Motor Electric Fuel System,1-Speed A/T,Black,Black,None reported,Yes,65990,43534
1812,Mercedes-Benz,E-Class E 300 4MATIC,2017,Gasoline,241.0HP 2.0L 4 Cylinder Engine Gasoline Fuel,9-Speed A/T,Gray,Beige,None reported,Yes,28500,36900
1813,Chevrolet,Tahoe LT,2017,E85 Flex Fuel,5.3 Liter,Automatic,Silver,Jet Black,At least 1 accident or damage reported,,39998,61720
1814,Kia,Telluride EX,2022,Gasoline,3.8L V6 24V GDI DOHC,8-Speed Automatic,Glacial White Pearl,Black,None reported,,43329,35938
1815,Toyota,Tundra Hybrid Limited,2023,Hybrid,3.4L V6 24V PDI DOHC Twin Turbo Hybrid,Automatic,Midnight Black Metallic,Black,None reported,,63100,10748
1816,Audi,S8 4.0T quattro,2023,Gasoline,4.0L V8 32V GDI DOHC Twin Turbo,Automatic,Mythos Black Metallic,Black,None reported,,107900,4457
1817,Nissan,Armada Platinum,2018,Gasoline,5.6 Liter,Automatic,White,Charcoal,At least 1 accident or damage reported,,26498,108206
1847,Dodge,Challenger R/T,2010,–,–,A/T,Black,Black,None reported,Yes,17500,73000
1818,Land,Rover Discovery HSE,2020,Diesel,3.0 Liter,Automatic,Portofino Blue Metallic,Tan/Ebony/Ebony,None reported,,46598,32705
1819,Kia,Telluride S,2020,Gasoline,3.8L V6 24V GDI DOHC,8-Speed Automatic,Sangria Red,Black,None reported,,32913,74026
1820,Lexus,GS 350 F Sport,2020,Gasoline,3.5L V6 24V PDI DOHC,6-Speed Automatic,Ultra White,Black,None reported,,45950,24651
1821,BMW,X6 xDrive40i,2022,Hybrid,335.0HP 3.0L Straight 6 Cylinder Engine Gasoline/Mild Electric Hybrid,Transmission w/Dual Shift Mode,Gray,Orange,None reported,Yes,69000,13000
1822,Land,Rover Range Rover P400 SE SWB,2023,Hybrid,395.0HP 3.0L Straight 6 Cylinder Engine Gasoline/Mild Electric Hybrid,Transmission w/Dual Shift Mode,Gray,White,None reported,Yes,133500,11700
1823,Chevrolet,Silverado 3500 High Country,2015,Diesel,397.0HP 6.6L 8 Cylinder Engine Diesel Fuel,6-Speed A/T,Black,Brown,None reported,Yes,54000,77500
1824,Maserati,Quattroporte Sport GT,2007,Gasoline,394.0HP 4.2L 8 Cylinder Engine Gasoline Fuel,Transmission w/Dual Shift Mode,Black,Black,At least 1 accident or damage reported,Yes,7999,82000
1825,Dodge,Viper GTC,2017,Gasoline,645.0HP 8.4L 10 Cylinder Engine Gasoline Fuel,M/T,Black,Black,None reported,Yes,489995,1389
1826,Ford,Expedition Limited,2021,Gasoline,3.5L V6 24V PDI DOHC Twin Turbo,10-Speed Automatic,Magnetic Metallic,Ebony,None reported,,55329,29830
1827,Mazda,Mazda6 i Grand Touring,2016,–,–,A/T,White,White,None reported,Yes,17800,83100
1828,Kia,Optima LX,2019,Gasoline,185.0HP 2.4L 4 Cylinder Engine Gasoline Fuel,A/T,White,Black,None reported,Yes,16500,62660
1829,Land,Rover Range Rover Sport SVR,2018,Gasoline,575.0HP 5.0L 8 Cylinder Engine Gasoline Fuel,Transmission w/Dual Shift Mode,Silver,White,None reported,Yes,59000,56006
1830,Lexus,RX 450h F SPORT Handling,2021,Hybrid,3.5 Liter DOHC,Variable,Beige,Red,None reported,,52998,31365
1831,Lincoln,Town Car Base,2004,Gasoline,239.0HP 4.6L 8 Cylinder Engine Gasoline Fuel,4-Speed A/T,Black,White,None reported,Yes,14900,27600
1832,Honda,Civic Si,2012,Gasoline,201.0HP 2.4L 4 Cylinder Engine Gasoline Fuel,6-Speed M/T,White,Black,None reported,Yes,19600,47245
1833,Lexus,RX 450h Base,2017,Hybrid,308.0HP 3.5L V6 Cylinder Engine Gas/Electric Hybrid,A/T,White,Beige,None reported,Yes,31990,73948
1834,RAM,1500 Classic Warlock,2019,E85 Flex Fuel,3.6L V6 24V MPFI DOHC Flexible Fuel,8-Speed Automatic,Diamond Black,Diesel Gray / Black,None reported,Yes,31953,36757
1835,Tesla,Model Y Long Range,2023,,425.0HP Electric Motor Electric Fuel System,A/T,White,White,None reported,Yes,48000,4786
1836,Audi,RS 3 2.5T,2023,Gasoline,401.0HP 2.5L 5 Cylinder Engine Gasoline Fuel,Transmission w/Dual Shift Mode,Gray,Black,None reported,Yes,78900,1900
1837,Hyundai,Genesis Coupe 3.8 R-Spec,2014,Gasoline,348.0HP 3.8L V6 Cylinder Engine Gasoline Fuel,6-Speed M/T,Black,Black,At least 1 accident or damage reported,Yes,15000,52060
1838,Porsche,Boxster RS 60 Spyder,2008,Gasoline,303.0HP 3.4L Flat 6 Cylinder Engine Gasoline Fuel,6-Speed M/T,Silver,Black,None reported,Yes,41500,58000
1839,Ford,F-250 XLT,2010,Diesel,6.4L V8 32V DDI OHV Twin Turbo Diesel,6-Speed Manual,Tan,Medium Stone,None reported,Yes,26095,52246
1840,Kia,Sorento EX,2016,Gasoline,2.0L I4 16V GDI DOHC Turbo,6-Speed Automatic,Snow White Pearl,Satin Black,None reported,,16999,64290
1841,Nissan,370Z Touring,2009,Gasoline,332.0HP 3.7L V6 Cylinder Engine Gasoline Fuel,6-Speed M/T,Silver,Orange,None reported,Yes,21500,37500
1842,Genesis,G70 2.0T,2023,Gasoline,252.0HP 2.0L 4 Cylinder Engine Gasoline Fuel,8-Speed A/T,White,Red,None reported,Yes,40750,2121
1843,Land,Rover Range Rover Sport Supercharged,2013,Gasoline,510.0HP 5.0L 8 Cylinder Engine Gasoline Fuel,Transmission w/Dual Shift Mode,White,Beige,None reported,Yes,26000,57000
1844,Mercedes-Benz,S-Class S 560 4MATIC,2020,Gasoline,463.0HP 4.0L 8 Cylinder Engine Gasoline Fuel,A/T,White,Beige,None reported,Yes,69500,22000
1845,Ford,Bronco Wildtrak Advanced,2023,Gasoline,315.0HP 2.7L V6 Cylinder Engine Gasoline Fuel,A/T,Black,Black,None reported,Yes,66500,2000
1846,RAM,1500 SLT,2018,E85 Flex Fuel,305.0HP 3.6L V6 Cylinder Engine Flex Fuel Capability,8-Speed A/T,Black,Gray,None reported,Yes,32000,61802
1849,Jeep,Grand Cherokee Laredo,2013,E85 Flex Fuel,290.0HP 3.6L V6 Cylinder Engine Flex Fuel Capability,6-Speed A/T,Black,Black,None reported,Yes,13500,106700
1850,Audi,RS 5 4.2,2013,Gasoline,450.0HP 4.2L 8 Cylinder Engine Gasoline Fuel,7-Speed A/T,White,Black,At least 1 accident or damage reported,Yes,35999,75965
1851,Jeep,Grand Cherokee L Overland,2022,Gasoline,3.6L V6 24V MPFI DOHC,Automatic,Silver Zynith,Global Black,At least 1 accident or damage reported,Yes,48995,31804
1852,Mazda,MX-5 Miata Base,1992,–,–,5-Speed M/T,Red,Black,None reported,Yes,11500,125800
1853,Chrysler,Crossfire Limited,2005,Gasoline,215.0HP 3.2L V6 Cylinder Engine Gasoline Fuel,5-Speed A/T,Gray,Red,At least 1 accident or damage reported,Yes,6000,116320
1854,Audi,S5 4.2 Premium Plus,2011,Gasoline,354.0HP 4.2L 8 Cylinder Engine Gasoline Fuel,6-Speed M/T,Black,Red,At least 1 accident or damage reported,Yes,9900,156875
1855,Tesla,Model X Base,2023,,670.0HP Electric Motor Electric Fuel System,A/T,Blue,Black,None reported,Yes,85000,197
1856,Cadillac,CT4 Luxury,2020,Gasoline,237.0HP 2.0L 4 Cylinder Engine Gasoline Fuel,8-Speed A/T,Blue,Black,None reported,Yes,28500,35200
1857,Maserati,Ghibli S Q4,2014,Gasoline,404.0HP 3.0L V6 Cylinder Engine Gasoline Fuel,A/T,Black,Black,None reported,Yes,19000,76000
1858,Jaguar,F-PACE 25t Premium,2019,Gasoline,247.0HP 2.0L 4 Cylinder Engine Gasoline Fuel,A/T,White,Black,None reported,Yes,34500,29000
1859,BMW,750 i xDrive,2019,Gasoline,445.0HP 4.4L 8 Cylinder Engine Gasoline Fuel,A/T,Gray,Black,At least 1 accident or damage reported,Yes,44495,33499
1860,Acura,TLX V6 Advance,2019,Gasoline,3.5L V6 24V GDI SOHC,9-Speed Automatic,Platinum White Pearl,Ebony,At least 1 accident or damage reported,,30999,25779
1861,GMC,Terrain SLT-1,2015,Gasoline,182.0HP 2.4L 4 Cylinder Engine Gasoline Fuel,6-Speed A/T,Gray,Black,At least 1 accident or damage reported,Yes,9500,76296
1862,BMW,i3 Base w/Range Extender,2014,,170.0HP 0.65L Electric Motor Electric Fuel System,1-Speed A/T,Black,Gray,None reported,Yes,12800,29553
1863,Nissan,Versa 1.8 S,2011,Gasoline,122.0HP 1.8L 4 Cylinder Engine Gasoline Fuel,A/T,Blue,Gray,None reported,Yes,4500,109902
1864,Mercedes-Benz,C-Class C 300 4MATIC,2019,Gasoline,255.0HP 2.0L 4 Cylinder Engine Gasoline Fuel,9-Speed A/T,White,Beige,None reported,Yes,33500,23083
1865,Toyota,Matrix XRS,2003,Gasoline,180.0HP 1.8L 4 Cylinder Engine Gasoline Fuel,6-Speed M/T,Black,Black,None reported,Yes,4199,143600
1866,RAM,1500 Limited,2021,Gasoline,395.0HP 5.7L 8 Cylinder Engine Gasoline Fuel,8-Speed A/T,Black,Black,None reported,Yes,54800,22000
1867,Mercedes-Benz,AMG E 53 Base 4MATIC,2022,Hybrid,429.0HP 3.0L Straight 6 Cylinder Engine Gasoline/Mild Electric Hybrid,9-Speed A/T,Silver,Black,None reported,Yes,81500,13000
1868,Audi,A5 2.0T Premium,2018,Gasoline,252.0HP 2.0L 4 Cylinder Engine Gasoline Fuel,A/T,White,Brown,At least 1 accident or damage reported,Yes,28000,53000
1869,Lincoln,Navigator Reserve,2019,Gasoline,450.0HP 3.5L V6 Cylinder Engine Gasoline Fuel,10-Speed A/T,Beige,Beige,None reported,Yes,52999,44741
1870,Audi,A6 3.2 quattro,2008,Gasoline,255.0HP 3.2L V6 Cylinder Engine Gasoline Fuel,A/T,Blue,Gray,At least 1 accident or damage reported,Yes,5700,202000
1871,Chevrolet,Silverado 1500 LT Crew Cab,2006,Gasoline,345.0HP 6.0L 8 Cylinder Engine Gasoline Fuel,A/T,Black,Black,At least 1 accident or damage reported,Yes,6995,215000
1872,Mercedes-Benz,S-Class S 560,2019,Gasoline,4.0 Liter,Automatic,designo Diamond White,Black,None reported,,49998,77138
1873,Volvo,XC90 T6 Momentum,2018,Gasoline,2.0L I4 16V GDI DOHC,8-Speed Automatic,White,Amber,None reported,,25999,90641
1874,Toyota,Camry SE,2011,Gasoline,179.0HP 2.5L 4 Cylinder Engine Gasoline Fuel,A/T,Gray,Gray,At least 1 accident or damage reported,Yes,7700,177702
1875,Mercedes-Benz,Metris Base,2018,Gasoline,208.0HP 2.0L 4 Cylinder Engine Gasoline Fuel,7-Speed A/T,Black,Black,None reported,Yes,29497,58350
1876,Chevrolet,Camaro 2LT,2010,Gasoline,304.0HP 3.6L V6 Cylinder Engine Gasoline Fuel,6-Speed A/T,Black,Black,At least 1 accident or damage reported,Yes,17000,86170
1877,Mazda,MX-5 Miata Grand Touring,2012,Gasoline,167.0HP 2.0L 4 Cylinder Engine Gasoline Fuel,6-Speed M/T,Blue,Beige,At least 1 accident or damage reported,Yes,20199,36568
1878,Ford,Escape SE,2015,Gasoline,173.0HP 1.6L 4 Cylinder Engine Gasoline Fuel,6-Speed A/T,White,Gray,None reported,Yes,16250,54357
1879,Mercedes-Benz,S-Class S 63 AMG,2015,Gasoline,5.5 Liter,Automatic,Black,Black,At least 1 accident or damage reported,,59598,20394
1880,Kia,Niro EX,2023,Hybrid,1.6L I4 16V GDI DOHC Hybrid,Automatic,Snow White Pearl,Charcoal,None reported,,31113,7578
1881,Porsche,Boxster Base,2010,Gasoline,255.0HP 2.9L Flat 6 Cylinder Engine Gasoline Fuel,6-Speed M/T,Gray,Gray,At least 1 accident or damage reported,Yes,20900,64800
1882,Toyota,4Runner Trail,2016,Gasoline,270.0HP 4.0L V6 Cylinder Engine Gasoline Fuel,5-Speed A/T,Gray,Black,None reported,Yes,27750,117780
1883,Hyundai,Kona EV SEL,2019,,201.0HP Electric Motor Electric Fuel System,1-Speed A/T,Black,Black,None reported,Yes,18200,33100
1884,Land,Rover Range Rover Evoque SE,2016,Gasoline,240.0HP 2.0L 4 Cylinder Engine Gasoline Fuel,9-Speed A/T,Black,Black,None reported,Yes,18750,86202
1885,Ford,E350 Super Duty XLT,2012,E85 Flex Fuel,255.0HP 5.4L 8 Cylinder Engine Flex Fuel Capability,A/T,White,Gray,None reported,Yes,19550,163000
1886,Mercedes-Benz,SL-Class SL500 Roadster,2004,Gasoline,302.0HP 5.0L 8 Cylinder Engine Gasoline Fuel,7-Speed A/T,Black,Gray,None reported,Yes,24900,35400
1887,Jeep,Compass Trailhawk,2018,Gasoline,180.0HP 2.4L 4 Cylinder Engine Gasoline Fuel,9-Speed A/T,Gray,Black,None reported,Yes,22000,31000
1888,Mercedes-Benz,S-Class S 560 4MATIC,2018,Gasoline,4.0 Liter,Automatic,Anthracite Blue Metallic,Silk Beige/Espresso Brown,None reported,,40998,103069
1889,Mercedes-Benz,G-Class G 550 4MATIC,2021,Gasoline,416.0HP 4.0L 8 Cylinder Engine Gasoline Fuel,A/T,White,Brown,None reported,Yes,135800,22480
1890,Tesla,Model X P90D,2016,,691.0HP Electric Motor Electric Fuel System,A/T,Silver,White,None reported,Yes,39500,91000
1891,Lexus,IS-F Base,2010,Gasoline,416.0HP 5.0L 8 Cylinder Engine Gasoline Fuel,8-Speed A/T,Blue,Black,At least 1 accident or damage reported,Yes,44800,41500
1892,BMW,335 i,2010,Gasoline,300.0HP 3.0L Straight 6 Cylinder Engine Gasoline Fuel,6-Speed A/T,Black,Black,None reported,Yes,13000,91545
1893,Audi,RS 7 4.0T,2022,Hybrid,591.0HP 4.0L 8 Cylinder Engine Gasoline/Mild Electric Hybrid,8-Speed A/T,Blue,Black,None reported,Yes,162500,4100
1894,Buick,Lucerne CXL,2006,Gasoline,275.0HP 4.6L 8 Cylinder Engine Gasoline Fuel,A/T,Gold,Beige,None reported,Yes,5000,110000
1895,Lincoln,MKX Reserve,2016,Gasoline,335.0HP 2.7L V6 Cylinder Engine Gasoline Fuel,Transmission w/Dual Shift Mode,Black,Black,None reported,Yes,18500,88000
1896,Nissan,Armada Platinum,2018,Gasoline,390.0HP 5.6L 8 Cylinder Engine Gasoline Fuel,Transmission w/Dual Shift Mode,Blue,Gray,None reported,Yes,37000,42833
1898,Mercedes-Benz,E-Class 400E,1993,–,–,4-Speed A/T,White,Gray,None reported,Yes,15300,106983
1899,BMW,435 Gran Coupe i,2015,Gasoline,300.0HP 3.0L Straight 6 Cylinder Engine Gasoline Fuel,8-Speed A/T,Blue,Beige,None reported,Yes,24995,60100
1900,Jeep,Wagoneer Series III,2022,Gasoline,5.7L V8 16V MPFI OHV,8-Speed Automatic,Velvet Red Pearlcoat,Global Black,None reported,Yes,69685,17381
1901,Cadillac,ATS 2.5L,2013,Gasoline,202.0HP 2.5L 4 Cylinder Engine Gasoline Fuel,A/T,Black,Black,At least 1 accident or damage reported,Yes,12995,63172
1902,Ford,Transit Connect XLT,2010,Gasoline,136.0HP 2.0L 4 Cylinder Engine Gasoline Fuel,A/T,White,Gray,At least 1 accident or damage reported,Yes,10900,72000
1903,Kia,EV6 GT-Line,2022,,320.0HP Electric Motor Electric Fuel System,1-Speed A/T,Red,Black,None reported,Yes,47500,4820
1904,Audi,S5 3.0T Premium Plus,2014,Gasoline,333.0HP 3.0L V6 Cylinder Engine Gasoline Fuel,6-Speed M/T,Silver,Black,,,25990,67900
1905,Toyota,Tundra SR,2018,Gasoline,381.0HP 5.7L 8 Cylinder Engine Gasoline Fuel,A/T,Black,Gray,None reported,Yes,38000,51000
1906,Jeep,Wrangler Unlimited Freedom Edition,2013,Gasoline,285.0HP 3.6L V6 Cylinder Engine Gasoline Fuel,A/T,Green,Black,None reported,Yes,35000,54500
1907,Maserati,Quattroporte Base,2006,Gasoline,394.0HP 4.2L 8 Cylinder Engine Gasoline Fuel,Transmission w/Dual Shift Mode,Gray,Beige,None reported,Yes,16500,61840
1908,Mercedes-Benz,CLS-Class CLS500,2006,Gasoline,302.0HP 5.0L 8 Cylinder Engine Gasoline Fuel,7-Speed A/T,Blue,Beige,,,16750,28950
1909,GMC,Sierra 3500 SLE,2002,Diesel,300.0HP 6.6L 8 Cylinder Engine Diesel Fuel,5-Speed A/T,Black,Gray,At least 1 accident or damage reported,Yes,5000,300000
1910,Nissan,Frontier SL,2011,Gasoline,261.0HP 4.0L V6 Cylinder Engine Gasoline Fuel,5-Speed A/T,Gray,Gray,At least 1 accident or damage reported,Yes,17000,103400
1911,BMW,M5 Base,2023,Gasoline,4.4L V8 32V GDI DOHC Twin Turbo,8-Speed Automatic,Alpine White,Black,None reported,,109900,816
1912,Porsche,911 R,2016,Gasoline,4.0L H6 24V GDI DOHC,6-Speed Manual,White,Black / Brown,None reported,Yes,489000,719
1913,Land,Rover Defender X-Dynamic SE,2023,Hybrid,3.0 Liter,Automatic,Fuji White,Black,None reported,,81998,3678
1914,Ford,F-150 XL,2016,E85 Flex Fuel,385.0HP 5.0L 8 Cylinder Engine Flex Fuel Capability,6-Speed A/T,White,Gray,At least 1 accident or damage reported,Yes,22000,107000
1915,BMW,M8 Competition,2022,Gasoline,4.4 Liter Twin Turbo,Automatic,–,Sakhir Orange/Black,None reported,,114998,5018
1916,Porsche,911 Carrera S,2010,Gasoline,385.0HP 3.8L Flat 6 Cylinder Engine Gasoline Fuel,6-Speed M/T,Black,Black,None reported,Yes,71400,13850
1917,Volvo,XC70 3.2,2008,Gasoline,235.0HP 3.2L Straight 6 Cylinder Engine Gasoline Fuel,6-Speed A/T,White,Beige,,,11400,46700
1918,Chrysler,300 Touring,2021,Gasoline,3.6 Liter,Automatic,Silver Mist,Black,None reported,,27798,21478
1919,Honda,Insight EX,2020,Hybrid,151.0HP 1.5L 4 Cylinder Engine Gas/Electric Hybrid,CVT Transmission,White,Black,At least 1 accident or damage reported,Yes,20499,64200
1920,Porsche,Cayman S,2006,Gasoline,3.4L H6 24V MPFI DOHC,5-Speed Automatic,Black,Black / Stone Grey,None reported,Yes,36250,31075
1921,Tesla,Model Y Performance,2022,,455.0HP Electric Motor Electric Fuel System,1-Speed A/T,White,White,None reported,Yes,47800,25250
1922,BMW,M5 Competition,2020,Gasoline,617.0HP 4.4L 8 Cylinder Engine Gasoline Fuel,8-Speed A/T,Orange,Black,None reported,Yes,71950,35400
1923,Audi,S4 4.2 quattro,2004,Gasoline,340.0HP 4.2L 8 Cylinder Engine Gasoline Fuel,6-Speed M/T,Silver,Gray,None reported,Yes,16000,74030
1924,Ford,F-250 Platinum,2021,Diesel,6.7L V8 32V DDI OHV Turbo Diesel,Automatic,Antimatter Blue Metallic,Black,None reported,,69998,48549
1926,RAM,ProMaster 2500 High Roof,2019,Gasoline,280.0HP 3.6L V6 Cylinder Engine Gasoline Fuel,A/T,White,Black,At least 1 accident or damage reported,Yes,33500,31681
1927,BMW,M760 M760i xDrive,2020,Gasoline,6.6 Liter Twin Turbo,Automatic,White,Black,None reported,,80998,23430
1928,Mercedes-Benz,E-Class E 400,2015,Gasoline,329.0HP 3.0L V6 Cylinder Engine Gasoline Fuel,A/T,White,Black,At least 1 accident or damage reported,Yes,29000,30300
1929,Cadillac,XTS Luxury,2016,Gasoline,304.0HP 3.6L V6 Cylinder Engine Gasoline Fuel,A/T,Blue,Beige,At least 1 accident or damage reported,Yes,14599,112000
1930,INFINITI,Q50 Premium,2014,Gasoline,328.0HP 3.7L V6 Cylinder Engine Gasoline Fuel,7-Speed A/T,Black,Black,At least 1 accident or damage reported,Yes,19990,127356
1931,Volkswagen,Touareg V6 Executive,2017,Gasoline,280.0HP 3.6L V6 Cylinder Engine Gasoline Fuel,8-Speed A/T,Red,Brown,At least 1 accident or damage reported,Yes,28890,50600
1932,Chevrolet,Suburban 1500 LTZ,2011,E85 Flex Fuel,320.0HP 5.3L 8 Cylinder Engine Flex Fuel Capability,6-Speed A/T,Black,Black,None reported,Yes,9950,194000
1933,Toyota,Tundra SR5,2021,Gasoline,381.0HP 5.7L 8 Cylinder Engine Gasoline Fuel,6-Speed A/T,Green,Black,None reported,Yes,44750,33455
1934,BMW,X1 sDrive28i,2022,Gasoline,228.0HP 2.0L 4 Cylinder Engine Gasoline Fuel,8-Speed A/T,Gray,Black,None reported,Yes,35750,43000
1935,Mercedes-Benz,GL-Class GL 550 4MATIC,2016,Gasoline,429.0HP 4.7L 8 Cylinder Engine Gasoline Fuel,7-Speed A/T,Black,Beige,None reported,Yes,35300,46102
1936,Cadillac,XTS Luxury,2019,Gasoline,304.0HP 3.6L V6 Cylinder Engine Gasoline Fuel,6-Speed A/T,Black,Black,None reported,Yes,21000,59000
1937,Jaguar,XJ8 Base,2004,Gasoline,294.0HP 4.2L 8 Cylinder Engine Gasoline Fuel,6-Speed A/T,Black,Beige,At least 1 accident or damage reported,Yes,9500,134000
1938,Chevrolet,Camaro ZL1,2020,Gasoline,650.0HP 6.2L 8 Cylinder Engine Gasoline Fuel,A/T,Black,Black,None reported,Yes,150000,3715
1939,Mercedes-Benz,Sprinter 2500,2012,Diesel,188.0HP 3.0L V6 Cylinder Engine Diesel Fuel,A/T,White,–,At least 1 accident or damage reported,Yes,24000,100245
1940,Mercedes-Benz,C-Class C 300 4MATIC,2022,Gasoline,2.0L I4 16V GDI DOHC Turbo,9-Speed Automatic,Cirrus Silver Metallic,AMG Black,None reported,,42999,8583
1941,Dodge,Dakota SLT,2003,Gasoline,230.0HP 4.7L 8 Cylinder Engine Gasoline Fuel,A/T,Red,Gray,At least 1 accident or damage reported,Yes,5700,141800
1942,Audi,A5 2.0T Premium Plus,2012,Gasoline,211.0HP 2.0L 4 Cylinder Engine Gasoline Fuel,8-Speed A/T,White,Black,None reported,Yes,13800,77000
1943,Audi,A5 2.0T Premium,2018,Gasoline,252.0HP 2.0L 4 Cylinder Engine Gasoline Fuel,Transmission w/Dual Shift Mode,Pink,Brown,At least 1 accident or damage reported,Yes,31500,67035
1944,Audi,S5 3.0 Premium Plus,2012,Gasoline,333.0HP 3.0L V6 Cylinder Engine Gasoline Fuel,7-Speed A/T,White,Gray,None reported,Yes,19500,61450
1945,Porsche,Panamera GTS,2015,Gasoline,440.0HP 4.8L 8 Cylinder Engine Gasoline Fuel,Transmission w/Dual Shift Mode,Black,Black,None reported,Yes,52590,39500
1946,Mercedes-Benz,AMG GT C,2020,Gasoline,550.0HP 4.0L 8 Cylinder Engine Gasoline Fuel,Transmission w/Dual Shift Mode,Black,Beige,None reported,Yes,128900,6600
1947,Chevrolet,Camaro 2SS,2023,Gasoline,455.0HP 6.2L 8 Cylinder Engine Gasoline Fuel,6-Speed M/T,Red,Black,None reported,Yes,51500,2300
1948,Audi,Q7 Premium Plus,2023,Hybrid,3.0 Liter TFSI,Automatic,Mythos Black,Black,None reported,,61998,10601
1949,Maserati,GranTurismo MC,2018,Gasoline,454.0HP 4.7L 8 Cylinder Engine Gasoline Fuel,Transmission w/Dual Shift Mode,Red,Black,None reported,Yes,67000,18000
1950,GMC,Sierra 2500 AT4,2022,Gasoline,6.6L V8 16V GDI OHV,Automatic,Cayenne Red Tintcoat,Jet Black,At least 1 accident or damage reported,,67963,31681
1951,Cadillac,XT6 Sport AWD,2020,Gasoline,3.6L V6 24V GDI DOHC,9-Speed Automatic,Garnet Red Metallic,Jet Black,At least 1 accident or damage reported,,49427,24114
1952,Jeep,Grand Cherokee L Laredo,2022,Gasoline,3.6L V6 24V MPFI DOHC,Automatic,Bright White Clearcoat,Global Black,,,43389,22109
1953,Chevrolet,Avalanche 1500 LT,2012,E85 Flex Fuel,320.0HP 5.3L 8 Cylinder Engine Flex Fuel Capability,A/T,Black,Black,None reported,Yes,18000,148000
1954,BMW,M5 Base,2018,Gasoline,600.0HP 4.4L 8 Cylinder Engine Gasoline Fuel,Transmission w/Dual Shift Mode,White,White,None reported,Yes,60200,41000
1955,Nissan,Titan SE,2009,E85 Flex Fuel,317.0HP 5.6L 8 Cylinder Engine Flex Fuel Capability,A/T,Brown,Gray,None reported,Yes,19500,127600
1956,Dodge,Ram 1500 SRT-10 Quad Cab,2005,Gasoline,500.0HP 8.3L 10 Cylinder Engine Gasoline Fuel,4-Speed A/T,Red,Black,At least 1 accident or damage reported,Yes,19000,138450
1957,GMC,Sierra 1500 SLT,2013,E85 Flex Fuel,315.0HP 5.3L 8 Cylinder Engine Flex Fuel Capability,A/T,White,Black,None reported,Yes,15500,230000
1958,Lexus,RX 350 F Sport,2017,Gasoline,295.0HP 3.5L V6 Cylinder Engine Gasoline Fuel,A/T,Black,Red,None reported,Yes,33000,53649
1959,Mercedes-Benz,GL-Class GL 450 4MATIC,2012,Gasoline,335.0HP 4.6L 8 Cylinder Engine Gasoline Fuel,7-Speed A/T,Black,Black,At least 1 accident or damage reported,Yes,11999,174000
1960,INFINITI,QX80 Luxe,2022,Gasoline,5.6L V8 32V GDI DOHC,Automatic,Black Obsidian,Graphite,At least 1 accident or damage reported,Yes,47645,49860
1961,Mercedes-Benz,AMG C 63 S,2021,Gasoline,503.0HP 4.0L 8 Cylinder Engine Gasoline Fuel,9-Speed A/T,Blue,Black,None reported,Yes,75000,13650
1962,BMW,528 i xDrive,2016,Gasoline,240.0HP 2.0L 4 Cylinder Engine Gasoline Fuel,A/T,Brown,Brown,At least 1 accident or damage reported,Yes,13500,134000
1963,Porsche,911 Carrera,2014,Gasoline,350.0HP 3.4L Flat 6 Cylinder Engine Gasoline Fuel,Transmission w/Dual Shift Mode,Brown,Brown,None reported,Yes,68000,78000
1964,Porsche,Boxster S,2005,Gasoline,280.0HP 3.2L Flat 6 Cylinder Engine Gasoline Fuel,A/T,Blue,Gray,None reported,Yes,21750,65750
1965,BMW,X6 M Base,2021,Gasoline,600.0HP 4.4L 8 Cylinder Engine Gasoline Fuel,8-Speed A/T,Black,Black,None reported,Yes,94000,18000
1966,Ford,Mustang Premium,2007,Gasoline,210.0HP 4.0L V6 Cylinder Engine Gasoline Fuel,A/T,White,Black,None reported,Yes,9450,121630
1967,Rivian,R1S Launch Edition,2023,,835.0HP Electric Motor Electric Fuel System,1-Speed A/T,Silver,Gray,None reported,Yes,89999,4500
1968,Volvo,XC90 Recharge Plug-In Hybrid T8 Inscription 7 Passenger,2022,Hybrid,2.0L I4 16V GDI DOHC Hybrid,8-Speed Automatic,Black,Gray,None reported,,61999,9408
1969,BMW,528 i xDrive,2016,Gasoline,240.0HP 2.0L 4 Cylinder Engine Gasoline Fuel,A/T,White,White,None reported,Yes,16000,120000
1970,Cadillac,Escalade ESV Platinum,2016,Gasoline,420.0HP 6.2L 8 Cylinder Engine Gasoline Fuel,8-Speed A/T,White,Beige,None reported,Yes,29500,168600
1971,Chevrolet,Corvette Base,2004,Gasoline,350.0HP 5.7L 8 Cylinder Engine Gasoline Fuel,6-Speed M/T,Gray,Black,None reported,Yes,25900,43705
1972,Audi,A5 2.0T Premium,2013,Gasoline,211.0HP 2.0L 4 Cylinder Engine Gasoline Fuel,Transmission w/Dual Shift Mode,Blue,Beige,None reported,Yes,11500,111000
1973,Audi,TT 2.0T Premium,2012,Gasoline,211.0HP 2.0L 4 Cylinder Engine Gasoline Fuel,Transmission w/Dual Shift Mode,Silver,Black,None reported,Yes,17000,64549
1974,Buick,LaCrosse CX,2007,Gasoline,200.0HP 3.8L V6 Cylinder Engine Gasoline Fuel,4-Speed A/T,Red,Gray,None reported,Yes,6500,53000
1975,Chevrolet,Camaro 2SS,2017,Gasoline,455.0HP 6.2L 8 Cylinder Engine Gasoline Fuel,8-Speed A/T,White,Black,None reported,Yes,44900,13465
1976,Tesla,Model Y Long Range,2023,,425.0HP Electric Motor Electric Fuel System,A/T,White,Black,None reported,Yes,52000,5844
1977,BMW,M3 Base,2015,Gasoline,425.0HP 3.0L Straight 6 Cylinder Engine Gasoline Fuel,M/T,Gray,Black,None reported,Yes,40000,74000
1978,Kia,Optima LX,2011,Gasoline,200.0HP 2.4L 4 Cylinder Engine Gasoline Fuel,A/T,Red,–,At least 1 accident or damage reported,Yes,6900,100331
1979,Toyota,Supra 3.0 Premium,2022,Gasoline,382.0HP 3.0L Straight 6 Cylinder Engine Gasoline Fuel,A/T,Black,Black,None reported,Yes,53568,24850
1980,Lincoln,Nautilus Reserve,2021,Gasoline,2.0L I4 16V GDI DOHC Turbo,8-Speed Automatic,Pristine White,Slate,None reported,,43860,17467
1981,Nissan,Pathfinder SL,2015,Gasoline,260.0HP 3.5L V6 Cylinder Engine Gasoline Fuel,A/T,Gray,Black,None reported,Yes,11995,115000
1982,BMW,X5 xDrive50i,2015,Gasoline,445.0HP 4.4L 8 Cylinder Engine Gasoline Fuel,Transmission w/Dual Shift Mode,Black,Brown,At least 1 accident or damage reported,Yes,26500,72000
1983,Mazda,MazdaSpeed3 Grand Touring,2008,Gasoline,263.0HP 2.3L 4 Cylinder Engine Gasoline Fuel,6-Speed M/T,Black,Black,At least 1 accident or damage reported,Yes,6500,162000
1984,GMC,Yukon XL SLT,2017,Gasoline,355.0HP 5.3L 8 Cylinder Engine Gasoline Fuel,A/T,Black,Black,None reported,Yes,45500,47589
1985,Toyota,bZ4X Limited,2023,,Electric,Automatic,Wind Chill Pearl,Black,None reported,,41999,6548
1986,RAM,ProMaster 2500 High Roof,2018,Gasoline,280.0HP 3.6L V6 Cylinder Engine Gasoline Fuel,6-Speed A/T,White,Gray,None reported,Yes,36990,10339
1987,RAM,1500 Classic SLT,2021,Gasoline,3.6L V6 24V MPFI DOHC,8-Speed Automatic,Patriot Blue Pearlcoat,Black,None reported,Yes,35113,32092
1988,Lexus,GS 350 Base,2014,Gasoline,3.5 Liter,Automatic,Nebula Gray Pearl,Black,At least 1 accident or damage reported,,23998,85275
1989,Hyundai,Tucson Limited,2016,Gasoline,175.0HP 1.6L 4 Cylinder Engine Gasoline Fuel,7-Speed A/T,Brown,Beige,None reported,Yes,10990,138000
1990,Chevrolet,SSR Base,2003,Gasoline,300.0HP 5.3L 8 Cylinder Engine Gasoline Fuel,A/T,Red,Black,None reported,Yes,16999,87500
1991,Maserati,GranTurismo Base,2013,Gasoline,440.0HP 4.7L 8 Cylinder Engine Gasoline Fuel,6-Speed A/T,Gray,Brown,None reported,Yes,38900,34920
1992,Tesla,Model X Performance,2020,,Electric,1-Speed Automatic,Black,Black,None reported,,65999,27224
1993,BMW,M2 Base,2018,Gasoline,365.0HP 3.0L Straight 6 Cylinder Engine Gasoline Fuel,7-Speed A/T,Black,Black,None reported,Yes,52000,25000
1994,Tesla,Model Y Long Range,2021,,425.0HP Electric Motor Electric Fuel System,A/T,Red,Black,None reported,Yes,48500,14642
1995,Subaru,Outback 2.5i Limited,2015,Gasoline,175.0HP 2.5L 4 Cylinder Engine Gasoline Fuel,CVT Transmission,Gray,Black,None reported,Yes,13999,162000
1996,Buick,Roadmaster Estate,1996,Gasoline,260.0HP 5.7L 8 Cylinder Engine Gasoline Fuel,4-Speed A/T,White,Beige,At least 1 accident or damage reported,Yes,16999,119500
1997,Land,Rover Range Rover 5.0L Supercharged,2017,Gasoline,510.0HP 5.0L 8 Cylinder Engine Gasoline Fuel,A/T,Silver,Black,None reported,Yes,36500,101800
1998,Ford,Expedition Max XLT,2021,Gasoline,3.5L V6 24V PDI DOHC Twin Turbo,10-Speed Automatic,Blue,Ebony,None reported,Yes,42691,84351
1999,Nissan,Leaf SL,2012,,107.0HP Electric Motor Electric Fuel System,1-Speed A/T,White,Beige,None reported,Yes,6700,26930
2000,Toyota,Tacoma TRD Pro,2019,Gasoline,3.5L V6 24V PDI DOHC,6-Speed,Super White,Black,None reported,,42886,40698
2001,Mercedes-Benz,AMG GT 63 S 4-Door,2020,Gasoline,630.0HP 4.0L 8 Cylinder Engine Gasoline Fuel,9-Speed A/T,Black,Red,None reported,Yes,112500,40000
2002,BMW,230 i,2019,Gasoline,248.0HP 2.0L 4 Cylinder Engine Gasoline Fuel,8-Speed A/T,Blue,Beige,At least 1 accident or damage reported,Yes,29000,30000
2003,Lexus,ES 350 Base,2007,Gasoline,272.0HP 3.5L V6 Cylinder Engine Gasoline Fuel,6-Speed A/T,Silver,Beige,At least 1 accident or damage reported,Yes,10600,78980
2004,Porsche,911 Carrera S Cabriolet,2007,Gasoline,3.8L H6 24V MPFI DOHC,6-Speed Manual,White,Beige,,,69995,28844
2005,Porsche,Taycan Turbo,2020,,Dual AC Electric Motors,Single-Speed Fixed Gear,BLACK,BEIGE,None reported,,96900,21028
2006,Maserati,Levante Modena,2023,Gasoline,3.0L V6 24V GDI DOHC Twin Turbo,8-Speed Automatic,Blu,Black,None reported,Yes,88950,5409
2007,Dodge,Challenger SRT Hellcat,2020,Gasoline,717.0HP 6.2L 8 Cylinder Engine Gasoline Fuel,8-Speed A/T,Black,Black,At least 1 accident or damage reported,Yes,69900,12700
2008,Mazda,Mazda6 Touring,2021,Gasoline,187.0HP 2.5L 4 Cylinder Engine Gasoline Fuel,A/T,Blue,Black,,,25900,19000
2009,Audi,S4 3.0T Premium,2019,Gasoline,349.0HP 3.0L V6 Cylinder Engine Gasoline Fuel,A/T,Black,Black,None reported,Yes,48000,12000
2010,Ford,Mustang GT Premium,2016,Gasoline,435.0HP 5.0L 8 Cylinder Engine Gasoline Fuel,6-Speed M/T,Black,Black,None reported,Yes,33900,25717
2011,Tesla,Model Y Long Range,2022,,425.0HP Electric Motor Electric Fuel System,A/T,Blue,Black,None reported,Yes,44400,12055
2012,Audi,TTS 2.0T Premium Plus,2011,Gasoline,265.0HP 2.0L 4 Cylinder Engine Gasoline Fuel,6-Speed A/T,Orange,–,At least 1 accident or damage reported,Yes,23000,69700
2013,BMW,M2 Competition,2020,Gasoline,405.0HP 3.0L Straight 6 Cylinder Engine Gasoline Fuel,7-Speed A/T,Black,Black,None reported,Yes,55000,25013
2014,Audi,Q4 e-tron Sportback Premium,2023,,295.0HP Electric Motor Electric Fuel System,A/T,Blue,Black,None reported,Yes,54900,1156
2015,BMW,740 i,2016,Gasoline,320.0HP 3.0L Straight 6 Cylinder Engine Gasoline Fuel,8-Speed A/T,Gray,Black,None reported,Yes,27500,57939
2016,Mercedes-Benz,AMG GLE 43 Coupe 4MATIC,2018,Gasoline,385.0HP 3.0L V6 Cylinder Engine Gasoline Fuel,Transmission w/Dual Shift Mode,Gray,Black,None reported,Yes,49999,52694
2017,Mercedes-Benz,S-Class S 550 4MATIC,2015,Gasoline,449.0HP 4.7L 8 Cylinder Engine Gasoline Fuel,7-Speed A/T,White,Beige,None reported,Yes,37000,54000
2018,Honda,S2000 Base,2002,Gasoline,240.0HP 2.0L 4 Cylinder Engine Gasoline Fuel,6-Speed M/T,Yellow,Red,None reported,Yes,27000,110500
2019,Chevrolet,Corvette Base,2000,Gasoline,345.0HP 5.7L 8 Cylinder Engine Gasoline Fuel,6-Speed M/T,Yellow,Black,None reported,Yes,10000,97500
2020,Chevrolet,Colorado Z71,2020,Gasoline,3.6L V6 24V GDI DOHC,Automatic,Red,Jet Black,None reported,Yes,35387,20909
2021,Mercedes-Benz,S-Class S 63 AMG,2013,Gasoline,536.0HP 5.5L 8 Cylinder Engine Gasoline Fuel,7-Speed A/T,Silver,Black,None reported,Yes,40000,77648
2022,Bentley,Continental GTC Base,2013,Gasoline,616.0HP 6.0L 12 Cylinder Engine Gasoline Fuel,8-Speed A/T,Black,Black,None reported,Yes,64000,79422
2023,GMC,Sierra 2500 SLE H/D Extended Cab,2002,Gasoline,340.0HP 8.1L 8 Cylinder Engine Gasoline Fuel,A/T,Silver,Gray,At least 1 accident or damage reported,Yes,16900,53850
2024,Audi,SQ5 3.0T Premium,2020,Gasoline,349.0HP 3.0L V6 Cylinder Engine Gasoline Fuel,8-Speed A/T,Blue,Black,None reported,Yes,42000,21832
2025,Toyota,Corolla iM Base,2017,Gasoline,137.0HP 1.8L 4 Cylinder Engine Gasoline Fuel,6-Speed M/T,Black,Black,None reported,Yes,18700,41932
2026,GMC,Yukon XL SLT,2017,Gasoline,355.0HP 5.3L 8 Cylinder Engine Gasoline Fuel,A/T,Blue,Black,At least 1 accident or damage reported,Yes,34999,110000
2027,Toyota,Tundra 1794,2020,Gasoline,381.0HP 5.7L 8 Cylinder Engine Gasoline Fuel,A/T,Black,Brown,None reported,Yes,47500,67400
2028,Subaru,WRX Premium,2017,Gasoline,268.0HP 2.0L 4 Cylinder Engine Gasoline Fuel,M/T,Red,Black,At least 1 accident or damage reported,Yes,24000,62662
2029,Subaru,WRX Base,2015,Gasoline,268.0HP 2.0L 4 Cylinder Engine Gasoline Fuel,M/T,White,Black,At least 1 accident or damage reported,Yes,18000,102000
2030,INFINITI,Q50 Premium,2014,Gasoline,328.0HP 3.7L V6 Cylinder Engine Gasoline Fuel,7-Speed A/T,Red,White,At least 1 accident or damage reported,Yes,16488,79785
2031,Chevrolet,Suburban Premier,2017,Gasoline,355.0HP 5.3L 8 Cylinder Engine Gasoline Fuel,6-Speed A/T,White,Beige,At least 1 accident or damage reported,Yes,24950,166549
2032,Toyota,Sequoia Limited,2006,Gasoline,273.0HP 4.7L 8 Cylinder Engine Gasoline Fuel,A/T,Black,Gray,At least 1 accident or damage reported,Yes,8900,190656
2033,Dodge,Challenger R/T Scat Pack,2016,–,–,6-Speed M/T,Red,Red,None reported,Yes,37500,7928
2034,Porsche,Cayenne GTS,2009,Gasoline,405.0HP 4.8L 8 Cylinder Engine Gasoline Fuel,Transmission w/Dual Shift Mode,Black,Black,None reported,Yes,15000,135606
2035,Kia,Telluride S,2023,Gasoline,291.0HP 3.8L V6 Cylinder Engine Gasoline Fuel,8-Speed A/T,Blue,Black,None reported,Yes,39900,14700
2036,Mercedes-Benz,AMG E 63 S 4MATIC,2019,Gasoline,603.0HP 4.0L 8 Cylinder Engine Gasoline Fuel,9-Speed A/T,Gray,Black,At least 1 accident or damage reported,Yes,96000,12985
2037,BMW,Z4 sDrive35is,2014,Gasoline,335.0HP 3.0L Straight 6 Cylinder Engine Gasoline Fuel,Transmission w/Dual Shift Mode,White,Red,None reported,Yes,64995,4200
2038,Subaru,Impreza 2.0i Sport,2017,Gasoline,152.0HP 2.0L 4 Cylinder Engine Gasoline Fuel,5-Speed M/T,Red,Black,None reported,Yes,23500,44000
2039,Dodge,Dart SE,2015,Gasoline,160.0HP 2.0L 4 Cylinder Engine Gasoline Fuel,6-Speed M/T,Black,Black,None reported,Yes,12000,66000
2040,Land,Rover Range Rover P525 Westminster,2021,Gasoline,5.0L V8 32V GDI DOHC Supercharged,8-Speed Automatic,Santorini Black Metallic,Ebony,None reported,,89900,17945
2041,Nissan,370Z Base,2013,Gasoline,332.0HP 3.7L V6 Cylinder Engine Gasoline Fuel,6-Speed M/T,Red,Black,None reported,Yes,17500,106700
2042,Cadillac,Escalade ESV Luxury,2020,Gasoline,420.0HP 6.2L 8 Cylinder Engine Gasoline Fuel,10-Speed A/T,Black,Black,None reported,Yes,55000,120000
2043,Mercedes-Benz,E-Class E 350,2012,Gasoline,302.0HP 3.5L V6 Cylinder Engine Gasoline Fuel,Transmission w/Dual Shift Mode,White,Beige,None reported,Yes,19900,59600
2044,Kia,Optima Hybrid EX,2012,Hybrid,206.0HP 2.4L 4 Cylinder Engine Gas/Electric Hybrid,A/T,Black,Black,None reported,Yes,8900,117220
2045,Chevrolet,Silverado 3500 LTZ,2022,Diesel,445.0HP 6.6L 8 Cylinder Engine Diesel Fuel,10-Speed A/T,Silver,Gray,None reported,Yes,67500,85200
2046,Volkswagen,Golf GTI 2.0T SE 4-Door,2018,Gasoline,220.0HP 2.0L 4 Cylinder Engine Gasoline Fuel,6-Speed M/T,White,Black,None reported,Yes,24325,63450
2047,Dodge,Ram 1500 SRT-10,2004,Gasoline,500.0HP 8.3L 10 Cylinder Engine Gasoline Fuel,6-Speed M/T,Black,Gray,None reported,Yes,22500,73000
2048,Scion,tC Anniversary Edition,2014,Gasoline,179.0HP 2.5L 4 Cylinder Engine Gasoline Fuel,6-Speed M/T,Silver,Silver,None reported,Yes,11495,115000
2049,Land,Rover Range Rover 5.0L Supercharged Autobiography,2016,Gasoline,510.0HP 5.0L 8 Cylinder Engine Gasoline Fuel,8-Speed A/T,Black,Brown,None reported,Yes,49900,56000
2050,Lexus,LS 500 Base,2018,Gasoline,"3.5L V-6 port/direct injection, DOHC, VVT-iE/VVT-i variable valv","Automatic, 10-Spd",–,–,None reported,,40900,67296
2301,Acura,TL 3.2,2008,Gasoline,258.0HP 3.2L V6 Cylinder Engine Gasoline Fuel,A/T,Black,Black,At least 1 accident or damage reported,Yes,10000,193783
2051,Chevrolet,Suburban 1500 LT,2015,Gasoline,355.0HP 5.3L 8 Cylinder Engine Gasoline Fuel,6-Speed A/T,Black,–,At least 1 accident or damage reported,Yes,16000,179200
2052,Maserati,GranTurismo Base,2015,Gasoline,444.0HP 4.7L 8 Cylinder Engine Gasoline Fuel,6-Speed A/T,White,Red,None reported,Yes,44999,28000
2053,Porsche,911 Carrera Turbo,2003,Gasoline,415.0HP 3.6L Flat 6 Cylinder Engine Gasoline Fuel,6-Speed M/T,Black,Black,None reported,Yes,55000,155000
2054,Hyundai,Sonata Hybrid Base,2012,Hybrid,206.0HP 2.4L 4 Cylinder Engine Gas/Electric Hybrid,A/T,Green,Gray,At least 1 accident or damage reported,Yes,8500,154000
2055,Cadillac,CTS Luxury,2012,Gasoline,270.0HP 3.0L V6 Cylinder Engine Gasoline Fuel,6-Speed A/T,Red,Beige,At least 1 accident or damage reported,Yes,18955,62500
2056,BMW,323 Ci,2000,Gasoline,170.0HP 2.5L Straight 6 Cylinder Engine Gasoline Fuel,5-Speed A/T,Silver,Black,None reported,Yes,2500,177700
2057,Tesla,Model 3 Standard Range Plus,2019,,Electric Motor Electric Fuel System,A/T,Black,Black,At least 1 accident or damage reported,Yes,26000,83700
2058,Chevrolet,1500 Cheyenne Extended Cab,1995,–,–,4-Speed A/T,White,Brown,At least 1 accident or damage reported,Yes,6500,120000
2059,Nissan,370Z Touring,2012,Gasoline,332.0HP 3.7L V6 Cylinder Engine Gasoline Fuel,6-Speed M/T,Gray,Black,None reported,Yes,21500,65000
2060,Mercedes-Benz,GLS 450 Base 4MATIC,2018,Gasoline,3.0 Liter DOHC Twin Turbo,Automatic,Black,–,At least 1 accident or damage reported,,38598,62808
2061,Ford,Mustang GT Premium,2021,Gasoline,460.0HP 5.0L 8 Cylinder Engine Gasoline Fuel,6-Speed M/T,Red,Black,None reported,Yes,49500,3000
2062,Audi,Q5 2.0T Premium,2012,Gasoline,211.0HP 2.0L 4 Cylinder Engine Gasoline Fuel,A/T,Gray,–,None reported,Yes,12000,119000
2063,RAM,2500 Big Horn,2013,Diesel,350.0HP 6.7L Straight 6 Cylinder Engine Diesel Fuel,6-Speed A/T,Brown,Beige,None reported,Yes,25000,198868
2064,Dodge,Ram 1500 ST,2011,Gasoline,210.0HP 3.7L V6 Cylinder Engine Gasoline Fuel,A/T,Silver,Black,At least 1 accident or damage reported,Yes,8500,188000
2065,Mercedes-Benz,C-Class C 300 4MATIC Sport,2013,Gasoline,248.0HP 3.5L V6 Cylinder Engine Gasoline Fuel,A/T,Black,Black,None reported,Yes,10750,157405
2066,Dodge,Challenger SRT Hellcat,2016,Gasoline,707.0HP 6.2L 8 Cylinder Engine Gasoline Fuel,8-Speed A/T,Blue,Black,None reported,Yes,62500,8228
2067,Land,Rover Range Rover 3.0L Supercharged HSE,2018,Gasoline,380.0HP 3.0L V6 Cylinder Engine Gasoline Fuel,A/T,Blue,Beige,None reported,Yes,42950,73101
2068,BMW,M4 Base,2018,Gasoline,425.0HP 3.0L Straight 6 Cylinder Engine Gasoline Fuel,6-Speed M/T,White,White,None reported,Yes,60995,10950
2069,Mercedes-Benz,S-Class S 560 4MATIC,2018,Gasoline,463.0HP 4.0L 8 Cylinder Engine Gasoline Fuel,A/T,Black,–,At least 1 accident or damage reported,Yes,47000,63160
2070,Land,Rover Range Rover 5.0L V8 Supercharged,2019,Gasoline,"5L V-8 gasoline direct injection, DOHC, variable valve control,","Automatic, 8-Spd",–,–,None reported,,68900,31866
2071,Chevrolet,Express 3500 Base,2009,Gasoline,319.0HP 6.0L 8 Cylinder Engine Gasoline Fuel,A/T,White,Gray,None reported,Yes,18900,75000
2072,Toyota,4Runner TRD Pro,2016,Gasoline,270.0HP 4.0L V6 Cylinder Engine Gasoline Fuel,A/T,Black,Black,At least 1 accident or damage reported,Yes,36000,98000
2073,Mazda,MX-5 Miata Grand Touring,2012,Gasoline,167.0HP 2.0L 4 Cylinder Engine Gasoline Fuel,6-Speed M/T,Red,Beige,None reported,Yes,18900,33576
2074,Volkswagen,Touareg VR6 Lux,2012,Gasoline,280.0HP 3.6L V6 Cylinder Engine Gasoline Fuel,A/T,Gray,Beige,At least 1 accident or damage reported,Yes,12449,123200
2075,Jaguar,XJ Base,2013,Gasoline,340.0HP 3.0L V6 Cylinder Engine Gasoline Fuel,A/T,Blue,White,None reported,Yes,8800,112000
2076,Chevrolet,Camaro 2SS,2010,Gasoline,426.0HP 6.2L 8 Cylinder Engine Gasoline Fuel,6-Speed A/T,Gray,Gray,At least 1 accident or damage reported,Yes,19500,68000
2077,INFINITI,G37 x,2012,Gasoline,328.0HP 3.7L V6 Cylinder Engine Gasoline Fuel,Transmission w/Dual Shift Mode,Red,Black,At least 1 accident or damage reported,Yes,14500,120000
2078,BMW,X6 xDrive50i,2019,Gasoline,445.0HP 4.4L 8 Cylinder Engine Gasoline Fuel,8-Speed A/T,Silver,Black,At least 1 accident or damage reported,Yes,46999,45000
2079,Chevrolet,Camaro LT1,2022,Gasoline,455.0HP 6.2L 8 Cylinder Engine Gasoline Fuel,10-Speed A/T,Gray,Black,None reported,Yes,39500,6700
2080,Porsche,Taycan Base,2021,,Electric,2-Speed Automatic,Gentian Blue Metallic,Black,None reported,,108900,6785
2081,Mercedes-Benz,S-Class S 63 AMG,2015,Gasoline,577.0HP 5.5L 8 Cylinder Engine Gasoline Fuel,7-Speed A/T,White,–,None reported,Yes,59750,40900
2082,Cadillac,Escalade ESV Premium Luxury,2018,Gasoline,420.0HP 6.2L 8 Cylinder Engine Gasoline Fuel,10-Speed A/T,Gold,Brown,None reported,Yes,45000,74150
2083,Toyota,Camry Hybrid XLE,2014,Hybrid,200.0HP 2.5L 4 Cylinder Engine Gas/Electric Hybrid,A/T,Silver,Gray,None reported,Yes,15999,94448
2084,Audi,A6 3.0T Prestige,2015,Gasoline,310.0HP 3.0L V6 Cylinder Engine Gasoline Fuel,Transmission w/Dual Shift Mode,Black,Brown,None reported,Yes,19998,108000
2085,BMW,X5 M Base,2012,Gasoline,555.0HP 4.4L 8 Cylinder Engine Gasoline Fuel,Transmission w/Dual Shift Mode,White,Orange,At least 1 accident or damage reported,Yes,17000,118000
2086,Jaguar,F-PACE SVR,2020,Gasoline,550.0HP 5.0L 8 Cylinder Engine Gasoline Fuel,Transmission w/Dual Shift Mode,Black,Black,None reported,Yes,57500,38800
2087,BMW,740 i,2017,Gasoline,320.0HP 3.0L Straight 6 Cylinder Engine Gasoline Fuel,Transmission w/Dual Shift Mode,White,Black,None reported,Yes,40000,55000
2088,BMW,M340 i xDrive,2021,Hybrid,382.0HP 3.0L Straight 6 Cylinder Engine Gasoline/Mild Electric Hybrid,8-Speed A/T,Blue,Beige,At least 1 accident or damage reported,Yes,49999,34967
2089,Jeep,Wrangler Unlimited Sport,2016,Gasoline,285.0HP 3.6L V6 Cylinder Engine Gasoline Fuel,5-Speed A/T,Black,Black,None reported,Yes,30000,85325
2090,RAM,2500 Tradesman,2018,Gasoline,410.0HP 6.4L 8 Cylinder Engine Gasoline Fuel,6-Speed A/T,Gray,Gray,None reported,Yes,36000,63750
2091,Ford,Mustang V6,2016,Gasoline,300.0HP 3.7L V6 Cylinder Engine Gasoline Fuel,6-Speed A/T,Black,Black,None reported,Yes,19999,87248
2092,BMW,328 i,1997,Gasoline,190.0HP 2.8L Straight 6 Cylinder Engine Gasoline Fuel,5-Speed M/T,Red,Black,At least 1 accident or damage reported,Yes,15900,206000
2093,Mercedes-Benz,GL-Class GL 450,2011,Gasoline,335.0HP 4.7L 8 Cylinder Engine Gasoline Fuel,7-Speed A/T,White,Black,None reported,Yes,11999,112854
2094,Rivian,R1S Adventure Package,2023,,835.0HP Electric Motor Electric Fuel System,A/T,Green,Black,None reported,Yes,96850,1150
2095,Tesla,Model Y Long Range,2023,,425.0HP Electric Motor Electric Fuel System,A/T,Blue,Black,None reported,Yes,48000,10000
2096,Mercedes-Benz,E-Class E 350,2022,Gasoline,255.0HP 2.0L 4 Cylinder Engine Gasoline Fuel,9-Speed A/T,Gray,Black,None reported,Yes,53000,14100
2097,BMW,X7 xDrive40i,2023,Hybrid,375.0HP 3.0L Straight 6 Cylinder Engine Gasoline/Mild Electric Hybrid,8-Speed A/T,Black,Black,None reported,Yes,85495,14360
2098,Chevrolet,Trailblazer RS,2023,Gasoline,155.0HP 1.3L 3 Cylinder Engine Gasoline Fuel,9-Speed A/T,Blue,Black,None reported,Yes,32000,10000
2099,Chevrolet,Suburban 1500 LTZ,2015,Gasoline,355.0HP 5.3L 8 Cylinder Engine Gasoline Fuel,A/T,Black,Black,None reported,Yes,20000,217500
2100,Chevrolet,Suburban Premier,2021,Gasoline,5.3L V8 16V GDI OHV,10-Speed Automatic,Midnight Blue Metallic,Jet Black,None reported,Yes,60995,73846
2101,Jeep,Gladiator Overland,2020,Gasoline,285.0HP 3.6L V6 Cylinder Engine Gasoline Fuel,Transmission w/Dual Shift Mode,Gray,Black,None reported,Yes,45000,40000
2102,GMC,Yukon XL AT4,2023,Gasoline,355.0HP 5.3L 8 Cylinder Engine Gasoline Fuel,10-Speed A/T,Black,Black,None reported,Yes,82000,9980
2103,Mazda,Mazda6 Grand Touring Reserve,2019,Gasoline,227.0HP 2.5L 4 Cylinder Engine Gasoline Fuel,6-Speed A/T,Black,Black,None reported,Yes,24995,41997
2104,Alfa,Romeo Giulia Ti,2021,Gasoline,280.0HP 2.0L 4 Cylinder Engine Gasoline Fuel,8-Speed A/T,Blue,Brown,None reported,Yes,39000,2000
2105,Mercedes-Benz,CLA-Class CLA 250,2016,Gasoline,208.0HP 2.0L 4 Cylinder Engine Gasoline Fuel,Transmission w/Dual Shift Mode,Black,Black,At least 1 accident or damage reported,Yes,22999,42750
2106,BMW,330 330i xDrive,2019,Gasoline,Intercooled Turbo Premium Unleaded I-4 2.0 L/122,Automatic,Alpine White,Canberra Beige,None reported,,31698,19473
2107,Volkswagen,Beetle 2.0T S,2019,Gasoline,174.0HP 2.0L 4 Cylinder Engine Gasoline Fuel,A/T,Black,Gray,None reported,Yes,23000,35340
2108,Mercedes-Benz,CLK-Class CLK 350,2008,Gasoline,268.0HP 3.5L V6 Cylinder Engine Gasoline Fuel,7-Speed A/T,White,Beige,At least 1 accident or damage reported,Yes,12000,93000
2109,Audi,RS 7 4.0T Prestige,2014,Gasoline,560.0HP 4.0L 8 Cylinder Engine Gasoline Fuel,8-Speed A/T,White,Black,At least 1 accident or damage reported,Yes,47995,66150
2110,Volvo,XC60 Recharge Plug-In Hybrid T8 Inscription,2022,Plug-In Hybrid,455.0HP 2.0L 4 Cylinder Engine Plug-In Electric/Gas,8-Speed A/T,Blue,Beige,None reported,Yes,54599,19352
2111,Land,Rover Range Rover Supercharged LWB,2020,Gasoline,518.0HP 5.0L 8 Cylinder Engine Gasoline Fuel,A/T,Black,Black,None reported,Yes,64800,81000
2112,Toyota,Sequoia Limited,2011,Gasoline,381.0HP 5.7L 8 Cylinder Engine Gasoline Fuel,6-Speed A/T,Gold,Beige,None reported,Yes,16000,183000
2113,Jeep,Wrangler X,2004,Gasoline,190.0HP 4.0L Straight 6 Cylinder Engine Gasoline Fuel,M/T,Green,Green,At least 1 accident or damage reported,Yes,24999,44000
2114,Audi,S5 3.0T Premium,2021,Gasoline,349.0HP 3.0L V6 Cylinder Engine Gasoline Fuel,8-Speed A/T,Gray,Gray,None reported,Yes,51800,18100
2115,Land,Rover Range Rover Sport Supercharged,2011,Gasoline,510.0HP 5.0L 8 Cylinder Engine Gasoline Fuel,Transmission w/Dual Shift Mode,Blue,Brown,At least 1 accident or damage reported,Yes,20000,40000
2116,Mercedes-Benz,Sprinter 2500,2011,Diesel,188.0HP 3.0L V6 Cylinder Engine Diesel Fuel,5-Speed A/T,Black,Gray,None reported,Yes,31999,120000
2117,Toyota,Sequoia Platinum,2023,Hybrid,437.0HP 3.4L V6 Cylinder Engine Gas/Electric Hybrid,10-Speed A/T,Blue,Gray,None reported,Yes,84997,325
2118,Maserati,Quattroporte S GranLusso,2017,Gasoline,405.0HP 3.0L V6 Cylinder Engine Gasoline Fuel,A/T,Blue,Black,None reported,Yes,39100,55000
2119,Toyota,Land Cruiser Base,1996,–,–,A/T,Blue,Gray,None reported,Yes,7500,233000
2120,Lamborghini,Aventador SVJ Base,2021,Gasoline,6.5L V12 48V MPFI DOHC,7-Speed,–,Nero Ade,None reported,Yes,749950,6987
2121,Ford,Mustang Bullitt,2019,Gasoline,480.0HP 5.0L 8 Cylinder Engine Gasoline Fuel,6-Speed M/T,Black,Black,At least 1 accident or damage reported,Yes,44999,48500
2122,RAM,2500 Tradesman,2018,Diesel,350.0HP 6.7L Straight 6 Cylinder Engine Diesel Fuel,6-Speed A/T,Gray,Black,None reported,Yes,50000,52000
2123,Toyota,FJ Cruiser Base,2007,Gasoline,239.0HP 4.0L V6 Cylinder Engine Gasoline Fuel,A/T,Silver,Black,At least 1 accident or damage reported,Yes,17900,179000
2124,Dodge,Charger Scat Pack,2019,Gasoline,485.0HP 6.4L 8 Cylinder Engine Gasoline Fuel,8-Speed A/T,Silver,Red,None reported,Yes,42000,42626
2125,Lexus,GX 460 Base,2018,Gasoline,301.0HP 4.6L 8 Cylinder Engine Gasoline Fuel,Transmission w/Dual Shift Mode,Gray,Black,At least 1 accident or damage reported,Yes,34700,65900
2126,Genesis,GV80 2.5T,2022,Gasoline,2.5L I4 16V PDI DOHC Turbo,8-Speed Automatic,Black,Black,None reported,,54543,7523
2127,Jaguar,F-PACE 30t R-Sport,2019,Gasoline,2.0 Liter,Automatic,Yulong,Ebony,None reported,,59598,34365
2128,Kia,Sportage S,2021,Gasoline,2.4L I4 16V GDI DOHC,6-Speed Automatic,Hyper Red,Black,None reported,Yes,24995,16949
2129,Mercedes-Benz,S-Class S 580 4MATIC,2022,Hybrid,496.0HP 4.0L 8 Cylinder Engine Gasoline/Mild Electric Hybrid,9-Speed A/T,White,White,None reported,Yes,104999,7968
2130,Porsche,Panamera Base,2018,Gasoline,330.0HP 3.0L V6 Cylinder Engine Gasoline Fuel,Transmission w/Dual Shift Mode,Gray,Gray,None reported,Yes,57500,61000
2131,INFINITI,QX80 Base,2018,Gasoline,5.6L V8 32V GDI DOHC,7-Speed Automatic,Black,Graphite,None reported,,23105,100564
2132,Ford,Maverick Lariat,2022,Hybrid,191.0HP 2.5L 4 Cylinder Engine Gas/Electric Hybrid,CVT Transmission,Blue,Brown,None reported,Yes,39500,13700
2133,Kia,Telluride SX,2021,Gasoline,3.8L V6 24V GDI DOHC,8-Speed Automatic,Ebony Black,Black,None reported,,42242,38612
2134,Chevrolet,Colorado Z85,2005,Gasoline,220.0HP 3.5L 5 Cylinder Engine Gasoline Fuel,A/T,Blue,Gray,At least 1 accident or damage reported,Yes,7995,155000
4537,Ford,Edge Sport,2016,Gasoline,315.0HP 2.7L V6 Cylinder Engine Gasoline Fuel,6-Speed A/T,White,Black,None reported,Yes,19995,92000
2135,Mercedes-Benz,E-Class E 550,2017,Gasoline,402.0HP 4.7L 8 Cylinder Engine Gasoline Fuel,Transmission w/Dual Shift Mode,Gray,White,None reported,Yes,35750,56000
2136,Land,Rover Range Rover Sport SVR,2022,Gasoline,5.0L V8 32V GDI DOHC Supercharged,8-Speed Automatic,Santorini Black Metallic,Ebony,None reported,,114900,15107
2137,Toyota,Corolla Hybrid LE,2022,Hybrid,121.0HP 1.8L 4 Cylinder Engine Gas/Electric Hybrid,A/T,Silver,Gray,None reported,Yes,22945,44459
2138,Mercedes-Benz,E-Class E 300 4MATIC,2017,Gasoline,241.0HP 2.0L 4 Cylinder Engine Gasoline Fuel,A/T,Blue,White,At least 1 accident or damage reported,Yes,38000,31000
2139,Mercedes-Benz,SLK-Class SLK 350,2012,Gasoline,302.0HP 3.5L V6 Cylinder Engine Gasoline Fuel,Transmission w/Dual Shift Mode,Gray,White,At least 1 accident or damage reported,Yes,22222,44000
2140,Mercedes-Benz,E-Class E 400 4MATIC,2018,Gasoline,3.0L V6 24V GDI DOHC Twin Turbo,9-Speed Automatic,Black,Black,None reported,Yes,47645,22558
2141,Jeep,Wrangler X,2003,Gasoline,210.0HP 4.0L Straight 6 Cylinder Engine Gasoline Fuel,4-Speed A/T,Beige,Beige,None reported,Yes,14250,116157
2142,Lincoln,Navigator Premiere,2018,Gasoline,450.0HP 3.5L V6 Cylinder Engine Gasoline Fuel,10-Speed A/T,Black,Black,At least 1 accident or damage reported,Yes,50000,23500
2143,Chevrolet,Corvette Base,2008,Gasoline,430.0HP 6.2L 8 Cylinder Engine Gasoline Fuel,Transmission w/Dual Shift Mode,Red,Beige,None reported,Yes,31000,28150
2144,GMC,Yukon XL Denali,2016,Gasoline,420.0HP 6.2L 8 Cylinder Engine Gasoline Fuel,A/T,Black,Black,At least 1 accident or damage reported,Yes,29500,137500
2145,Mercedes-Benz,Metris Base,2021,Gasoline,2.0L I4 16V GDI DOHC Turbo,9-Speed Automatic,Black,Tan,None reported,Yes,157500,2284
2146,Land,Rover Range Rover P530 SE LWB 7 Seat,2023,Gasoline,523.0HP 4.4L 8 Cylinder Engine Gasoline Fuel,Transmission w/Dual Shift Mode,Black,Beige,None reported,Yes,195000,350
2147,Ford,Explorer XLT,2017,E85 Flex Fuel,290.0HP 3.5L V6 Cylinder Engine Flex Fuel Capability,A/T,White,Beige,None reported,Yes,13000,169000
2148,Ferrari,488 GTB Base,2018,Gasoline,3.9L V8 32V GDI DOHC Twin Turbo,7-Speed Automatic with Auto-Shift,Rosso Corsa,Nero,None reported,,243900,17761
2149,Chevrolet,Camaro 2SS,2010,Gasoline,426.0HP 6.2L 8 Cylinder Engine Gasoline Fuel,M/T,Yellow,Black,None reported,Yes,30000,8949
2150,BMW,750 i xDrive,2020,Gasoline,523.0HP 4.4L 8 Cylinder Engine Gasoline Fuel,8-Speed A/T,Black,Black,,,66000,25108
2151,Land,Rover Range Rover 3.0L Supercharged HSE,2016,Gasoline,380.0HP 3.0L V6 Cylinder Engine Gasoline Fuel,Transmission w/Dual Shift Mode,Black,Black,None reported,Yes,33999,103000
2152,Porsche,911 Carrera 4 Cabriolet,2003,Gasoline,315.0HP 3.6L Flat 6 Cylinder Engine Gasoline Fuel,Transmission w/Dual Shift Mode,Black,Black,At least 1 accident or damage reported,Yes,32000,87600
2153,Maserati,MC20 Base,2022,Gasoline,3.0L V6 24V PDI DOHC Twin Turbo,8-Speed Automatic with Auto-Shift,Matte White,Black,None reported,Yes,279000,1087
2154,Mercedes-Benz,CLA-Class CLA 250,2015,Gasoline,208.0HP 2.0L 4 Cylinder Engine Gasoline Fuel,A/T,Red,Black,At least 1 accident or damage reported,Yes,15999,76753
2155,Mercedes-Benz,Metris Base,2019,Gasoline,208.0HP 2.0L 4 Cylinder Engine Gasoline Fuel,A/T,Black,Brown,None reported,Yes,79500,10500
2156,Mercedes-Benz,E-Class E 350 4MATIC,2011,Gasoline,268.0HP 3.5L V6 Cylinder Engine Gasoline Fuel,7-Speed A/T,Silver,Black,None reported,Yes,9250,199000
2157,Lexus,LS 460 L,2007,Gasoline,380.0HP 4.6L 8 Cylinder Engine Gasoline Fuel,8-Speed A/T,Blue,Beige,None reported,Yes,9999,127980
2158,BMW,X6 xDrive40i,2023,Hybrid,335.0HP 3.0L Straight 6 Cylinder Engine Gasoline/Mild Electric Hybrid,A/T,Red,White,None reported,Yes,71400,16307
2159,Audi,S5 3.0T Prestige,2021,Gasoline,3.0L,1-Speed Automatic,Daytona Gray Pearl Effect,Magma Red,None reported,,57900,13566
2160,Audi,Q7 Premium Plus,2022,Hybrid,3.0 Liter TFSI,Automatic,Navarra Blue,Saiga Beige,None reported,,52598,22588
2161,Jaguar,XE 25t,2019,Gasoline,247.0HP 2.0L 4 Cylinder Engine Gasoline Fuel,Transmission w/Dual Shift Mode,White,Black,At least 1 accident or damage reported,Yes,22500,41452
2162,Genesis,G80 3.3T Sport,2019,Gasoline,365.0HP 3.3L V6 Cylinder Engine Gasoline Fuel,A/T,Red,Black,None reported,Yes,32990,57500
2163,BMW,M2 Competition,2020,Gasoline,405.0HP 3.0L Straight 6 Cylinder Engine Gasoline Fuel,7-Speed A/T,Black,Black,None reported,Yes,70000,500
2164,Subaru,Impreza WRX Premium,2014,Gasoline,265.0HP 2.5L 4 Cylinder Engine Gasoline Fuel,5-Speed M/T,White,Black,None reported,Yes,30000,55000
2165,GMC,Sierra 2500 Base,2021,Gasoline,401.0HP 6.6L 8 Cylinder Engine Gasoline Fuel,A/T,White,Black,None reported,Yes,55000,8210
2166,Lincoln,Nautilus Reserve,2021,Gasoline,2.7L V6 24V GDI DOHC Twin Turbo,8-Speed Automatic,Silver Radiance,Slate,None reported,,46850,18160
2167,Jaguar,XF XFR-S,2013,Gasoline,550.0HP 5.0L 8 Cylinder Engine Gasoline Fuel,8-Speed A/T,White,Black,,,70000,4279
2168,Mercedes-Benz,Sprinter Normal Roof,2013,Diesel,188.0HP 3.0L V6 Cylinder Engine Diesel Fuel,A/T,Silver,Black,At least 1 accident or damage reported,Yes,54995,39748
2169,Toyota,Land Cruiser Base,1998,Gasoline,230.0HP 4.7L 8 Cylinder Engine Gasoline Fuel,4-Speed A/T,White,Beige,At least 1 accident or damage reported,Yes,12490,160000
2170,Toyota,Tacoma PreRunner,2013,Gasoline,159.0HP 2.7L 4 Cylinder Engine Gasoline Fuel,A/T,Silver,Gray,None reported,Yes,20500,65000
2171,BMW,Z4 sDrive28i,2016,Gasoline,240.0HP 2.0L 4 Cylinder Engine Gasoline Fuel,8-Speed A/T,Black,Beige,None reported,Yes,25000,59000
2172,BMW,530e Base,2022,Plug-In Hybrid,288.0HP 2.0L 4 Cylinder Engine Plug-In Electric/Gas,A/T,White,Black,None reported,Yes,47000,22700
2173,Mercedes-Benz,GLA 250 Base 4MATIC,2018,E85 Flex Fuel,208.0HP 2.0L 4 Cylinder Engine Flex Fuel Capability,7-Speed A/T,White,Black,None reported,Yes,20900,56578
2174,Hyundai,Genesis 4.6,2010,Gasoline,378.0HP 4.6L 8 Cylinder Engine Gasoline Fuel,Transmission w/Dual Shift Mode,Silver,Black,At least 1 accident or damage reported,Yes,10000,153332
2175,Cadillac,ATS 3.6L Luxury,2013,Gasoline,321.0HP 3.6L V6 Cylinder Engine Gasoline Fuel,6-Speed A/T,Black,Red,None reported,Yes,17999,89700
2176,Lincoln,Town Car Signature,2002,Gasoline,220.0HP 4.6L 8 Cylinder Engine Gasoline Fuel,A/T,Black,Gray,At least 1 accident or damage reported,Yes,5230,118600
2177,GMC,Sierra 1500 SLT,2021,Gasoline,420.0HP 6.2L 8 Cylinder Engine Gasoline Fuel,A/T,Black,Black,None reported,Yes,52000,23400
2178,Mercedes-Benz,Sprinter High Roof,2015,Diesel,188.0HP 3.0L V6 Cylinder Engine Diesel Fuel,A/T,White,Gray,None reported,Yes,29000,110000
2179,Jaguar,XJ Vanden Plas,2008,Gasoline,300.0HP 4.2L 8 Cylinder Engine Gasoline Fuel,6-Speed A/T,Black,Black,None reported,Yes,11990,87888
2180,Lexus,RC 350 Base,2015,Gasoline,3.5L V6 24V PDI DOHC,6-Speed Automatic,Black,Black,None reported,,26999,73800
2181,Audi,S3 2.0T Premium Plus,2015,Gasoline,292.0HP 2.0L 4 Cylinder Engine Gasoline Fuel,6-Speed A/T,Blue,Black,None reported,Yes,21500,78124
2182,Subaru,WRX Limited,2015,Gasoline,268.0HP 2.0L 4 Cylinder Engine Gasoline Fuel,6-Speed M/T,Red,Black,At least 1 accident or damage reported,Yes,19000,91000
2183,Dodge,Ram 2500 SLT Quad Cab,2003,Gasoline,345.0HP 5.7L 8 Cylinder Engine Gasoline Fuel,5-Speed A/T,White,Beige,At least 1 accident or damage reported,Yes,10700,114000
2184,Subaru,WRX Limited,2015,Gasoline,268.0HP 2.0L 4 Cylinder Engine Gasoline Fuel,6-Speed M/T,Blue,Black,None reported,Yes,21000,76000
2185,Audi,RS 4 4.2 quattro L,2008,Gasoline,420.0HP 4.2L 8 Cylinder Engine Gasoline Fuel,6-Speed M/T,Red,Black,At least 1 accident or damage reported,Yes,30000,146500
2186,Porsche,911 Carrera,2007,Gasoline,325.0HP 3.6L Flat 6 Cylinder Engine Gasoline Fuel,6-Speed M/T,Silver,Gray,None reported,Yes,53999,26021
2187,Audi,A4 2.0T Premium Plus,2015,E85 Flex Fuel,220.0HP 2.0L 4 Cylinder Engine Flex Fuel Capability,A/T,Black,Black,At least 1 accident or damage reported,Yes,17200,73000
2188,Audi,A4 3.2 Premium Plus quattro,2009,Gasoline,265.0HP 3.2L V6 Cylinder Engine Gasoline Fuel,6-Speed A/T,Gray,Beige,None reported,Yes,8700,153000
2189,Ford,Excursion Limited,2003,Diesel,325.0HP 6.0L 8 Cylinder Engine Diesel Fuel,5-Speed A/T,Gold,Beige,None reported,Yes,30000,67550
2190,Ford,Excursion Limited,2004,Gasoline,310.0HP 6.8L 10 Cylinder Engine Gasoline Fuel,A/T,Gold,Gold,None reported,Yes,8500,170000
2191,Land,Rover Range Rover Sport 5.0L Supercharged Dynamic,2017,Gasoline,510.0HP 5.0L 8 Cylinder Engine Gasoline Fuel,Transmission w/Dual Shift Mode,Black,Beige,None reported,Yes,47500,53000
2192,Audi,Q8 3.0T Prestige,2019,Hybrid,335.0HP 3.0L V6 Cylinder Engine Gasoline/Mild Electric Hybrid,A/T,Gold,Black,At least 1 accident or damage reported,Yes,48500,54900
2193,BMW,X5 xDrive35i,2016,Gasoline,300.0HP 3.0L Straight 6 Cylinder Engine Gasoline Fuel,8-Speed A/T,Black,Black,None reported,Yes,24000,89000
2194,Ford,Bronco Base,2022,Gasoline,275.0HP 2.3L 4 Cylinder Engine Gasoline Fuel,7-Speed M/T,Black,Black,None reported,Yes,49000,6200
2195,Ford,F-150 XLT,2021,Gasoline,5.0L V8 32V PDI DOHC,10-Speed Automatic,Silver,Black,None reported,Yes,42388,51808
2196,Hyundai,Genesis Coupe 3.8 Track,2013,Gasoline,344.0HP 3.8L V6 Cylinder Engine Gasoline Fuel,6-Speed M/T,White,Black,At least 1 accident or damage reported,Yes,12500,89000
2197,Toyota,Camry LE,1999,Gasoline,133.0HP 2.2L 4 Cylinder Engine Gasoline Fuel,A/T,Gold,Beige,At least 1 accident or damage reported,Yes,3500,86111
2198,Mercedes-Benz,E-Class E 400 4MATIC,2018,Gasoline,3.0L V6 24V GDI DOHC Twin Turbo,9-Speed Automatic,White,Saddle Brown,None reported,Yes,39853,45203
2199,Audi,S5 3.0T Prestige,2022,Gasoline,3.0L,1-Speed Automatic,Daytona Gray Pearl Effect,Black,None reported,,61900,14739
2200,Buick,Enclave Premium,2017,Gasoline,3.6L V6 24V GDI DOHC,6-Speed Automatic,Iridium Metallic,Light Titanium,At least 1 accident or damage reported,Yes,17550,139105
2201,Lamborghini,Gallardo LP560-4,2010,Gasoline,560.0HP 5.2L 10 Cylinder Engine Gasoline Fuel,6-Speed A/T,Gray,Black,None reported,Yes,109499,45014
2202,Ford,Mustang GT Premium,2011,Gasoline,412.0HP 5.0L 8 Cylinder Engine Gasoline Fuel,6-Speed M/T,Red,Black,None reported,Yes,18500,101000
2203,GMC,Yukon XL SLT,2016,Gasoline,355.0HP 5.3L 8 Cylinder Engine Gasoline Fuel,A/T,Black,Black,At least 1 accident or damage reported,Yes,30000,93000
2204,Ford,Mustang V6 Premium,2013,Gasoline,305.0HP 3.7L V6 Cylinder Engine Gasoline Fuel,6-Speed M/T,Black,Black,None reported,Yes,16000,62500
2205,Lexus,IS-F Base,2008,Gasoline,416.0HP 5.0L 8 Cylinder Engine Gasoline Fuel,8-Speed A/T,Blue,Black,At least 1 accident or damage reported,Yes,29000,75000
2206,BMW,435 i,2015,Gasoline,300.0HP 3.0L Straight 6 Cylinder Engine Gasoline Fuel,8-Speed A/T,Gray,Beige,None reported,Yes,28000,34455
2207,Land,Rover Range Rover Supercharged,2010,Gasoline,510.0HP 5.0L 8 Cylinder Engine Gasoline Fuel,A/T,White,Black,None reported,Yes,15500,130000
2208,Mercedes-Benz,CLA-Class CLA 250,2014,Gasoline,208.0HP 2.0L 4 Cylinder Engine Gasoline Fuel,Transmission w/Dual Shift Mode,Gray,Black,At least 1 accident or damage reported,Yes,16500,76170
2209,GMC,Yukon SLT,2010,E85 Flex Fuel,320.0HP 5.3L 8 Cylinder Engine Flex Fuel Capability,6-Speed A/T,White,Beige,At least 1 accident or damage reported,Yes,9500,194500
2210,BMW,535 i,2008,Gasoline,300.0HP 3.0L Straight 6 Cylinder Engine Gasoline Fuel,A/T,Silver,Black,None reported,Yes,5699,135000
2211,Dodge,Charger GT,2021,Gasoline,300.0HP 3.6L V6 Cylinder Engine Gasoline Fuel,Transmission w/Dual Shift Mode,White,Gray,At least 1 accident or damage reported,Yes,26999,33000
2212,Hyundai,Genesis 3.8,2010,Gasoline,290.0HP 3.8L V6 Cylinder Engine Gasoline Fuel,Transmission w/Dual Shift Mode,Beige,Beige,None reported,Yes,10340,98700
2213,Honda,Civic Type R Touring,2018,Gasoline,306.0HP 2.0L 4 Cylinder Engine Gasoline Fuel,6-Speed M/T,Black,Black,At least 1 accident or damage reported,Yes,35500,72900
2214,Dodge,Durango R/T,2016,Gasoline,360.0HP 5.7L 8 Cylinder Engine Gasoline Fuel,A/T,Black,Black,None reported,Yes,20000,135000
2215,Chevrolet,Silverado 1500 Limited High Country,2022,Gasoline,355.0HP 5.3L 8 Cylinder Engine Gasoline Fuel,10-Speed A/T,Red,Black,None reported,Yes,60000,2550
2216,Jeep,Grand Cherokee Altitude,2020,Gasoline,3.6L V6 24V MPFI DOHC,8-Speed Automatic,Granite Crystal Clearcoat Metallic,Black,,,35470,35289
2217,RAM,1500 Laramie,2022,Gasoline,5.7L V8 16V MPFI OHV,8-Speed Automatic,Diamond Black,Black,None reported,,46599,14636
2218,Chrysler,Crossfire Limited,2005,Gasoline,3.2L V6 18V MPFI SOHC,5-Speed Automatic,White,Dark Gray,None reported,Yes,13046,24847
2219,Nissan,Rogue SL,2019,Gasoline,2.5L I4 16V MPFI DOHC,Automatic CVT,Magnetic Black,Charcoal,None reported,Yes,25884,29558
2220,Audi,A6 55 Premium Plus,2023,Gasoline,"3L V-6 gasoline direct injection, DOHC, variable valve control,","Automatic, 7-Spd S tronic Dual-Clutch",Chronos Gray Metallic,Black,None reported,,59900,6581
2221,Mercedes-Benz,AMG GT 53 Base,2020,Hybrid,429.0HP 3.0L Straight 6 Cylinder Engine Gasoline/Mild Electric Hybrid,9-Speed A/T,Gray,Black,None reported,Yes,83999,22000
2222,Acura,ILX Technology Plus Package,2017,Gasoline,201.0HP 2.4L 4 Cylinder Engine Gasoline Fuel,Transmission w/Dual Shift Mode,Black,–,At least 1 accident or damage reported,Yes,15750,68200
2223,Land,Rover Range Rover P530 SE SWB,2023,Gasoline,523.0HP 4.4L 8 Cylinder Engine Gasoline Fuel,8-Speed A/T,White,Red,None reported,Yes,175000,2800
2224,Ford,Expedition Platinum,2019,Gasoline,3.5L V6 24V GDI DOHC Twin Turbo,10-Speed Automatic,White,Platinum,None reported,Yes,48295,51300
2225,BMW,M3 Base,2008,Gasoline,414.0HP 4.0L 8 Cylinder Engine Gasoline Fuel,6-Speed M/T,Gray,Black,None reported,Yes,18500,133500
2226,INFINITI,M37 x,2012,Gasoline,330.0HP 3.7L V6 Cylinder Engine Gasoline Fuel,7-Speed A/T,Gray,Black,None reported,Yes,19900,49000
2227,BMW,650 i,2008,Gasoline,360.0HP 4.8L 8 Cylinder Engine Gasoline Fuel,A/T,Black,Beige,None reported,Yes,8000,125470
2228,Mazda,RX-8 Grand Touring,2008,Gasoline,232.0HP 1.3L Rotary engine Gasoline Fuel,6-Speed M/T,Red,Black,None reported,Yes,8500,81219
2229,Porsche,Boxster Base,1999,Gasoline,201.0HP 2.5L Flat 6 Cylinder Engine Gasoline Fuel,5-Speed M/T,Blue,Gray,None reported,Yes,12250,72000
2230,Acura,ILX Premium & A-SPEC Packages,2019,Gasoline,201.0HP 2.4L 4 Cylinder Engine Gasoline Fuel,8-Speed A/T,Gray,Black,None reported,Yes,25000,19500
2231,Porsche,911 Carrera S,2017,Gasoline,420.0HP 3.0L Flat 6 Cylinder Engine Gasoline Fuel,7-Speed M/T,Red,Black,None reported,Yes,105000,20561
2232,Lexus,LX 570 Base,2016,Gasoline,383.0HP 5.7L 8 Cylinder Engine Gasoline Fuel,8-Speed A/T,White,Brown,None reported,Yes,62900,33655
2233,Toyota,Highlander Limited Platinum,2015,Gasoline,270.0HP 3.5L V6 Cylinder Engine Gasoline Fuel,A/T,White,Beige,None reported,Yes,23500,135140
2234,Maserati,Ghibli Base,2015,Gasoline,345.0HP 3.0L V6 Cylinder Engine Gasoline Fuel,8-Speed A/T,Black,Brown,None reported,Yes,17999,73000
2235,Land,Rover Range Rover 3.0L Supercharged HSE,2017,Gasoline,380.0HP 3.0L V6 Cylinder Engine Gasoline Fuel,A/T,White,Beige,At least 1 accident or damage reported,Yes,58000,55000
2236,Chevrolet,Cruze LTZ,2013,Gasoline,138.0HP 1.4L 4 Cylinder Engine Gasoline Fuel,A/T,Blue,Black,At least 1 accident or damage reported,Yes,10000,87000
2237,BMW,325 xi,2006,Gasoline,215.0HP 3.0L Straight 6 Cylinder Engine Gasoline Fuel,6-Speed A/T,Silver,Black,None reported,Yes,4000,137825
2238,Acura,MDX Technology,2008,Gasoline,300.0HP 3.7L V6 Cylinder Engine Gasoline Fuel,A/T,Gray,Black,None reported,Yes,5000,184421
2239,Lincoln,MKC Base,2015,Gasoline,240.0HP 2.0L 4 Cylinder Engine Gasoline Fuel,6-Speed A/T,White,Black,At least 1 accident or damage reported,Yes,14900,95000
2240,Kia,Sportage Nightfall,2022,Gasoline,2.4L I4 16V GDI DOHC,6-Speed Automatic,Pacific Blue,Black,At least 1 accident or damage reported,Yes,27875,26468
2241,Bentley,Arnage R,2003,Gasoline,400.0HP 6.75L 8 Cylinder Engine Gasoline Fuel,4-Speed A/T,Gray,Gray,None reported,Yes,34995,55050
2242,Kia,Sorento LX,2021,Gasoline,191.0HP 2.5L 4 Cylinder Engine Gasoline Fuel,A/T,White,Black,None reported,Yes,23800,54200
2243,Lexus,SC 430 Base,2002,Gasoline,300.0HP 4.3L 8 Cylinder Engine Gasoline Fuel,5-Speed A/T,Blue,Brown,None reported,Yes,15000,109762
2244,Land,Rover Range Rover Evoque Base,2012,Gasoline,240.0HP 2.0L 4 Cylinder Engine Gasoline Fuel,6-Speed A/T,Gray,Black,None reported,Yes,14500,92080
2245,Acura,TLX Type S w/Performance Tire,2023,Gasoline,355.0HP 3.0L V6 Cylinder Engine Gasoline Fuel,10-Speed A/T,Black,Black,None reported,Yes,53000,1798
2246,GMC,Sierra 1500 SLE Crew Cab,2006,Gasoline,295.0HP 5.3L 8 Cylinder Engine Gasoline Fuel,A/T,Silver,Black,None reported,Yes,14500,167500
2247,GMC,Sierra 1500 Denali Ultimate,2023,Gasoline,420.0HP 6.2L 8 Cylinder Engine Gasoline Fuel,10-Speed A/T,White,Brown,None reported,Yes,84000,2500
2248,Mercedes-Benz,E-Class E 400,2016,Gasoline,329.0HP 3.0L V6 Cylinder Engine Gasoline Fuel,7-Speed A/T,White,Beige,At least 1 accident or damage reported,Yes,24000,77000
2249,MINI,Hardtop Cooper,2019,Gasoline,134.0HP 1.5L 3 Cylinder Engine Gasoline Fuel,6-Speed A/T,Black,Black,None reported,Yes,24000,19850
2250,Ford,Bronco Outer Banks Advanced,2023,Gasoline,275.0HP 2.3L 4 Cylinder Engine Gasoline Fuel,10-Speed A/T,Gray,Gray,None reported,Yes,57000,3400
2251,Ford,Bronco,2021,Gasoline,2.7L V6 24V PDI DOHC Twin Turbo,10-Speed Automatic,Blue,Black Onyx,None reported,,56900,3596
2252,Ford,F-350 Lariat Super Duty Crew Cab,2009,Diesel,350.0HP 6.4L 8 Cylinder Engine Diesel Fuel,5-Speed A/T,White,Beige,None reported,Yes,28900,130200
2253,Land,Rover Discovery Sport SE,2017,Gasoline,240.0HP 2.0L 4 Cylinder Engine Gasoline Fuel,9-Speed A/T,White,Gray,None reported,Yes,24998,48200
2254,GMC,Yukon XL SLT,2016,Gasoline,355.0HP 5.3L 8 Cylinder Engine Gasoline Fuel,6-Speed A/T,Black,Black,At least 1 accident or damage reported,Yes,22000,183544
2255,Ford,Focus RS Base,2016,Gasoline,350.0HP 2.3L 4 Cylinder Engine Gasoline Fuel,6-Speed M/T,Blue,Black,None reported,Yes,39000,14900
2256,Ford,Bronco Badlands Advanced,2022,Gasoline,315.0HP 2.7L V6 Cylinder Engine Gasoline Fuel,10-Speed A/T,Blue,Black,None reported,Yes,65994,4200
2257,Hyundai,Genesis 5,2012,Gasoline,429.0HP 5.0L 8 Cylinder Engine Gasoline Fuel,Transmission w/Dual Shift Mode,Black,Black,None reported,Yes,19000,15698
2258,Jeep,Wrangler Unlimited Rubicon,2022,Gasoline,285.0HP 3.6L V6 Cylinder Engine Gasoline Fuel,8-Speed A/T,Gray,Brown,None reported,Yes,65500,1750
2259,BMW,X4 xDrive30i,2022,Gasoline,248.0HP 2.0L 4 Cylinder Engine Gasoline Fuel,A/T,Blue,Brown,None reported,Yes,46000,34800
2260,Jaguar,F-PACE S,2020,Gasoline,3.0 Liter,Automatic,Eiger Grey Metallic,Ebony/Light Oyster Stitch,None reported,,46998,35580
2261,Acura,RSX Type S,2006,Gasoline,201.0HP 2.0L 4 Cylinder Engine Gasoline Fuel,6-Speed M/T,Black,Gray,,,14990,71400
2262,Mazda,MX-5 Miata Base,2003,Gasoline,142.0HP 1.8L 4 Cylinder Engine Gasoline Fuel,5-Speed M/T,White,Beige,None reported,Yes,22000,9260
2263,GMC,Yukon XL SLT,2023,Gasoline,355.0HP 5.3L 8 Cylinder Engine Gasoline Fuel,A/T,Black,Black,None reported,Yes,67800,28500
2264,Mercedes-Benz,E-Class E 350 4MATIC,2008,Gasoline,268.0HP 3.5L V6 Cylinder Engine Gasoline Fuel,5-Speed A/T,Black,Black,None reported,Yes,8900,91900
2265,INFINITI,G35 Base,2004,Gasoline,260.0HP 3.5L V6 Cylinder Engine Gasoline Fuel,5-Speed A/T,Beige,Beige,None reported,Yes,7500,130000
2266,Cadillac,XTS Premium,2013,Gasoline,3.6L V6 24V GDI DOHC,6-Speed Automatic,White Diamond Tri-Coat,Shale,At least 1 accident or damage reported,Yes,21995,56860
2267,MINI,Hardtop Cooper S,2017,Gasoline,189.0HP 2.0L 4 Cylinder Engine Gasoline Fuel,6-Speed M/T,Silver,Black,None reported,Yes,20784,44300
2268,BMW,X5 xDrive35i,2014,Gasoline,300.0HP 3.0L Straight 6 Cylinder Engine Gasoline Fuel,Transmission w/Dual Shift Mode,Black,Black,,,20000,120000
2269,Mercedes-Benz,SL-Class SL 550,2013,Gasoline,429.0HP 4.6L 8 Cylinder Engine Gasoline Fuel,7-Speed A/T,Black,Beige,None reported,Yes,31450,72500
2270,RAM,1500 Tradesman/Express,2017,Gasoline,395.0HP 5.7L 8 Cylinder Engine Gasoline Fuel,8-Speed A/T,Blue,Beige,At least 1 accident or damage reported,Yes,24200,72000
2271,BMW,135 i,2011,Gasoline,300.0HP 3.0L Straight 6 Cylinder Engine Gasoline Fuel,7-Speed A/T,Black,Beige,None reported,Yes,11000,132000
2272,Rolls-Royce,Phantom,2018,Gasoline,6.8L V12 48V GDI DOHC Twin Turbo,8-Speed Automatic,–,–,None reported,Yes,599000,7585
2273,Hyundai,IONIQ 5 SE,2022,,320.0HP Electric Motor Electric Fuel System,A/T,White,Black,None reported,Yes,42000,18500
2274,Lexus,LS 430 Base,2002,Gasoline,290.0HP 4.3L 8 Cylinder Engine Gasoline Fuel,A/T,Silver,Gray,At least 1 accident or damage reported,Yes,15999,42000
2275,Jaguar,F-PACE S,2023,Gasoline,2.0 Liter,Automatic,Santorin Black,Black,None reported,,56998,4624
2276,BMW,M5 Base,2006,Gasoline,500.0HP 5.0L 10 Cylinder Engine Gasoline Fuel,Transmission w/Dual Shift Mode,Black,Black,None reported,Yes,19500,106000
2277,Hyundai,Santa Fe SE,2022,Gasoline,2.5L I4 16V PDI DOHC,8-Speed Automatic,Stormy Sea,Black,None reported,,27450,13610
2278,Lamborghini,Urus Base,2019,Gasoline,4.0L V8 32V GDI DOHC Twin Turbo,8-Speed Automatic,Gray,Brown,None reported,,209900,16876
2279,Ford,Expedition Timberline,2023,Gasoline,3.5L V6 24V PDI DOHC Twin Turbo,10-Speed Automatic,Dark Matter Metallic,Black Onyx,At least 1 accident or damage reported,Yes,77430,8911
2280,Chevrolet,Silverado 1500 LT Trail Boss,2021,Gasoline,5.3L V8 16V GDI OHV,10-Speed Automatic,Silver Ice Metallic,Jet Black,None reported,,43666,48641
2281,GMC,Sierra 1500 SLT,2021,Gasoline,420.0HP 6.2L 8 Cylinder Engine Gasoline Fuel,A/T,White,Black,None reported,Yes,70250,11250
2282,Ford,Mustang Premium,2007,Gasoline,210.0HP 4.0L V6 Cylinder Engine Gasoline Fuel,A/T,Red,Black,None reported,Yes,9000,126000
2283,BMW,M5 Base,2008,Gasoline,500.0HP 5.0L 10 Cylinder Engine Gasoline Fuel,7-Speed A/T,Silver,Silver,None reported,Yes,21000,77750
2284,Toyota,Tacoma SR,2020,Gasoline,278.0HP 3.5L V6 Cylinder Engine Gasoline Fuel,6-Speed A/T,Gray,Gray,None reported,Yes,35000,27363
2285,Porsche,Cayenne Base,2019,Gasoline,3.0L V6 24V GDI DOHC Turbo,8-Speed Automatic,White,Black,None reported,Yes,80140,30951
2286,Ford,F-150 Lightning XLT,2023,,563.0HP Electric Motor Electric Fuel System,A/T,Gray,Gold,None reported,Yes,89000,208
2287,Dodge,Durango GT,2021,Gasoline,3.6L V6 24V MPFI DOHC,8-Speed Automatic,Billet Clearcoat Metallic,Black,None reported,,32999,20386
2288,BMW,330e iPerformance,2018,Plug-In Hybrid,247.0HP 2.0L 4 Cylinder Engine Plug-In Electric/Gas,Transmission w/Dual Shift Mode,Black,Black,None reported,Yes,24995,45253
2289,GMC,Terrain Denali,2016,Gasoline,301.0HP 3.6L V6 Cylinder Engine Gasoline Fuel,6-Speed A/T,White,Black,None reported,Yes,18400,144000
2290,Ford,Excursion Limited,2004,Diesel,325.0HP 6.0L 8 Cylinder Engine Diesel Fuel,5-Speed A/T,Gold,Gold,None reported,Yes,20500,76163
2291,Hyundai,Genesis 3.8,2015,Gasoline,311.0HP 3.8L V6 Cylinder Engine Gasoline Fuel,8-Speed A/T,Silver,Gray,,,20150,61300
2292,Mitsubishi,Mirage ES,2017,Gasoline,78.0HP 1.2L 3 Cylinder Engine Gasoline Fuel,A/T,Blue,Black,None reported,Yes,8750,35698
2293,Mercedes-Benz,E-Class E 350 4MATIC,2010,Gasoline,268.0HP 3.5L V6 Cylinder Engine Gasoline Fuel,7-Speed A/T,Black,Black,None reported,Yes,22500,27000
2294,Mazda,Mazda3 i Sport,2015,Gasoline,155.0HP 2.0L 4 Cylinder Engine Gasoline Fuel,Transmission w/Dual Shift Mode,Red,Black,None reported,Yes,11500,162000
2295,BMW,M3 Base,2008,Gasoline,414.0HP 4.0L 8 Cylinder Engine Gasoline Fuel,M/T,Red,Black,None reported,Yes,28500,77800
2296,Mercedes-Benz,E-Class E 350,2014,Gasoline,302.0HP 3.5L V6 Cylinder Engine Gasoline Fuel,A/T,Black,Black,None reported,Yes,19250,55000
2297,Ford,Bronco Outer Banks Advanced,2022,Gasoline,315.0HP 2.7L V6 Cylinder Engine Gasoline Fuel,10-Speed A/T,Gray,Brown,At least 1 accident or damage reported,Yes,65999,12000
2298,Tesla,Model X 75D,2017,,518.0HP Electric Motor Electric Fuel System,A/T,Black,White,None reported,Yes,42250,70579
2299,Jeep,Wrangler Unlimited Sport,2010,Gasoline,205.0HP 3.8L V6 Cylinder Engine Gasoline Fuel,A/T,White,Gray,At least 1 accident or damage reported,Yes,17500,107000
2302,Lexus,IS 350 Base,2014,Gasoline,306.0HP 3.5L V6 Cylinder Engine Gasoline Fuel,6-Speed A/T,Red,Black,At least 1 accident or damage reported,Yes,18000,123000
2303,Chevrolet,Equinox LT,2011,Gasoline,264.0HP 3.0L V6 Cylinder Engine Gasoline Fuel,6-Speed A/T,Brown,Black,At least 1 accident or damage reported,Yes,7000,130000
2304,Mitsubishi,Lancer DE,2009,Gasoline,152.0HP 2.0L 4 Cylinder Engine Gasoline Fuel,5-Speed M/T,Black,Black,At least 1 accident or damage reported,Yes,3000,143346
2305,Land,Rover LR2 Base,2015,Gasoline,240.0HP 2.0L 4 Cylinder Engine Gasoline Fuel,6-Speed A/T,White,Beige,None reported,Yes,11995,112465
2306,Nissan,Leaf SV PLUS,2023,,Electric,1-Speed Automatic,Brilliant Silver Metallic,Black,None reported,Yes,28196,5121
2307,Audi,A5 2.0T Premium,2012,Gasoline,211.0HP 2.0L 4 Cylinder Engine Gasoline Fuel,A/T,White,Beige,None reported,Yes,11000,137273
2308,Rivian,R1S Launch Edition,2023,,835.0HP Electric Motor Electric Fuel System,1-Speed A/T,Blue,Gray,None reported,Yes,92500,299
2309,Lexus,RX 450h Base,2018,Hybrid,308.0HP 3.5L V6 Cylinder Engine Gas/Electric Hybrid,CVT Transmission,Silver,Gray,None reported,Yes,35700,70780
2310,Chevrolet,Tahoe LT,2018,Gasoline,355.0HP 5.3L 8 Cylinder Engine Gasoline Fuel,6-Speed A/T,Black,Black,None reported,Yes,37900,55000
2311,Mercedes-Benz,G-Class G 550 4MATIC,2017,Gasoline,416.0HP 4.0L 8 Cylinder Engine Gasoline Fuel,7-Speed A/T,Gray,Black,None reported,Yes,84500,23151
2312,Cadillac,XTS Luxury,2013,Gasoline,304.0HP 3.6L V6 Cylinder Engine Gasoline Fuel,A/T,Black,Gray,At least 1 accident or damage reported,Yes,8500,152000
2313,INFINITI,Q50 3.0t Red Sport 400,2020,Gasoline,3.0L V6 24V GDI DOHC Twin Turbo,7-Speed Automatic,Liquid Platinum,White,None reported,,36999,23344
2314,Subaru,Outback 3.6R Limited,2016,Gasoline,256.0HP 3.6L Flat 6 Cylinder Engine Gasoline Fuel,A/T,Blue,Black,At least 1 accident or damage reported,Yes,19500,87092
2315,Toyota,Avalon XLS,2004,Gasoline,210.0HP 3.0L V6 Cylinder Engine Gasoline Fuel,A/T,Gray,Gray,None reported,Yes,5500,90625
1925,Kia,Seltos S,2023,Gasoline,146.0HP 2.0L 4 Cylinder Engine Gasoline Fuel,A/T,White,Black,None reported,Yes,32500,5182
2316,Chevrolet,Traverse RS,2021,Gasoline,310.0HP 3.6L V6 Cylinder Engine Gasoline Fuel,9-Speed A/T,Silver,Black,None reported,Yes,36000,44373
2317,BMW,330 i,2021,Gasoline,255.0HP 2.0L 4 Cylinder Engine Gasoline Fuel,Transmission w/Dual Shift Mode,Black,Black,None reported,Yes,37000,26000
2318,Karma,Revero Base,2018,,403.0HP 2.0L Electric Motor Electric Fuel System,A/T,White,Black,None reported,Yes,55500,20760
2320,Alfa,Romeo Stelvio Ti Sport,2019,Gasoline,"2L I-4 gasoline direct injection, MultiAir2 variable valve contr","Automatic, 8-Spd",Vulcano Black Metallic,Red/Black,None reported,,28900,39615
2321,GMC,Sierra 2500 Base,2019,E85 Flex Fuel,360.0HP 6.0L 8 Cylinder Engine Flex Fuel Capability,A/T,Silver,Beige,None reported,Yes,36500,58000
2322,Lexus,IS 250 Base,2013,Gasoline,204.0HP 2.5L V6 Cylinder Engine Gasoline Fuel,6-Speed A/T,Gray,Black,At least 1 accident or damage reported,Yes,10000,148000
2323,Porsche,Panamera 2,2011,Gasoline,300.0HP 3.6L V6 Cylinder Engine Gasoline Fuel,7-Speed A/T,White,Black,None reported,Yes,20900,104000
2324,BMW,535 i xDrive,2013,Gasoline,306.0HP 3.0L Straight 6 Cylinder Engine Gasoline Fuel,Transmission w/Dual Shift Mode,Silver,Black,At least 1 accident or damage reported,Yes,17000,46150
2325,Chevrolet,Silverado 2500 High Country,2022,Diesel,445.0HP 6.6L 8 Cylinder Engine Diesel Fuel,10-Speed A/T,Blue,Gray,None reported,Yes,74500,18860
2326,Mercedes-Benz,AMG C 63 Base,2017,Gasoline,469.0HP 4.0L 8 Cylinder Engine Gasoline Fuel,7-Speed A/T,Gray,Black,None reported,Yes,55600,28399
2327,Jeep,Wrangler Sahara,1998,Gasoline,181.0HP 4.0L Straight 6 Cylinder Engine Gasoline Fuel,5-Speed M/T,Black,Black,None reported,Yes,6999,136500
2328,Porsche,Boxster S,2005,Gasoline,280.0HP 3.2L Flat 6 Cylinder Engine Gasoline Fuel,6-Speed M/T,Blue,Gray,None reported,Yes,24900,95170
2329,BMW,M3 Base,2006,Gasoline,333.0HP 3.2L Straight 6 Cylinder Engine Gasoline Fuel,6-Speed M/T,Gray,Gray,At least 1 accident or damage reported,Yes,42000,95450
2330,Chevrolet,Camaro LT1,2022,Gasoline,6.2 Liter,Automatic,Blue,Jet Black,None reported,,39998,7652
2331,BMW,535 i xDrive,2011,Gasoline,300.0HP 3.0L Straight 6 Cylinder Engine Gasoline Fuel,Transmission w/Dual Shift Mode,Black,White,At least 1 accident or damage reported,Yes,10999,169000
2332,RAM,1500 Laramie,2022,Gasoline,5.7L V8 16V MPFI OHV,8-Speed Automatic,Delmonico Red Pearlcoat,Black,None reported,,46999,16744
2333,Mercedes-Benz,Metris Base,2020,Gasoline,2.0L I4 16V GDI DOHC Turbo,7-Speed Automatic,Black,Beige,None reported,Yes,299000,1025
2334,Chevrolet,Express 1500 Cargo,2004,Gasoline,195.0HP 4.3L V6 Cylinder Engine Gasoline Fuel,A/T,White,Gray,At least 1 accident or damage reported,Yes,7999,152000
2335,BMW,X7 xDrive40i,2020,Gasoline,335.0HP 3.0L Straight 6 Cylinder Engine Gasoline Fuel,Transmission w/Dual Shift Mode,Black,Black,None reported,Yes,54999,46000
2336,BMW,X7 xDrive40i,2022,Hybrid,335.0HP 3.0L Straight 6 Cylinder Engine Gasoline/Mild Electric Hybrid,A/T,Blue,Brown,None reported,Yes,85000,8000
2337,Ferrari,F12berlinetta Base,2016,Gasoline,6.3L V12 48V GDI DOHC,7-Speed Automatic with Auto-Shift,Gray,–,None reported,,254900,14770
2338,Chevrolet,Silverado 2500 LT,2016,E85 Flex Fuel,360.0HP 6.0L 8 Cylinder Engine Flex Fuel Capability,6-Speed A/T,White,Black,None reported,Yes,36800,84421
2339,Mercedes-Benz,Maybach S 580 4MATIC,2022,Gasoline,4.0L V8 32V GDI DOHC Twin Turbo,9-Speed Automatic,Diamond White,Black,None reported,Yes,229000,4760
2340,GMC,Sierra 1500 Denali,2021,Gasoline,6.2L V8 16V GDI OHV,10-Speed Automatic,White Frost Tri-Coat,Walnut,At least 1 accident or damage reported,,56900,44691
2341,Mitsubishi,Outlander SEL,2022,Gasoline,181.0HP 2.5L 4 Cylinder Engine Gasoline Fuel,A/T,White,Black,None reported,Yes,33000,11700
2342,Ford,Shelby GT350 Base,2019,Gasoline,526.0HP 5.2L 8 Cylinder Engine Gasoline Fuel,6-Speed M/T,Black,Black,None reported,Yes,91000,2800
2343,MINI,Cooper Base,2010,Gasoline,118.0HP 1.6L 4 Cylinder Engine Gasoline Fuel,6-Speed A/T,Gold,Black,None reported,Yes,8000,58000
2344,Toyota,Prius Touring,2009,Hybrid,76.0HP 1.5L 4 Cylinder Engine Gas/Electric Hybrid,A/T,Blue,Beige,None reported,Yes,6999,142500
2345,Cadillac,Escalade ESV Base,2007,Gasoline,403.0HP 6.2L 8 Cylinder Engine Gasoline Fuel,A/T,Black,Black,At least 1 accident or damage reported,Yes,9750,191900
2346,Audi,A6 2.0T Premium Plus,2016,Gasoline,252.0HP 2.0L 4 Cylinder Engine Gasoline Fuel,A/T,White,Gray,At least 1 accident or damage reported,Yes,19500,63398
2347,Chevrolet,Suburban 1500 LT,2008,Gasoline,320.0HP 5.3L 8 Cylinder Engine Gasoline Fuel,Transmission Overdrive Switch,White,Black,At least 1 accident or damage reported,Yes,7200,162750
2348,Jaguar,XK R,2012,Gasoline,510.0HP 5.0L 8 Cylinder Engine Gasoline Fuel,6-Speed A/T,White,Black,None reported,Yes,36949,38383
2349,Porsche,911 Carrera GTS,2022,Gasoline,3.0L H6 24V GDI DOHC Twin Turbo,8-Speed Automatic with Auto-Shift,Aventurine Green Metallic,Agave Green,None reported,,179900,1837
2350,Ford,F-250 XLT,2022,Diesel,6.7L V8 32V DDI OHV Turbo Diesel,Automatic,Oxford White,Medium Earth Gray,,,77535,36294
2351,Audi,A4 2.0T Premium,2011,Gasoline,211.0HP 2.0L 4 Cylinder Engine Gasoline Fuel,A/T,White,Black,At least 1 accident or damage reported,Yes,8300,90818
2352,Cadillac,ATS 2.0L Turbo,2018,Gasoline,272.0HP 2.0L 4 Cylinder Engine Gasoline Fuel,A/T,Gray,Black,None reported,Yes,22999,32000
2353,Ford,Transit-350 Base,2019,Gasoline,275.0HP 3.7L V6 Cylinder Engine Gasoline Fuel,6-Speed A/T,White,–,None reported,Yes,37000,94650
2354,Mercedes-Benz,G-Class G 63 AMG,2014,Gasoline,536.0HP 5.5L 8 Cylinder Engine Gasoline Fuel,A/T,White,Black,None reported,Yes,72999,49899
2355,Jeep,Wrangler Sahara,2011,Gasoline,202.0HP 3.8L V6 Cylinder Engine Gasoline Fuel,4-Speed A/T,Red,Black,At least 1 accident or damage reported,Yes,35000,55000
2356,BMW,M4 Base,2015,Gasoline,425.0HP 3.0L Straight 6 Cylinder Engine Gasoline Fuel,Transmission w/Dual Shift Mode,Black,Black,None reported,Yes,42800,23700
2357,Tesla,Model S P100D,2018,,518.0HP Electric Motor Electric Fuel System,A/T,White,Black,None reported,Yes,59500,46000
2358,Maserati,Ghibli S GranLusso,2020,Gasoline,424.0HP 3.0L V6 Cylinder Engine Gasoline Fuel,8-Speed A/T,Blue,Brown,None reported,Yes,52900,12118
2359,Pontiac,Firebird Trans Am,2001,Gasoline,310.0HP 5.7L 8 Cylinder Engine Gasoline Fuel,6-Speed M/T,Blue,Beige,None reported,Yes,21000,64000
2360,Ford,Expedition XLT,2022,Gasoline,3.5L V6 24V PDI DOHC Twin Turbo,10-Speed Automatic,Black,Sandstone,None reported,Yes,57352,22169
2361,Ferrari,812 Superfast Base,2020,Gasoline,788.0HP 6.5L 12 Cylinder Engine Gasoline Fuel,Transmission w/Dual Shift Mode,Red,Black,None reported,Yes,469900,1575
2362,Tesla,Model X Long Range Plus,2021,,557.0HP Electric Motor Electric Fuel System,A/T,Blue,Black,None reported,Yes,69000,46897
2363,Land,Rover Range Rover P400 SE SWB,2022,Hybrid,395.0HP 3.0L Straight 6 Cylinder Engine Gasoline/Mild Electric Hybrid,A/T,White,Black,None reported,Yes,139500,3369
2364,BMW,535 i xDrive,2011,Gasoline,300.0HP 3.0L Straight 6 Cylinder Engine Gasoline Fuel,8-Speed A/T,Blue,Beige,None reported,Yes,9999,135000
2365,BMW,428 i xDrive,2015,Gasoline,240.0HP 2.0L 4 Cylinder Engine Gasoline Fuel,A/T,White,Black,None reported,Yes,15000,125000
2366,Cadillac,Escalade ESV Platinum,2017,Gasoline,420.0HP 6.2L 8 Cylinder Engine Gasoline Fuel,8-Speed A/T,Gold,Brown,None reported,Yes,32999,134000
2367,BMW,X5 xDrive35i,2014,Gasoline,300.0HP 3.0L Straight 6 Cylinder Engine Gasoline Fuel,8-Speed A/T,Black,White,None reported,Yes,12999,143250
2368,Lexus,GX 460 Premium,2017,Gasoline,301.0HP 4.6L 8 Cylinder Engine Gasoline Fuel,A/T,White,Beige,None reported,Yes,31000,82975
2369,MINI,Countryman Cooper S ALL4,2016,Gasoline,181.0HP 1.6L 4 Cylinder Engine Gasoline Fuel,6-Speed M/T,White,Black,None reported,Yes,13999,91700
2370,Ford,F-150 XLT,2018,Gasoline,325.0HP 2.7L V6 Cylinder Engine Gasoline Fuel,10-Speed A/T,Black,Black,None reported,Yes,35000,72393
2371,INFINITI,QX60 Base,2016,Gasoline,265.0HP 3.5L V6 Cylinder Engine Gasoline Fuel,A/T,Black,Black,None reported,Yes,21500,71000
2372,Lexus,RX 350 Base,2012,Gasoline,270.0HP 3.5L V6 Cylinder Engine Gasoline Fuel,6-Speed A/T,Silver,Gray,None reported,Yes,15000,160900
2373,Dodge,Charger Scat Pack,2020,Gasoline,485.0HP 6.4L 8 Cylinder Engine Gasoline Fuel,8-Speed A/T,Red,Black,At least 1 accident or damage reported,Yes,38000,40208
2374,Lexus,IS 350 Base,2017,Gasoline,306.0HP 3.5L V6 Cylinder Engine Gasoline Fuel,6-Speed A/T,White,Black,None reported,Yes,30000,77300
2375,Nissan,NV200 SV,2017,Gasoline,131.0HP 2.0L 4 Cylinder Engine Gasoline Fuel,A/T,White,Black,None reported,Yes,26500,16700
2376,Subaru,Impreza 2.0i Premium,2013,Gasoline,148.0HP 2.0L 4 Cylinder Engine Gasoline Fuel,CVT Transmission,Black,Beige,None reported,Yes,9999,112000
2377,BMW,M3 Base,2016,Gasoline,425.0HP 3.0L Straight 6 Cylinder Engine Gasoline Fuel,6-Speed M/T,Blue,White,None reported,Yes,49999,55250
2378,INFINITI,QX80 Luxe,2020,Gasoline,400.0HP 5.6L 8 Cylinder Engine Gasoline Fuel,A/T,Gray,Black,None reported,Yes,31450,69000
2379,Rolls-Royce,Phantom,2023,–,–,–,Tempest,Cobalt Blue,None reported,Yes,599995,1560
2380,Ford,Mustang GT Premium,2016,Gasoline,435.0HP 5.0L 8 Cylinder Engine Gasoline Fuel,6-Speed M/T,Gray,Black,At least 1 accident or damage reported,Yes,30490,40570
2381,Toyota,RAV4 TRD Off Road,2020,Gasoline,203.0HP 2.5L 4 Cylinder Engine Gasoline Fuel,8-Speed A/T,White,Black,None reported,Yes,35200,46500
2382,Honda,S2000 Base,2000,Gasoline,240.0HP 2.0L 4 Cylinder Engine Gasoline Fuel,M/T,Silver,Red,None reported,Yes,35000,26900
2383,Jeep,Gladiator Sport,2021,Gasoline,3.6L V6 24V MPFI DOHC,8-Speed Automatic,Firecracker Red Clearcoat,Black,,,41329,5779
2384,Ford,Bronco Big Bend Advanced,2023,Gasoline,275.0HP 2.3L 4 Cylinder Engine Gasoline Fuel,10-Speed A/T,Black,–,None reported,Yes,54000,12000
2385,Ford,Expedition Timberline,2022,Gasoline,3.5L V6 24V PDI DOHC Twin Turbo,10-Speed Automatic,Dark Matter Metallic,Deep Cypress,None reported,Yes,68420,30301
2386,Toyota,Sequoia TRD Pro,2023,Hybrid,437.0HP 3.4L V6 Cylinder Engine Gas/Electric Hybrid,10-Speed A/T,Orange,Black,None reported,Yes,91995,600
2387,Plymouth,Prowler Base,2001,Gasoline,253.0HP 3.5L V6 Cylinder Engine Gasoline Fuel,4-Speed A/T,Blue,Gray,None reported,Yes,28500,22300
2388,Alfa,Romeo Giulia Ti,2023,Gasoline,2.0L I4 16V GDI SOHC Turbo,8-Speed Automatic,Alfa White,Black,None reported,,43900,9275
2389,Chevrolet,Suburban 1500 LS,2004,E85 Flex Fuel,295.0HP 5.3L 8 Cylinder Engine Flex Fuel Capability,4-Speed A/T,White,Beige,At least 1 accident or damage reported,Yes,12998,171750
2390,Mitsubishi,Lancer Evolution GSR,2013,Gasoline,291.0HP 2.0L 4 Cylinder Engine Gasoline Fuel,5-Speed M/T,Black,Black,None reported,Yes,28000,76500
2391,Mercedes-Benz,AMG GLE 43 Coupe 4MATIC,2018,Gasoline,385.0HP 3.0L V6 Cylinder Engine Gasoline Fuel,9-Speed A/T,Blue,Brown,At least 1 accident or damage reported,Yes,42995,49000
2392,Audi,R8 5.2 quattro Spyder,2011,Gasoline,525.0HP 5.2L 10 Cylinder Engine Gasoline Fuel,Transmission w/Dual Shift Mode,White,Brown,At least 1 accident or damage reported,Yes,74000,75000
2393,Ford,Escape XLT,2007,Gasoline,153.0HP 2.3L 4 Cylinder Engine Gasoline Fuel,4-Speed A/T,Silver,Silver,None reported,Yes,3000,133300
2394,BMW,X5 3.0si,2007,Gasoline,260.0HP 3.0L Straight 6 Cylinder Engine Gasoline Fuel,6-Speed A/T,Black,Black,None reported,Yes,8500,99700
2395,Chevrolet,Camaro 2LT,2011,Gasoline,312.0HP 3.6L V6 Cylinder Engine Gasoline Fuel,Transmission w/Dual Shift Mode,White,Beige,At least 1 accident or damage reported,Yes,14000,126700
2396,BMW,340 i,2016,Gasoline,320.0HP 3.0L Straight 6 Cylinder Engine Gasoline Fuel,6-Speed M/T,Black,Red,None reported,Yes,36995,28000
4651,Toyota,Tundra Platinum,2018,Gasoline,381.0HP 5.7L 8 Cylinder Engine Gasoline Fuel,6-Speed A/T,Gray,Black,None reported,Yes,51000,66000
2397,Mercedes-Benz,SL-Class SL 550,2012,Gasoline,382.0HP 5.5L 8 Cylinder Engine Gasoline Fuel,7-Speed A/T,Silver,Red,At least 1 accident or damage reported,Yes,38500,21300
2398,Cadillac,Escalade Platinum,2019,Gasoline,420.0HP 6.2L 8 Cylinder Engine Gasoline Fuel,A/T,Black,Black,None reported,Yes,51900,92000
2400,Lexus,RC F Base,2015,Gasoline,467.0HP 5.0L 8 Cylinder Engine Gasoline Fuel,8-Speed A/T,Black,Black,None reported,Yes,49995,25756
2401,Kia,Forte GT-Line,2021,Gasoline,147.0HP 2.0L 4 Cylinder Engine Gasoline Fuel,CVT Transmission,White,Black,None reported,Yes,21900,24534
2402,Land,Rover Range Rover Sport Supercharged Dynamic,2018,Gasoline,518.0HP 5.0L 8 Cylinder Engine Gasoline Fuel,8-Speed A/T,Red,Black,None reported,Yes,53499,58100
2403,Nissan,Titan S,2017,Gasoline,390.0HP 5.6L 8 Cylinder Engine Gasoline Fuel,7-Speed A/T,White,Gray,None reported,Yes,32324,20220
2404,Honda,Accord EX-L 2.0T,2019,Gasoline,252.0HP 2.0L 4 Cylinder Engine Gasoline Fuel,A/T,White,Black,At least 1 accident or damage reported,Yes,27500,40069
2405,Subaru,WRX Base,2017,Gasoline,268.0HP 2.0L 4 Cylinder Engine Gasoline Fuel,6-Speed M/T,Blue,Black,None reported,Yes,23750,60930
2406,Audi,A4 2.0T Titanium Premium,2019,Gasoline,188.0HP 2.0L 4 Cylinder Engine Gasoline Fuel,7-Speed A/T,White,Gray,None reported,Yes,27900,7300
2407,Ford,Mustang EcoBoost Premium,2018,–,–,A/T,Blue,Gray,At least 1 accident or damage reported,Yes,25000,34000
2408,Chevrolet,Avalanche 1500 LS,2012,E85 Flex Fuel,320.0HP 5.3L 8 Cylinder Engine Flex Fuel Capability,A/T,Red,Black,At least 1 accident or damage reported,Yes,18000,56000
2409,Mercedes-Benz,CLA-Class CLA 250,2014,Gasoline,208.0HP 2.0L 4 Cylinder Engine Gasoline Fuel,Transmission w/Dual Shift Mode,Gray,Black,At least 1 accident or damage reported,Yes,12000,136000
2410,BMW,228 Gran Coupe i xDrive,2020,Gasoline,228.0HP 2.0L 4 Cylinder Engine Gasoline Fuel,8-Speed A/T,Blue,White,None reported,Yes,26999,31100
2411,Maserati,GranTurismo Base,2012,Gasoline,440.0HP 4.7L 8 Cylinder Engine Gasoline Fuel,Transmission w/Dual Shift Mode,Blue,Beige,None reported,Yes,37900,12100
2412,Ford,Expedition Platinum,2021,Gasoline,3.5L V6 24V PDI DOHC Twin Turbo,10-Speed Automatic,Red,Ceramic,None reported,Yes,57480,51902
2413,Audi,S4 Base,2007,Gasoline,340.0HP 4.2L 8 Cylinder Engine Gasoline Fuel,6-Speed M/T,Black,Black,At least 1 accident or damage reported,Yes,10995,93000
2414,Land,Rover Range Rover Sport Supercharged HSE,2016,Gasoline,340.0HP 3.0L V6 Cylinder Engine Gasoline Fuel,A/T,Blue,White,At least 1 accident or damage reported,Yes,26500,99915
2415,Ford,Mustang Mach-E GT,2022,,Electric,1-Speed Automatic,Star White,Black Onyx,None reported,,49599,7661
2416,Chevrolet,Tahoe LTZ,2007,E85 Flex Fuel,320.0HP 5.3L 8 Cylinder Engine Flex Fuel Capability,4-Speed A/T,Gold,Beige,At least 1 accident or damage reported,Yes,10750,177000
2417,Nissan,Xterra S,2008,Gasoline,261.0HP 4.0L V6 Cylinder Engine Gasoline Fuel,A/T,Black,Gray,None reported,Yes,6999,100900
2418,INFINITI,Q60 3.0T Premium,2017,Gasoline,300.0HP 3.0L V6 Cylinder Engine Gasoline Fuel,7-Speed A/T,Black,Gray,At least 1 accident or damage reported,Yes,17500,107380
2419,Ford,F-150 Raptor,2021,Gasoline,3.5L V6 24V PDI DOHC Twin Turbo,10-Speed Automatic,Oxford White,Black,None reported,,77900,32957
2420,Acura,TLX Base,2016,Gasoline,206.0HP 2.4L 4 Cylinder Engine Gasoline Fuel,A/T,Gray,Blue,None reported,Yes,16500,45000
2421,Nissan,Frontier SV,2013,Gasoline,261.0HP 4.0L V6 Cylinder Engine Gasoline Fuel,5-Speed A/T,Blue,Gray,None reported,Yes,15500,67000
2422,Chevrolet,Camaro 1SS,2021,Gasoline,455.0HP 6.2L 8 Cylinder Engine Gasoline Fuel,6-Speed M/T,Gray,Black,None reported,Yes,47000,12600
2423,Porsche,Panamera 4,2018,Gasoline,330.0HP 3.0L V6 Cylinder Engine Gasoline Fuel,Transmission w/Dual Shift Mode,White,Black,None reported,Yes,59800,24882
2424,Acura,TLX PMC Edition,2020,Gasoline,290.0HP 3.5L V6 Cylinder Engine Gasoline Fuel,9-Speed A/T,Red,Black,None reported,Yes,43500,6900
2425,Kia,Sorento EX V6,2019,Gasoline,3.3L V6 24V GDI DOHC,8-Speed Automatic,Titanium Silver,Satin Black,None reported,,23754,66075
2426,Hyundai,Palisade SEL,2021,Gasoline,291.0HP 3.8L V6 Cylinder Engine Gasoline Fuel,8-Speed A/T,Black,Black,None reported,Yes,29600,68050
2427,Ford,F-250 Lariat,2017,Diesel,440.0HP 6.7L 8 Cylinder Engine Diesel Fuel,6-Speed A/T,Gray,Black,None reported,Yes,50000,128000
2428,BMW,430 i,2021,Gasoline,255.0HP 2.0L 4 Cylinder Engine Gasoline Fuel,A/T,White,Blue,None reported,Yes,51000,9472
2429,Mitsubishi,Lancer GTS,2009,Gasoline,168.0HP 2.4L 4 Cylinder Engine Gasoline Fuel,CVT Transmission,Orange,Gray,At least 1 accident or damage reported,Yes,5100,185963
2430,Nissan,NV200 S,2019,Gasoline,131.0HP 2.0L 4 Cylinder Engine Gasoline Fuel,CVT Transmission,Black,Gray,At least 1 accident or damage reported,Yes,19500,52000
2431,Buick,Enclave Leather,2015,Gasoline,288.0HP 3.6L V6 Cylinder Engine Gasoline Fuel,6-Speed A/T,Blue,Black,At least 1 accident or damage reported,Yes,18950,68653
2432,Lexus,RX 330 Base,2004,Gasoline,230.0HP 3.3L V6 Cylinder Engine Gasoline Fuel,A/T,Silver,Gray,None reported,Yes,7900,151896
2433,Lexus,RX 450h F Sport,2019,Hybrid,3.5L V6 24V PDI DOHC Hybrid,Automatic CVT,Caviar,Rioja Red,None reported,,44950,43671
2434,Ford,F-250 Lariat,2017,E85 Flex Fuel,6.2L V8 16V MPFI SOHC Flexible Fuel,6-Speed Automatic,White,Camel,,,45985,72128
2435,Kia,Forte Koup EX,2013,Gasoline,156.0HP 2.0L 4 Cylinder Engine Gasoline Fuel,A/T,Black,–,At least 1 accident or damage reported,Yes,5500,134207
2436,GMC,Terrain SLE,2020,Gasoline,1.5L I4 16V GDI DOHC Turbo,9-Speed Automatic,Summit White,Jet Black,None reported,Yes,29900,26470
2437,Porsche,Macan Base,2018,Gasoline,252.0HP 2.0L 4 Cylinder Engine Gasoline Fuel,7-Speed A/T,Black,Black,None reported,Yes,35000,82300
2438,Lexus,RC 350 Base,2015,Gasoline,306.0HP 3.5L V6 Cylinder Engine Gasoline Fuel,Transmission w/Dual Shift Mode,Blue,Blue,None reported,Yes,24000,124000
2439,Audi,S4 3.0T Premium Plus,2020,Gasoline,3.0L V6 24V GDI DOHC Turbo,8-Speed Automatic,Tango Red Metallic,Black,None reported,Yes,49995,23823
2300,Honda,Pilot Elite,2021,Gasoline,3.5L V6 24V GDI SOHC,9-Speed Automatic,Gray,Black,None reported,,38998,42653
2440,GMC,Yukon SLT,2002,Gasoline,275.0HP 4.8L 8 Cylinder Engine Gasoline Fuel,4-Speed A/T,Gray,Beige,None reported,Yes,4999,222600
2441,Lamborghini,Urus Base,2021,Gasoline,641.0HP 4.0L 8 Cylinder Engine Gasoline Fuel,A/T,White,Black,None reported,Yes,279900,9500
2442,INFINITI,QX60 Base,2014,Gasoline,265.0HP 3.5L V6 Cylinder Engine Gasoline Fuel,A/T,Black,Black,At least 1 accident or damage reported,Yes,12500,154247
2443,Chevrolet,Silverado 2500 LTZ H/D Extended Cab,2008,Gasoline,353.0HP 6.0L 8 Cylinder Engine Gasoline Fuel,6-Speed A/T,Beige,Black,None reported,Yes,23500,128000
2444,Maserati,GranTurismo Base,2008,Gasoline,405.0HP 4.2L 8 Cylinder Engine Gasoline Fuel,A/T,Blue,Brown,At least 1 accident or damage reported,Yes,13000,70000
2445,Acura,Integra GS-R,1995,–,–,5-Speed M/T,White,Blue,None reported,Yes,10999,123000
2446,BMW,X6 M Base,2016,Gasoline,567.0HP 4.4L 8 Cylinder Engine Gasoline Fuel,8-Speed A/T,White,Brown,At least 1 accident or damage reported,Yes,48600,52375
2447,Chrysler,300 S,2016,Gasoline,300.0HP 3.6L V6 Cylinder Engine Gasoline Fuel,8-Speed A/T,Black,Black,At least 1 accident or damage reported,Yes,17500,100574
2448,Chrysler,300 Base,2014,Gasoline,292.0HP 3.6L V6 Cylinder Engine Gasoline Fuel,8-Speed A/T,White,–,At least 1 accident or damage reported,Yes,11250,85000
2449,Acura,RDX w/A-Spec Package,2023,Gasoline,2.0 Liter DOHC Turbo,Automatic,White,Black,None reported,,48998,3959
2450,Chevrolet,Corvette Stingray w/1LT,2021,Gasoline,490.0HP 6.2L 8 Cylinder Engine Gasoline Fuel,8-Speed A/T,Silver,Black,None reported,Yes,72900,10400
2451,Chevrolet,Camaro 1SS,2019,Gasoline,455.0HP 6.2L 8 Cylinder Engine Gasoline Fuel,6-Speed M/T,Orange,Black,None reported,Yes,41500,19200
2452,Mercedes-Benz,E-Class E 350 4MATIC,2013,Gasoline,302.0HP 3.5L V6 Cylinder Engine Gasoline Fuel,A/T,Gray,Beige,At least 1 accident or damage reported,Yes,13000,81000
2453,Ford,F-150 Raptor,2022,Gasoline,3.5L V6 24V PDI DOHC Twin Turbo,10-Speed Automatic,Oxford White,Rhapsody Blue,None reported,,77900,17451
2454,Nissan,Versa 1.8 S,2011,Gasoline,122.0HP 1.8L 4 Cylinder Engine Gasoline Fuel,A/T,Black,–,None reported,Yes,4000,165000
2455,BMW,M3 CS,2024,Gasoline,543.0HP 3.0L Straight 6 Cylinder Engine Gasoline Fuel,Transmission w/Dual Shift Mode,Green,Black,None reported,Yes,145000,124
2456,Hyundai,Accent GLS,2013,Gasoline,138.0HP 1.6L 4 Cylinder Engine Gasoline Fuel,6-Speed A/T,Silver,Gray,At least 1 accident or damage reported,Yes,6500,117500
2457,Mercedes-Benz,S-Class S 450 4MATIC,2018,Gasoline,362.0HP 3.0L V6 Cylinder Engine Gasoline Fuel,A/T,Black,Black,None reported,Yes,60000,72500
2458,Porsche,911 GT3,2023,Gasoline,4.0L H6 24V GDI DOHC,6-Speed Manual,Black,Gray,None reported,Yes,279950,265
2459,Mercedes-Benz,AMG GT 63 S 4-Door,2020,Gasoline,4.0L V8 32V GDI DOHC Twin Turbo,9-Speed Automatic,Obsidian Black Metallic,Black,None reported,,117900,21214
2460,Audi,Q5 3.0 TDI Premium Plus,2014,Diesel,240.0HP 3.0L V6 Cylinder Engine Diesel Fuel,8-Speed A/T,Black,Black,At least 1 accident or damage reported,Yes,22500,55564
2461,Cadillac,LYRIQ Luxury,2023,,500.0HP Electric Motor Electric Fuel System,A/T,Gray,Silver,None reported,Yes,68750,1090
2462,Volvo,XC60 T5 R-Design,2019,Gasoline,250.0HP 2.0L 4 Cylinder Engine Gasoline Fuel,Transmission w/Dual Shift Mode,Gray,Black,None reported,Yes,30000,43500
2463,Mercedes-Benz,AMG GT 53 Base,2019,Hybrid,429.0HP 3.0L Straight 6 Cylinder Engine Gasoline/Mild Electric Hybrid,Transmission w/Dual Shift Mode,Black,Black,None reported,Yes,83000,35000
2464,GMC,Yukon SLT,2017,Gasoline,355.0HP 5.3L 8 Cylinder Engine Gasoline Fuel,A/T,White,Beige,At least 1 accident or damage reported,Yes,30000,92031
2465,Lexus,GS 350 Base,2016,Gasoline,311.0HP 3.5L V6 Cylinder Engine Gasoline Fuel,Transmission w/Dual Shift Mode,Silver,Black,None reported,Yes,18000,128032
2466,Jaguar,XF 25t Premium,2018,Gasoline,247.0HP 2.0L 4 Cylinder Engine Gasoline Fuel,8-Speed A/T,White,White,None reported,Yes,26000,18800
2467,BMW,M8 Gran Coupe Competition,2023,Gasoline,617.0HP 4.4L 8 Cylinder Engine Gasoline Fuel,8-Speed A/T,Green,Gray,None reported,Yes,117500,2900
2468,Honda,Ridgeline Black Edition,2017,Gasoline,280.0HP 3.5L V6 Cylinder Engine Gasoline Fuel,6-Speed A/T,Black,Black,None reported,Yes,26000,91600
2469,Toyota,4Runner SR5,2019,Gasoline,270.0HP 4.0L V6 Cylinder Engine Gasoline Fuel,5-Speed A/T,Blue,Black,At least 1 accident or damage reported,Yes,30500,91843
2470,Ford,Bronco Sport Outer Banks,2021,Gasoline,1.5L I3 12V PDI DOHC Turbo,8-Speed Automatic,Kodiak Brown Metallic,Ebony,,,32455,28105
2471,Dodge,Charger R/T 392,2017,Gasoline,485.0HP 6.4L 8 Cylinder Engine Gasoline Fuel,8-Speed A/T,Gray,Red,None reported,Yes,37000,73350
2472,Mercedes-Benz,GLC 300 GLC 300,2022,Gasoline,2.0 Liter Turbo,Automatic,Black,Black,None reported,,41598,11875
2473,Tesla,Model S P100D,2018,,518.0HP Electric Motor Electric Fuel System,A/T,Black,Black,None reported,Yes,49900,47000
2474,INFINITI,Q50 3.0t Signature Edition,2017,Gasoline,300.0HP 3.0L V6 Cylinder Engine Gasoline Fuel,Transmission w/Dual Shift Mode,Black,Black,None reported,Yes,23000,67000
2475,BMW,340 i,2016,Gasoline,320.0HP 3.0L Straight 6 Cylinder Engine Gasoline Fuel,8-Speed A/T,White,Black,At least 1 accident or damage reported,Yes,19500,117660
2476,Pontiac,Firebird Trans Am,2001,Gasoline,200.0HP 3.8L V6 Cylinder Engine Gasoline Fuel,4-Speed A/T,Gray,Black,None reported,Yes,10500,71448
2477,Nissan,NV Passenger NV3500 HD SV V8,2015,Gasoline,317.0HP 5.6L 8 Cylinder Engine Gasoline Fuel,A/T,Silver,Gray,None reported,Yes,29500,86000
2478,Lexus,ES 350 Base,2020,Gasoline,3.5L V6 24V PDI DOHC,8-Speed Automatic,Black,Black,At least 1 accident or damage reported,,33364,15324
2479,BMW,135 is,2013,Gasoline,320.0HP 3.0L Straight 6 Cylinder Engine Gasoline Fuel,6-Speed M/T,White,Beige,None reported,Yes,29000,29400
2480,Lexus,IS 300 Base,2017,Gasoline,255.0HP 3.5L V6 Cylinder Engine Gasoline Fuel,6-Speed A/T,Silver,Red,None reported,Yes,28450,68871
2481,Porsche,Cayenne S,2012,Gasoline,400.0HP 4.8L 8 Cylinder Engine Gasoline Fuel,Transmission w/Dual Shift Mode,Silver,Gray,None reported,Yes,17999,126000
2482,Pontiac,Solstice GXP,2007,Gasoline,260.0HP 2.0L 4 Cylinder Engine Gasoline Fuel,M/T,Yellow,Black,None reported,Yes,17900,25718
2483,Porsche,Panamera Turbo,2015,Gasoline,520.0HP 4.8L 8 Cylinder Engine Gasoline Fuel,Transmission w/Dual Shift Mode,Blue,Beige,At least 1 accident or damage reported,Yes,51950,67210
2484,BMW,X6 xDrive35i,2018,Gasoline,300.0HP 3.0L Straight 6 Cylinder Engine Gasoline Fuel,Transmission w/Dual Shift Mode,Black,Black,At least 1 accident or damage reported,Yes,40950,27214
2485,Ford,F-150 Limited,2019,Gasoline,450.0HP 3.5L V6 Cylinder Engine Gasoline Fuel,Transmission w/Dual Shift Mode,Black,Brown,None reported,Yes,45950,42728
2486,MINI,Cooper S Base,2010,Gasoline,172.0HP 1.6L 4 Cylinder Engine Gasoline Fuel,6-Speed M/T,Yellow,Black,None reported,Yes,6699,97395
2487,Mazda,Mazda3 i SV,2015,Gasoline,155.0HP 2.0L 4 Cylinder Engine Gasoline Fuel,A/T,Red,Black,None reported,Yes,12000,91700
2488,Mitsubishi,Lancer Evolution MR,2011,Gasoline,291.0HP 2.0L 4 Cylinder Engine Gasoline Fuel,Transmission w/Dual Shift Mode,White,Black,None reported,Yes,27000,94500
2489,Chevrolet,Tahoe LTZ,2014,E85 Flex Fuel,320.0HP 5.3L 8 Cylinder Engine Flex Fuel Capability,6-Speed A/T,Black,Black,None reported,Yes,10995,196300
2490,Cadillac,CTS 3.6L Luxury,2015,Gasoline,3.6L V6 24V GDI DOHC,8-Speed Automatic,Majestic Plum Metallic,Light Platinum / Jet Black,None reported,Yes,19425,54259
2491,Acura,RDX w/Advance Package,2021,Gasoline,2.0 Liter Turbo,Automatic,White,Parchment,None reported,,39798,36267
2492,Land,Rover Range Rover Sport Supercharged HSE,2015,Gasoline,340.0HP 3.0L V6 Cylinder Engine Gasoline Fuel,A/T,Black,Black,None reported,Yes,19500,175000
2493,Chevrolet,Suburban 1500 LTZ,2015,Gasoline,355.0HP 5.3L 8 Cylinder Engine Gasoline Fuel,6-Speed A/T,White,Beige,At least 1 accident or damage reported,Yes,26900,159000
2494,Chevrolet,Camaro 2SS,2016,Gasoline,455.0HP 6.2L 8 Cylinder Engine Gasoline Fuel,8-Speed A/T,Black,Black,None reported,Yes,32000,74000
2495,Chevrolet,Silverado 1500 Hybrid 1HY,2011,Hybrid,332.0HP 6.0L 8 Cylinder Engine Gas/Electric Hybrid,4-Speed A/T,White,Black,None reported,Yes,20995,82963
2496,Cadillac,XT5 Luxury,2019,Gasoline,3.6 Liter DOHC,Automatic,Red,Beige,None reported,,27998,54323
2497,Nissan,Armada SL,2019,Gasoline,390.0HP 5.6L 8 Cylinder Engine Gasoline Fuel,7-Speed A/T,Silver,Black,None reported,Yes,29000,59980
2498,Audi,Q5 S line Premium,2022,Hybrid,2.0 Liter TFSI,Automatic,Navarre Blue,Gray,None reported,,39998,10120
2499,BMW,X6 M Base,2017,Gasoline,567.0HP 4.4L 8 Cylinder Engine Gasoline Fuel,Transmission w/Dual Shift Mode,White,Red,At least 1 accident or damage reported,Yes,65000,25000
2500,BMW,740 i,2012,Gasoline,326.0HP 3.0L Straight 6 Cylinder Engine Gasoline Fuel,A/T,Black,Black,At least 1 accident or damage reported,Yes,12700,126000
2501,Toyota,Sequoia TRD Pro,2020,Gasoline,381.0HP 5.7L 8 Cylinder Engine Gasoline Fuel,6-Speed A/T,White,Black,None reported,Yes,61599,37428
2502,Volkswagen,Jetta GLI,2014,Gasoline,210.0HP 2.0L 4 Cylinder Engine Gasoline Fuel,Transmission w/Dual Shift Mode,Black,Black,At least 1 accident or damage reported,Yes,15000,99499
2503,Honda,Crosstour EX-L,2012,Gasoline,192.0HP 2.4L 4 Cylinder Engine Gasoline Fuel,A/T,Gray,Gray,None reported,Yes,12980,90742
2504,Land,Rover Range Rover Sport Supercharged,2014,E85 Flex Fuel,510.0HP 5.0L 8 Cylinder Engine Flex Fuel Capability,8-Speed A/T,White,Brown,At least 1 accident or damage reported,Yes,22500,125000
2505,Hyundai,Santa Fe Sport 2.0L Turbo Ultimate,2018,Gasoline,240.0HP 2.0L 4 Cylinder Engine Gasoline Fuel,A/T,Blue,Black,None reported,Yes,20000,71669
2506,Cadillac,XT5 Luxury,2019,Gasoline,3.6L V6 24V GDI DOHC,8-Speed Automatic,Bronze Dune Metallic,Shara Beige,None reported,,32368,44692
2507,Jaguar,F-TYPE R,2018,Gasoline,550.0HP 5.0L 8 Cylinder Engine Gasoline Fuel,8-Speed A/T,Black,Red,None reported,Yes,74900,16002
2508,Toyota,FJ Cruiser Base,2014,Gasoline,260.0HP 4.0L V6 Cylinder Engine Gasoline Fuel,5-Speed A/T,Blue,Black,None reported,Yes,41500,86000
2509,Toyota,Tundra SR5,2019,Gasoline,381.0HP 5.7L 8 Cylinder Engine Gasoline Fuel,6-Speed A/T,Blue,Black,None reported,Yes,42000,56000
2510,Nissan,300ZX Base,1993,–,–,5-Speed M/T,White,Black,None reported,Yes,7000,168000
2511,RAM,1500 Sport,2017,Gasoline,395.0HP 5.7L 8 Cylinder Engine Gasoline Fuel,A/T,Green,Black,At least 1 accident or damage reported,Yes,42500,41789
2512,Ford,Focus SE,2014,E85 Flex Fuel,160.0HP 2.0L 4 Cylinder Engine Flex Fuel Capability,6-Speed A/T,Gray,Black,None reported,Yes,9499,60109
2513,Mercedes-Benz,GLE 350 Base 4MATIC,2020,Gasoline,255.0HP 2.0L 4 Cylinder Engine Gasoline Fuel,A/T,Black,Black,None reported,Yes,49995,48000
2514,Acura,TL Type S,2008,Gasoline,286.0HP 3.5L V6 Cylinder Engine Gasoline Fuel,Transmission w/Dual Shift Mode,Gray,Beige,None reported,Yes,11500,122000
2515,Land,Rover Range Rover HSE,2012,Gasoline,385.0HP 5.0L 8 Cylinder Engine Gasoline Fuel,A/T,Gold,Brown,None reported,Yes,16000,102800
2517,Mazda,CX-9 Signature,2019,Gasoline,227.0HP 2.5L 4 Cylinder Engine Gasoline Fuel,A/T,Black,Red,None reported,Yes,27500,69771
2518,Acura,TLX Tech,2023,Gasoline,2.0 Liter DOHC Turbo,Automatic,Red,Black,None reported,,41998,2118
2519,Ford,F-150 Raptor,2021,Gasoline,450.0HP 3.5L V6 Cylinder Engine Gasoline Fuel,10-Speed A/T,Blue,Blue,None reported,Yes,72950,28260
2520,Honda,Civic Si Base,2020,Gasoline,205.0HP 1.5L 4 Cylinder Engine Gasoline Fuel,6-Speed M/T,Gray,Gray,None reported,Yes,27500,6025
2521,Hyundai,Elantra SE,2018,Gasoline,147.0HP 2.0L 4 Cylinder Engine Gasoline Fuel,6-Speed A/T,Gray,Gray,At least 1 accident or damage reported,Yes,15900,32697
2522,Ford,Excursion Limited,2001,Gasoline,310.0HP 6.8L 10 Cylinder Engine Gasoline Fuel,A/T,White,–,None reported,Yes,8000,239000
2564,Tesla,Model Y Long Range,2022,,Dual Motor - Standard,Automatic,Silver,Black,None reported,,46598,4665
2523,Jaguar,F-TYPE S British Design Edition,2017,Gasoline,380.0HP 3.0L V6 Cylinder Engine Gasoline Fuel,8-Speed A/T,Black,Black,None reported,Yes,45999,34150
2524,Honda,Ridgeline RTL-E,2022,Gasoline,3.5L V6 24V GDI SOHC,9-Speed Automatic,Radiant Red Metallic II,Black,None reported,,38999,9642
2525,Pontiac,G6 GTP,2006,Gasoline,201.0HP 3.5L V6 Cylinder Engine Gasoline Fuel,4-Speed A/T,Gray,Black,None reported,Yes,5995,100545
2526,Mercedes-Benz,C-Class C300 4MATIC,2021,Gasoline,2.0 Liter Turbo,Automatic,Gray,Black,None reported,,38998,11111
2527,Toyota,FJ Cruiser Base,2007,Gasoline,239.0HP 4.0L V6 Cylinder Engine Gasoline Fuel,5-Speed A/T,Black,Black,None reported,Yes,23977,162000
2528,Buick,Enclave Premium,2020,Gasoline,3.6L V6 24V GDI DOHC,9-Speed Automatic,Dark Moon Blue Metallic,Dark Galvanized,At least 1 accident or damage reported,Yes,31650,87555
2529,Chevrolet,Tahoe LTZ,2015,Gasoline,355.0HP 5.3L 8 Cylinder Engine Gasoline Fuel,A/T,Silver,Black,None reported,Yes,25000,102200
2530,Bentley,Continental GTC V8,2013,Gasoline,500.0HP 4.0L 8 Cylinder Engine Gasoline Fuel,Transmission w/Dual Shift Mode,White,Black,None reported,Yes,77999,18950
2531,Mercedes-Benz,SLK-Class SLK 350,2015,Gasoline,302.0HP 3.5L V6 Cylinder Engine Gasoline Fuel,7-Speed A/T,White,Red,At least 1 accident or damage reported,Yes,30500,16000
2532,Cadillac,Escalade Premium Luxury,2022,Gasoline,420.0HP 6.2L 8 Cylinder Engine Gasoline Fuel,10-Speed A/T,Black,Black,None reported,Yes,86999,19250
2533,BMW,535 i xDrive,2015,Gasoline,300.0HP 3.0L Straight 6 Cylinder Engine Gasoline Fuel,Transmission w/Dual Shift Mode,Silver,Black,None reported,Yes,24995,65000
2534,MINI,Cooper S Base,2007,Gasoline,172.0HP 1.6L 4 Cylinder Engine Gasoline Fuel,6-Speed M/T,Silver,Black,None reported,Yes,6250,110022
2535,Bentley,Continental GT Base,2012,E85 Flex Fuel,567.0HP 6.0L 12 Cylinder Engine Flex Fuel Capability,A/T,White,Beige,None reported,Yes,46999,79089
2536,Lexus,GX 460 Premium,2023,Gasoline,301.0HP 4.6L 8 Cylinder Engine Gasoline Fuel,A/T,Black,Black,None reported,Yes,64900,2533
2537,Audi,Q7 3.0T Premium Plus,2014,Gasoline,280.0HP 3.0L V6 Cylinder Engine Gasoline Fuel,8-Speed A/T,Silver,Black,At least 1 accident or damage reported,Yes,15495,96273
2538,Cadillac,CT6 Luxury,2020,Gasoline,3.6L V6 24V GDI DOHC,10-Speed Automatic,Manhattan Noir Metallic,Shara Beige,At least 1 accident or damage reported,Yes,45480,22187
2539,GMC,Sierra 1500 SL Crew Cab,2009,Gasoline,295.0HP 4.8L 8 Cylinder Engine Gasoline Fuel,A/T,Red,–,None reported,Yes,20000,137000
2540,Nissan,GT-R Premium,2009,Gasoline,480.0HP 3.8L V6 Cylinder Engine Gasoline Fuel,6-Speed A/T,White,–,At least 1 accident or damage reported,Yes,71999,60747
2541,Dodge,Ram 1500 ST,2007,Gasoline,210.0HP 3.7L V6 Cylinder Engine Gasoline Fuel,A/T,Blue,Gray,None reported,Yes,16000,36500
2542,Ford,Bronco Outer Banks,2021,Gasoline,315.0HP 2.7L V6 Cylinder Engine Gasoline Fuel,10-Speed A/T,Blue,Gray,None reported,Yes,54999,19590
2543,Nissan,GT-R Black Edition,2015,Gasoline,545.0HP 3.8L V6 Cylinder Engine Gasoline Fuel,Transmission w/Dual Shift Mode,White,Black,None reported,Yes,95000,16850
2544,Cadillac,Escalade ESV Sport,2021,Gasoline,420.0HP 6.2L 8 Cylinder Engine Gasoline Fuel,10-Speed A/T,White,Beige,,,105000,4500
2545,Chevrolet,Cruze LT,2012,Gasoline,138.0HP 1.4L 4 Cylinder Engine Gasoline Fuel,6-Speed A/T,Gray,White,At least 1 accident or damage reported,Yes,4900,194000
2546,Lexus,GX 460 Base,2020,Gasoline,4.6L V8 32V MPFI DOHC,6-Speed Automatic,Nebula Gray Pearl,Rioja Red,At least 1 accident or damage reported,Yes,47449,48210
2547,BMW,750 i,2018,Gasoline,445.0HP 4.4L 8 Cylinder Engine Gasoline Fuel,8-Speed A/T,White,White,None reported,Yes,41250,81500
2548,Ford,F-150 XLT,2021,Gasoline,3.5L V6 24V PDI DOHC Twin Turbo,10-Speed Automatic,Agate Black Metallic,Black,,,39995,77107
2549,BMW,535 i xDrive,2015,Gasoline,300.0HP 3.0L Straight 6 Cylinder Engine Gasoline Fuel,8-Speed A/T,Blue,Gray,At least 1 accident or damage reported,Yes,20950,58664
2550,Mitsubishi,Montero Limited,2004,Gasoline,215.0HP 3.8L V6 Cylinder Engine Gasoline Fuel,A/T,Silver,Black,None reported,Yes,8950,145000
2551,Lexus,LS 500 F Sport,2018,Gasoline,416.0HP 3.5L V6 Cylinder Engine Gasoline Fuel,A/T,White,Black,None reported,Yes,59000,15055
2552,Tesla,Model S 85D,2015,,422.0HP Electric Motor Electric Fuel System,1-Speed A/T,Blue,Beige,None reported,Yes,28000,67647
2553,Lexus,LC 500 Base,2021,Gasoline,471.0HP 5.0L 8 Cylinder Engine Gasoline Fuel,10-Speed A/T,Blue,White,None reported,Yes,159000,915
2554,Mazda,MX-5 Miata Shinsen,2003,Gasoline,142.0HP 1.8L 4 Cylinder Engine Gasoline Fuel,5-Speed M/T,Gray,Blue,None reported,Yes,11500,46873
2555,Cadillac,Escalade ESV Premium Luxury,2021,Gasoline,420.0HP 6.2L 8 Cylinder Engine Gasoline Fuel,A/T,Black,Black,None reported,Yes,81500,53169
2556,Lexus,GX 460 Premium,2022,Gasoline,301.0HP 4.6L 8 Cylinder Engine Gasoline Fuel,A/T,Silver,Gray,At least 1 accident or damage reported,Yes,51900,35700
2557,Nissan,Pathfinder Platinum,2014,Gasoline,260.0HP 3.5L V6 Cylinder Engine Gasoline Fuel,CVT Transmission,Black,Black,At least 1 accident or damage reported,Yes,13000,112600
2558,GMC,Yukon SLE,2015,Gasoline,5.3L V8 16V GDI OHV,6-Speed Automatic,Onyx Black,Jet Black,At least 1 accident or damage reported,Yes,24440,112552
2559,BMW,M3 Base,2003,Gasoline,333.0HP 3.2L Straight 6 Cylinder Engine Gasoline Fuel,6-Speed M/T,Silver,Black,None reported,Yes,15000,127273
2560,Lexus,IS 250 Base,2007,Gasoline,204.0HP 2.5L V6 Cylinder Engine Gasoline Fuel,A/T,White,–,At least 1 accident or damage reported,Yes,3995,189887
2561,BMW,640 i,2012,Gasoline,315.0HP 3.0L Straight 6 Cylinder Engine Gasoline Fuel,8-Speed A/T,White,Beige,At least 1 accident or damage reported,Yes,22500,76465
2562,Mitsubishi,Eclipse Spyder GT,2007,Gasoline,260.0HP 3.8L V6 Cylinder Engine Gasoline Fuel,5-Speed A/T,Red,Gray,At least 1 accident or damage reported,Yes,6750,136400
2563,Ford,Thunderbird Deluxe,2004,Gasoline,280.0HP 3.9L 8 Cylinder Engine Gasoline Fuel,A/T,Gray,Black,None reported,Yes,13500,79635
2565,Buick,Enclave 1XL,2011,Gasoline,288.0HP 3.6L V6 Cylinder Engine Gasoline Fuel,6-Speed A/T,Gold,Beige,At least 1 accident or damage reported,Yes,4000,170000
2566,Ford,F-150 XLT,2018,Gasoline,375.0HP 3.5L V6 Cylinder Engine Gasoline Fuel,A/T,Blue,Gray,None reported,Yes,30000,67650
2567,Lexus,ES 350 Base,2016,Gasoline,268.0HP 3.5L V6 Cylinder Engine Gasoline Fuel,A/T,White,Beige,None reported,Yes,19000,119850
2568,Acura,TL Type S,2008,Gasoline,286.0HP 3.5L V6 Cylinder Engine Gasoline Fuel,6-Speed M/T,Red,Black,None reported,Yes,15999,116500
2569,Mercury,Capri XR2,1993,–,–,5-Speed M/T,Green,Gray,None reported,Yes,4200,120644
2570,Ford,Transit Connect XLT,2010,Gasoline,2.0L I4 16V MPFI DOHC,4-Speed Automatic,Frozen White,Dark Gray,None reported,Yes,9985,169802
2571,BMW,X3 M40i,2021,Gasoline,382.0HP 3.0L Straight 6 Cylinder Engine Gasoline Fuel,Transmission w/Dual Shift Mode,Blue,Beige,None reported,Yes,50000,36905
2572,Jeep,Gladiator Willys,2022,Gasoline,285.0HP 3.6L V6 Cylinder Engine Gasoline Fuel,8-Speed A/T,Black,Black,At least 1 accident or damage reported,Yes,47000,8400
2573,Hummer,H2 Base,2003,Gasoline,316.0HP 6.0L 8 Cylinder Engine Gasoline Fuel,A/T,Beige,Beige,At least 1 accident or damage reported,Yes,12500,149961
2574,Mercedes-Benz,C-Class C 63 AMG,2014,Gasoline,451.0HP 6.2L 8 Cylinder Engine Gasoline Fuel,7-Speed A/T,White,Black,None reported,Yes,41500,84500
2575,Lamborghini,Aventador LP700-4,2016,Gasoline,6.5L V12 48V MPFI DOHC,7-Speed Automatic with Auto-Shift,Bianco Isis,Giallo Taurus / Nero Ade,None reported,,399900,3254
2576,Mercedes-Benz,G-Class G 550 4MATIC,2016,Gasoline,416.0HP 4.0L 8 Cylinder Engine Gasoline Fuel,A/T,Blue,Brown,None reported,Yes,65000,96000
2577,Nissan,GT-R Premium,2009,Gasoline,480.0HP 3.8L V6 Cylinder Engine Gasoline Fuel,Transmission w/Dual Shift Mode,White,White,At least 1 accident or damage reported,Yes,57000,88000
2578,Audi,R8 4.2 quattro Spyder,2011,Gasoline,4.2L V8 32V GDI DOHC,6-Speed Manual,Phantom Black Pearl Effect / Black Roof,Red,None reported,,94900,35322
2579,Acura,TLX A-Spec,2020,Gasoline,206.0HP 2.4L 4 Cylinder Engine Gasoline Fuel,A/T,White,Red,None reported,Yes,32000,32500
2580,Audi,A6 3.0T Premium Plus,2016,Gasoline,333.0HP 3.0L V6 Cylinder Engine Gasoline Fuel,A/T,Silver,Black,None reported,Yes,22000,71280
2581,Porsche,Panamera 2,2011,Gasoline,300.0HP 3.6L V6 Cylinder Engine Gasoline Fuel,7-Speed A/T,Black,Beige,None reported,Yes,27500,37200
2582,Saturn,Sky Red Line,2008,Gasoline,260.0HP 2.0L 4 Cylinder Engine Gasoline Fuel,A/T,White,–,None reported,Yes,14500,94291
2583,Maserati,Coupe Cambiocorsa,2006,Gasoline,390.0HP 4.2L 8 Cylinder Engine Gasoline Fuel,Transmission w/Dual Shift Mode,Blue,Beige,None reported,Yes,17000,54082
2584,Volvo,XC90 Recharge Plug-In Hybrid T8 Inscription 7 Passenger,2022,Plug-In Hybrid,455.0HP 2.0L 4 Cylinder Engine Plug-In Electric/Gas,8-Speed A/T,Black,Beige,None reported,Yes,66000,7800
2585,Jeep,Wrangler Sport,2016,Gasoline,285.0HP 3.6L V6 Cylinder Engine Gasoline Fuel,5-Speed A/T,White,Black,None reported,Yes,22000,86250
2586,BMW,X5 xDrive50i,2016,Gasoline,445.0HP 4.4L 8 Cylinder Engine Gasoline Fuel,Transmission w/Dual Shift Mode,Silver,Black,None reported,Yes,27899,75479
2587,BMW,750 i,2017,Gasoline,445.0HP 4.4L 8 Cylinder Engine Gasoline Fuel,A/T,Silver,Black,None reported,Yes,50000,24650
2588,Volkswagen,Golf R 4-Door,2013,Gasoline,256.0HP 2.0L 4 Cylinder Engine Gasoline Fuel,6-Speed M/T,Black,Black,None reported,Yes,20000,102750
2589,Alfa,Romeo Stelvio Base,2018,Gasoline,280.0HP 2.0L 4 Cylinder Engine Gasoline Fuel,A/T,Brown,Brown,None reported,Yes,27500,50000
2590,BMW,X5 xDrive35i,2017,Gasoline,300.0HP 3.0L Straight 6 Cylinder Engine Gasoline Fuel,A/T,Gray,Black,None reported,Yes,27499,72700
2591,BMW,X6 M Base,2018,Gasoline,567.0HP 4.4L 8 Cylinder Engine Gasoline Fuel,8-Speed A/T,Black,Beige,At least 1 accident or damage reported,Yes,49000,54293
2592,Lexus,IS 300 Base,2018,Gasoline,260.0HP 3.5L V6 Cylinder Engine Gasoline Fuel,6-Speed A/T,Blue,Brown,At least 1 accident or damage reported,Yes,30500,16000
2593,Lamborghini,Gallardo SE,2006,Gasoline,493.0HP 5.0L 10 Cylinder Engine Gasoline Fuel,6-Speed A/T,Green,Yellow,None reported,Yes,129000,19500
2594,BMW,428 i,2014,Gasoline,240.0HP 2.0L 4 Cylinder Engine Gasoline Fuel,Transmission w/Dual Shift Mode,White,Black,At least 1 accident or damage reported,Yes,16700,71000
2595,BMW,X5 xDrive40i,2019,Gasoline,335.0HP 3.0L Straight 6 Cylinder Engine Gasoline Fuel,8-Speed A/T,White,Beige,None reported,Yes,36500,60000
2596,Porsche,Boxster Base,1998,Gasoline,201.0HP 2.5L Flat 6 Cylinder Engine Gasoline Fuel,5-Speed M/T,Blue,Beige,None reported,Yes,11995,75539
2597,Alfa,Romeo Giulia Base,2017,Gasoline,280.0HP 2.0L 4 Cylinder Engine Gasoline Fuel,8-Speed A/T,White,Red,None reported,Yes,21000,36000
2598,Mercedes-Benz,C-Class C 300,2019,Gasoline,2.0 Liter Turbo,Automatic,Black,Black,None reported,,28998,76422
2599,Nissan,370Z NISMO Tech,2016,Gasoline,350.0HP 3.7L V6 Cylinder Engine Gasoline Fuel,7-Speed A/T,Red,Black,At least 1 accident or damage reported,Yes,31950,42600
2600,Rivian,R1S Adventure Package,2023,,835.0HP Electric Motor Electric Fuel System,A/T,Blue,Black,None reported,Yes,99000,211
2601,Chevrolet,Suburban LT,2017,Gasoline,6.0L 8 Cylinder Engine Gasoline Fuel,A/T,White,Black,At least 1 accident or damage reported,Yes,29000,98888
2602,Ford,Fusion Hybrid SE,2019,Hybrid,188.0HP 2.0L 4 Cylinder Engine Gas/Electric Hybrid,A/T,Silver,Gray,At least 1 accident or damage reported,Yes,19395,64532
2603,BMW,X3 xDrive35i,2011,Gasoline,300.0HP 3.0L Straight 6 Cylinder Engine Gasoline Fuel,A/T,White,Black,None reported,Yes,12975,75500
2652,Tesla,Model S 100D,2018,,518.0HP Electric Motor Electric Fuel System,A/T,Gray,Black,None reported,Yes,51900,33500
2604,Buick,Envision Preferred,2019,Gasoline,197.0HP 2.5L 4 Cylinder Engine Gasoline Fuel,A/T,Black,Beige,None reported,Yes,27000,32000
2605,Buick,Envision Essence,2019,Gasoline,2.5L I4 16V GDI DOHC,6-Speed Automatic,Summit White,Ebony,None reported,Yes,24991,47839
2606,Porsche,Cayenne GTS,2013,Gasoline,420.0HP 4.8L 8 Cylinder Engine Gasoline Fuel,Transmission w/Dual Shift Mode,Green,Black,At least 1 accident or damage reported,Yes,34900,98413
2607,Audi,RS 5 2.9T,2022,Gasoline,444.0HP 2.9L V6 Cylinder Engine Gasoline Fuel,8-Speed A/T,White,Black,None reported,Yes,78500,9628
2608,Jaguar,XK8 Base,1999,Gasoline,290.0HP 4.0L 8 Cylinder Engine Gasoline Fuel,5-Speed A/T,Green,Beige,None reported,Yes,16370,15000
2609,Audi,R8 5.2 V10,2021,Gasoline,5.2L V10 40V PDI DOHC,7-Speed Automatic with Auto-Shift,Kemora Gray Metallic,Black / Express Red,None reported,,172900,6397
2610,Honda,Pilot Black Edition,2022,Gasoline,3.5 Liter,Automatic,Platinum White Pearl,Black,None reported,,44998,22564
2611,Lexus,RX 350 Crafted Line F Sport,2015,Gasoline,270.0HP 3.5L V6 Cylinder Engine Gasoline Fuel,Transmission w/Dual Shift Mode,White,Black,None reported,Yes,28000,110000
2612,Mercedes-Benz,Sprinter 3500 High Roof,2022,Diesel,161.0HP 2.0L 4 Cylinder Engine Diesel Fuel,7-Speed A/T,Black,Orange,None reported,Yes,200000,105
2613,Toyota,4Runner Limited,2004,Gasoline,245.0HP 4.0L V6 Cylinder Engine Gasoline Fuel,A/T,Black,Beige,None reported,Yes,13000,186117
2614,Jeep,Wrangler Sport,2002,Gasoline,190.0HP 4.0L Straight 6 Cylinder Engine Gasoline Fuel,M/T,Yellow,Gray,None reported,Yes,12500,103500
2615,Cadillac,CT6-V 4.2L Blackwing Twin Turbo,2019,Gasoline,4.2L V8 32V GDI DOHC Twin Turbo,10-Speed Automatic,Manhattan Noir Metallic,Jet Black,None reported,,76700,8074
2616,BMW,M3 Base,2011,Gasoline,414.0HP 4.0L 8 Cylinder Engine Gasoline Fuel,6-Speed M/T,Black,Black,None reported,Yes,50900,43000
2617,BMW,750 i,2015,Gasoline,445.0HP 4.4L 8 Cylinder Engine Gasoline Fuel,8-Speed A/T,Blue,Black,At least 1 accident or damage reported,Yes,23000,70700
2618,Chevrolet,Trailblazer RS,2022,Gasoline,1.3L I3 12V GDI DOHC Turbo,9-Speed Automatic,Mosaic Black Metallic,Jet Black,None reported,Yes,28495,42479
2619,Ford,Excursion XLT 4WD,2000,Gasoline,310.0HP 6.8L 10 Cylinder Engine Gasoline Fuel,A/T,Black,Gray,At least 1 accident or damage reported,Yes,9950,205000
2620,Audi,SQ5 3.0T Premium Plus,2019,Gasoline,349.0HP 3.0L V6 Cylinder Engine Gasoline Fuel,8-Speed A/T,Blue,Gray,None reported,Yes,38999,22300
2621,Ford,Expedition EL Limited,2017,Gasoline,365.0HP 3.5L V6 Cylinder Engine Gasoline Fuel,A/T,Black,Black,At least 1 accident or damage reported,Yes,19995,104000
2622,Ford,Bronco Sport Base,2022,Gasoline,1.5L I3 12V PDI DOHC Turbo,8-Speed Automatic,Shadow Black,Ebony,None reported,Yes,29182,13865
2623,BMW,M4 Competition xDrive,2022,Gasoline,503.0HP 3.0L Straight 6 Cylinder Engine Gasoline Fuel,8-Speed A/T,Red,Silver,None reported,Yes,84995,15882
2624,Land,Rover Defender,2022,Gasoline,5.0L V8 32V GDI DOHC Supercharged,8-Speed Automatic,Black,Black,None reported,,104900,12209
2625,Mercedes-Benz,AMG GLC 43 AMG GLC 43,2021,Gasoline,3.0 Liter Twin Turbo,Automatic,Graphite Grey Metallic,Black w/Red Stitching,None reported,,60998,10483
2626,Nissan,GT-R Premium,2017,Gasoline,565.0HP 3.8L V6 Cylinder Engine Gasoline Fuel,Transmission w/Dual Shift Mode,Orange,Black,None reported,Yes,113000,31150
2627,Chrysler,200 C,2015,E85 Flex Fuel,295.0HP 3.6L V6 Cylinder Engine Flex Fuel Capability,A/T,White,Black,At least 1 accident or damage reported,Yes,12700,44000
2628,Hummer,H2 Base,2003,Gasoline,316.0HP 6.0L 8 Cylinder Engine Gasoline Fuel,A/T,Beige,Beige,None reported,Yes,17500,109000
2629,BMW,M4 Base,2020,Gasoline,425.0HP 3.0L Straight 6 Cylinder Engine Gasoline Fuel,Transmission w/Dual Shift Mode,Gray,Orange,None reported,Yes,62450,31350
2630,Audi,Q8 55 Premium Plus,2021,Hybrid,335.0HP 3.0L V6 Cylinder Engine Gasoline/Mild Electric Hybrid,8-Speed A/T,Black,Black,None reported,Yes,62000,30000
2631,Land,Rover Range Rover HSE,2012,Gasoline,385.0HP 5.0L 8 Cylinder Engine Gasoline Fuel,A/T,Silver,Black,None reported,Yes,19950,66500
2632,Nissan,Frontier SV,2012,Gasoline,261.0HP 4.0L V6 Cylinder Engine Gasoline Fuel,A/T,Beige,Black,At least 1 accident or damage reported,Yes,17000,96600
2633,Toyota,Highlander LE Plus,2015,Gasoline,270.0HP 3.5L V6 Cylinder Engine Gasoline Fuel,A/T,White,Gray,None reported,Yes,14000,198000
2634,Audi,S4 3.0T Premium Plus,2013,Gasoline,333.0HP 3.0L V6 Cylinder Engine Gasoline Fuel,A/T,Black,Red,At least 1 accident or damage reported,Yes,24000,91877
2635,Ford,Expedition Max Limited,2018,Gasoline,375.0HP 3.5L V6 Cylinder Engine Gasoline Fuel,10-Speed A/T,White,–,None reported,Yes,45023,45578
2636,BMW,228 i,2015,Gasoline,240.0HP 2.0L 4 Cylinder Engine Gasoline Fuel,6-Speed M/T,Black,Red,At least 1 accident or damage reported,Yes,19996,54000
2637,Land,Rover Range Rover Sport HST MHEV,2020,Hybrid,395.0HP 3.0L Straight 6 Cylinder Engine Gasoline/Mild Electric Hybrid,8-Speed A/T,Gray,Black,None reported,Yes,55000,52000
2638,Mercedes-Benz,E-Class AMG E 53,2020,Hybrid,3.0 Liter Turbo,Automatic,Emerald Green Metallic,Black/Saddle Brown,None reported,,72598,23044
2639,Porsche,911 Carrera,2008,Gasoline,325.0HP 3.6L Flat 6 Cylinder Engine Gasoline Fuel,6-Speed M/T,Black,Black,None reported,Yes,35000,132500
2640,Dodge,Dakota SLT Quad Cab,2006,Gasoline,4.7L 8 Cylinder Engine Gasoline Fuel,A/T,Black,Gray,None reported,Yes,4000,256000
2641,Mercedes-Benz,SL-Class SL63 AMG Roadster,2009,Gasoline,518.0HP 6.3L 8 Cylinder Engine Gasoline Fuel,Transmission w/Dual Shift Mode,White,Brown,None reported,Yes,65700,31370
2642,Chrysler,Sebring LX,2008,Gasoline,173.0HP 2.4L 4 Cylinder Engine Gasoline Fuel,A/T,Blue,Blue,None reported,Yes,4900,67303
2698,Audi,Q5 S line Premium Plus,2023,Hybrid,2.0 Liter TFSI,Automatic,Chronos Gray,Gray,None reported,,48698,5682
2643,Chevrolet,Corvette Stingray w/3LT,2021,Gasoline,490.0HP 6.2L 8 Cylinder Engine Gasoline Fuel,A/T,Blue,Black,At least 1 accident or damage reported,Yes,99900,12000
2644,Ford,Bronco Outer Banks,2023,Gasoline,275.0HP 2.3L 4 Cylinder Engine Gasoline Fuel,A/T,Blue,Gray,None reported,Yes,54000,16500
2645,Toyota,Tacoma TRD Pro,2018,Gasoline,"3.5L V-6 port/direct injection, DOHC, VVT-iE variable valve cont","Manual, 6-Spd",–,Black,None reported,,42900,28800
2646,RAM,ProMaster 2500 High Roof,2019,Gasoline,280.0HP 3.6L V6 Cylinder Engine Gasoline Fuel,6-Speed A/T,White,Black,At least 1 accident or damage reported,Yes,39900,88000
2647,Ford,Shelby GT350 Base,2018,Gasoline,526.0HP 5.2L 8 Cylinder Engine Gasoline Fuel,6-Speed M/T,White,Black,At least 1 accident or damage reported,Yes,60867,18515
2649,Land,Rover Range Rover P530 SE LWB 7 Seat,2023,Gasoline,523.0HP 4.4L 8 Cylinder Engine Gasoline Fuel,8-Speed A/T,Gray,Beige,None reported,Yes,172000,2100
2650,Volvo,XC60 T6 Inscription,2019,Gasoline,330.0HP 2.0L 4 Cylinder Engine Gasoline Fuel,A/T,White,White,At least 1 accident or damage reported,Yes,29000,58600
2651,Lexus,LS 460 Crafted Line,2015,Gasoline,386.0HP 4.6L 8 Cylinder Engine Gasoline Fuel,Transmission w/Dual Shift Mode,White,Red,None reported,Yes,33900,74500
2653,Cadillac,XT6 Premium Luxury AWD,2023,Gasoline,310.0HP 3.6L V6 Cylinder Engine Gasoline Fuel,A/T,White,Black,None reported,Yes,69000,222
2654,Chevrolet,Avalanche 1500 LTZ,2007,E85 Flex Fuel,310.0HP 5.3L 8 Cylinder Engine Flex Fuel Capability,A/T,Red,Gray,None reported,Yes,16499,75124
2655,Chevrolet,Corvette Grand Sport,2013,Gasoline,430.0HP 6.2L 8 Cylinder Engine Gasoline Fuel,Transmission w/Dual Shift Mode,White,Blue,None reported,Yes,45000,15500
2656,Audi,Q8 55 Premium,2020,Hybrid,335.0HP 3.0L V6 Cylinder Engine Gasoline/Mild Electric Hybrid,8-Speed A/T,Gray,Brown,None reported,Yes,52500,34300
2657,Honda,Odyssey Elite,2019,Gasoline,280.0HP 3.5L V6 Cylinder Engine Gasoline Fuel,10-Speed A/T,Silver,Black,None reported,Yes,32471,82000
2658,Acura,TLX,2023,Gasoline,2.0 Liter DOHC Turbo,Automatic,Platinum White Pearl,Black,None reported,,38598,3389
2659,Porsche,Cayenne GTS Coupe AWD,2023,Gasoline,453.0HP 4.0L 8 Cylinder Engine Gasoline Fuel,8-Speed A/T,Gray,Black,None reported,Yes,145000,10000
2660,Cadillac,STS V6,2005,Gasoline,260.0HP 3.6L V6 Cylinder Engine Gasoline Fuel,A/T,Beige,Brown,At least 1 accident or damage reported,Yes,4999,96000
2661,Dodge,Charger R/T,2021,Gasoline,370.0HP 5.7L 8 Cylinder Engine Gasoline Fuel,8-Speed A/T,Black,Black,None reported,Yes,41950,7751
2662,Audi,RS 7 4.0T Performance Prestige,2017,Gasoline,605.0HP 4.0L 8 Cylinder Engine Gasoline Fuel,8-Speed A/T,Gray,Gray,At least 1 accident or damage reported,Yes,59200,66250
2663,Lexus,CT 200h Premium,2012,Hybrid,134.0HP 1.8L 4 Cylinder Engine Gas/Electric Hybrid,A/T,White,Black,At least 1 accident or damage reported,Yes,14945,109000
2664,Hyundai,Genesis Coupe 3.8 Base,2015,Gasoline,348.0HP 3.8L V6 Cylinder Engine Gasoline Fuel,Transmission w/Dual Shift Mode,Black,Black,None reported,Yes,17000,60000
2665,Tesla,Model S Performance,2020,,778.0HP Electric Motor Electric Fuel System,1-Speed A/T,Gray,Black,None reported,Yes,63000,14700
2666,Mercedes-Benz,E-Class E 350 4MATIC,2022,Gasoline,255.0HP 2.0L 4 Cylinder Engine Gasoline Fuel,9-Speed A/T,Black,Black,None reported,Yes,56999,9006
2667,Toyota,GR86 Base,2022,Gasoline,228.0HP 2.4L 4 Cylinder Engine Gasoline Fuel,6-Speed A/T,Silver,Black,None reported,Yes,33499,13400
2668,Porsche,Macan S,2020,Gasoline,3.0 Liter Turbo,Automatic,White,Black,None reported,,55998,28570
2669,Dodge,Durango SRT,2018,Gasoline,475.0HP 6.4L 8 Cylinder Engine Gasoline Fuel,Transmission w/Dual Shift Mode,White,Black,At least 1 accident or damage reported,Yes,44700,78000
2670,Lexus,LX 570 Base,2013,Gasoline,383.0HP 5.7L 8 Cylinder Engine Gasoline Fuel,A/T,Gray,Black,At least 1 accident or damage reported,Yes,29995,134000
2671,Kia,Optima Hybrid EX,2013,Hybrid,199.0HP 2.4L 4 Cylinder Engine Gas/Electric Hybrid,6-Speed A/T,Black,Beige,None reported,Yes,9000,104994
2672,Bentley,Continental GT V8 S,2016,Gasoline,521.0HP 4.0L 8 Cylinder Engine Gasoline Fuel,8-Speed A/T,Black,Beige,None reported,Yes,103900,31500
2673,Alfa,Romeo Giulia Base,2020,Gasoline,280.0HP 2.0L 4 Cylinder Engine Gasoline Fuel,8-Speed A/T,Black,–,None reported,Yes,28900,30000
2674,Lexus,LX 600 F SPORT,2023,Gasoline,409.0HP 3.4L V6 Cylinder Engine Gasoline Fuel,A/T,Black,Black,None reported,Yes,124999,490
2675,Porsche,Taycan Turbo,2020,,616.0HP Electric Motor Electric Fuel System,A/T,Silver,Black,None reported,Yes,105000,18000
2676,Toyota,Sequoia Limited,2017,E85 Flex Fuel,381.0HP 5.7L 8 Cylinder Engine Flex Fuel Capability,6-Speed A/T,Silver,Gray,None reported,Yes,37999,67000
2677,Kia,K5 EX,2021,Gasoline,180.0HP 1.6L 4 Cylinder Engine Gasoline Fuel,A/T,Gray,White,None reported,Yes,29000,8263
2678,RAM,1500 Big Horn,2021,Gasoline,5.7L V8 16V MPFI OHV,8-Speed Automatic,Bright White Clearcoat,Diesel Gray / Black,None reported,Yes,40999,35003
2679,Chevrolet,Corvette Base,2008,Gasoline,430.0HP 6.2L 8 Cylinder Engine Gasoline Fuel,6-Speed A/T,Red,Beige,None reported,Yes,31000,80000
2680,Chevrolet,Corvette Stingray w/1LT,2022,Gasoline,490.0HP 6.2L 8 Cylinder Engine Gasoline Fuel,Transmission w/Dual Shift Mode,Brown,Black,None reported,Yes,99999,6200
2725,Honda,Civic Sport,2022,Gasoline,158.0HP 2.0L 4 Cylinder Engine Gasoline Fuel,CVT Transmission,Red,Gray,None reported,Yes,24500,25420
2681,Jaguar,F-TYPE S,2014,Gasoline,495.0HP 5.0L 8 Cylinder Engine Gasoline Fuel,8-Speed A/T,Green,Black,At least 1 accident or damage reported,Yes,32450,74595
2682,Audi,A7 3.0T Prestige,2013,Gasoline,310.0HP 3.0L V6 Cylinder Engine Gasoline Fuel,8-Speed A/T,Silver,Black,None reported,Yes,20999,87066
2683,Audi,Q8 3.0T Prestige,2019,Gasoline,3.0L V6 24V GDI DOHC Turbo,8-Speed Automatic,Orca Black Metallic,Black,None reported,,49936,38360
2684,Kia,Telluride SX,2020,Gasoline,291.0HP 3.8L V6 Cylinder Engine Gasoline Fuel,8-Speed A/T,Green,Beige,None reported,Yes,41999,38000
2685,Toyota,Camry Hybrid XLE,2018,Hybrid,208.0HP 2.5L 4 Cylinder Engine Gas/Electric Hybrid,CVT Transmission,White,Black,At least 1 accident or damage reported,Yes,23995,69641
2686,Toyota,GR86 Premium,2022,Gasoline,228.0HP 2.4L 4 Cylinder Engine Gasoline Fuel,6-Speed A/T,Blue,Black,None reported,Yes,47999,1275
2687,BMW,M3 Base,2001,Gasoline,333.0HP 3.2L Straight 6 Cylinder Engine Gasoline Fuel,6-Speed M/T,Black,Gray,None reported,Yes,25000,60000
2688,Jeep,Wrangler Rubicon,2014,Gasoline,285.0HP 3.6L V6 Cylinder Engine Gasoline Fuel,6-Speed M/T,Gray,Black,None reported,Yes,21000,99450
2689,Toyota,Tundra Hybrid Capstone,2023,Hybrid,437.0HP 3.4L V6 Cylinder Engine Gas/Electric Hybrid,10-Speed A/T,Blue,White,None reported,Yes,82500,200
2690,Porsche,Panamera 4 Edition,2016,Gasoline,310.0HP 3.6L V6 Cylinder Engine Gasoline Fuel,Transmission w/Dual Shift Mode,Gray,Black,At least 1 accident or damage reported,Yes,32950,68000
2691,Lexus,GS 350 Base,2010,Gasoline,303.0HP 3.5L V6 Cylinder Engine Gasoline Fuel,A/T,Gray,Black,At least 1 accident or damage reported,Yes,9450,212000
2692,GMC,Sierra 3500 Denali,2019,Diesel,445.0HP 6.6L 8 Cylinder Engine Diesel Fuel,A/T,White,Black,At least 1 accident or damage reported,Yes,58500,73091
2693,Kia,Niro Plug-In Hybrid EX,2023,Plug-In Hybrid,180.0HP 1.6L 4 Cylinder Engine Plug-In Electric/Gas,A/T,Black,Black,None reported,Yes,31500,9400
2694,Porsche,Cayenne Base,2014,Gasoline,300.0HP 3.6L V6 Cylinder Engine Gasoline Fuel,8-Speed A/T,Black,Black,At least 1 accident or damage reported,Yes,16975,117697
2695,Mercedes-Benz,S-Class S 65 AMG,2015,Gasoline,621.0HP 6.0L 12 Cylinder Engine Gasoline Fuel,A/T,Silver,Silver,None reported,Yes,55000,95428
2696,Lexus,GX 460 Premium,2017,Gasoline,301.0HP 4.6L 8 Cylinder Engine Gasoline Fuel,6-Speed A/T,Gray,Beige,None reported,Yes,31950,116300
2697,Acura,MDX Sport Hybrid 3.0L w/Technology Package,2019,Hybrid,321.0HP 3.0L V6 Cylinder Engine Gas/Electric Hybrid,7-Speed A/T,Black,Black,None reported,Yes,41899,56778
2699,BMW,530 i,2017,Gasoline,248.0HP 2.0L 4 Cylinder Engine Gasoline Fuel,A/T,Gray,Black,None reported,Yes,31000,37000
2700,Kia,Forte Koup EX,2015,Gasoline,173.0HP 2.0L 4 Cylinder Engine Gasoline Fuel,A/T,Gray,Gray,None reported,Yes,8500,103748
2701,Toyota,Sequoia Limited,2005,Gasoline,282.0HP 4.7L 8 Cylinder Engine Gasoline Fuel,A/T,Silver,–,None reported,Yes,22500,86000
2702,Land,Rover LR4 HSE,2013,Gasoline,375.0HP 5.0L 8 Cylinder Engine Gasoline Fuel,A/T,Black,Beige,None reported,Yes,21000,125900
2703,Nissan,Titan SV,2023,Gasoline,400.0HP 5.6L 8 Cylinder Engine Gasoline Fuel,9-Speed A/T,Black,Gray,None reported,Yes,48000,6200
2704,Ford,F-250 Lariat,2019,Diesel,450.0HP 6.7L 8 Cylinder Engine Diesel Fuel,6-Speed A/T,Black,Black,At least 1 accident or damage reported,Yes,52500,85000
2705,Mercedes-Benz,AMG GT AMG GT,2017,Gasoline,456.0HP 4.0L 8 Cylinder Engine Gasoline Fuel,Transmission w/Dual Shift Mode,Gray,Beige,None reported,Yes,75000,19324
2706,Cadillac,Escalade Platinum,2018,Gasoline,420.0HP 6.2L 8 Cylinder Engine Gasoline Fuel,A/T,Red,Black,None reported,Yes,54000,49273
2707,Tesla,Model 3 Standard Range Plus,2019,,Electric Motor Electric Fuel System,A/T,White,White,None reported,Yes,32000,42094
2708,BMW,M3 Base,2017,Gasoline,425.0HP 3.0L Straight 6 Cylinder Engine Gasoline Fuel,7-Speed A/T,Blue,Black,None reported,Yes,55000,44000
2709,Chevrolet,Cruze LT,2012,Gasoline,138.0HP 1.4L 4 Cylinder Engine Gasoline Fuel,6-Speed A/T,Blue,Black,,,5500,148377
2710,Dodge,Challenger SRT8,2010,Gasoline,425.0HP 6.1L 8 Cylinder Engine Gasoline Fuel,6-Speed M/T,Orange,Black,None reported,Yes,22000,70000
2711,Mercedes-Benz,Sprinter 2500,2016,Diesel,161.0HP 2.1L 4 Cylinder Engine Diesel Fuel,A/T,White,Black,None reported,Yes,33490,143290
2712,Ford,F-350 Platinum,2019,Diesel,450.0HP 6.7L 8 Cylinder Engine Diesel Fuel,Transmission w/Dual Shift Mode,White,Black,None reported,Yes,73500,69205
2713,Chevrolet,Tahoe LTZ,2015,Gasoline,355.0HP 5.3L 8 Cylinder Engine Gasoline Fuel,6-Speed A/T,White,Brown,None reported,Yes,25650,123500
2714,Audi,Q7 3.0T Prestige,2018,Gasoline,333.0HP 3.0L V6 Cylinder Engine Gasoline Fuel,A/T,White,Black,None reported,Yes,30950,70773
2715,Jeep,Patriot Latitude,2015,Gasoline,158.0HP 2.0L 4 Cylinder Engine Gasoline Fuel,A/T,Gray,Gray,At least 1 accident or damage reported,Yes,7599,109000
2716,INFINITI,QX70 Base,2014,Gasoline,325.0HP 3.7L V6 Cylinder Engine Gasoline Fuel,7-Speed A/T,Black,Black,None reported,Yes,18995,71097
2717,BMW,X5 xDrive35i,2013,Gasoline,300.0HP 3.0L Straight 6 Cylinder Engine Gasoline Fuel,A/T,Silver,Black,,,12000,76309
2718,Tesla,Model 3,2018,,Electric,Automatic,Gray,–,None reported,,36998,26609
2719,Land,Rover Range Rover P400 SE LWB 7 Seat,2023,Hybrid,395.0HP 3.0L Straight 6 Cylinder Engine Gasoline/Mild Electric Hybrid,A/T,Black,Beige,,,155000,4126
2720,Nissan,240SX Base,1996,–,–,5-Speed M/T,Gray,Black,None reported,Yes,15500,160490
2721,Cadillac,ATS 2.5L,2014,Gasoline,202.0HP 2.5L 4 Cylinder Engine Gasoline Fuel,A/T,Silver,Black,At least 1 accident or damage reported,Yes,15000,80400
2722,Toyota,RAV4 Base,2010,Gasoline,179.0HP 2.5L 4 Cylinder Engine Gasoline Fuel,4-Speed A/T,Black,Black,At least 1 accident or damage reported,Yes,9900,123620
2723,Acura,TSX Technology,2011,Gasoline,201.0HP 2.4L 4 Cylinder Engine Gasoline Fuel,A/T,Red,Beige,None reported,Yes,5500,187883
2724,Mercedes-Benz,G-Class G 550 4MATIC,2020,Gasoline,416.0HP 4.0L 8 Cylinder Engine Gasoline Fuel,A/T,Black,Black,None reported,Yes,133000,45000
2726,BMW,M3 Base,2011,Gasoline,414.0HP 4.0L 8 Cylinder Engine Gasoline Fuel,6-Speed M/T,White,Black,None reported,Yes,29999,129999
2727,BMW,M3 Base,2008,Gasoline,414.0HP 4.0L 8 Cylinder Engine Gasoline Fuel,Transmission w/Dual Shift Mode,Gray,Beige,None reported,Yes,38490,41048
2728,Nissan,Cube 1.8 S,2010,Gasoline,122.0HP 1.8L 4 Cylinder Engine Gasoline Fuel,6-Speed M/T,Brown,Black,None reported,Yes,6750,72500
2729,RAM,ProMaster 3500 Tradesman,2014,Gasoline,280.0HP 3.6L V6 Cylinder Engine Gasoline Fuel,6-Speed A/T,White,–,None reported,Yes,13000,143390
2730,Acura,RDX Base,2018,Gasoline,279.0HP 3.5L V6 Cylinder Engine Gasoline Fuel,6-Speed A/T,Gray,–,At least 1 accident or damage reported,Yes,23500,68425
2731,Toyota,4Runner Limited,2018,Gasoline,270.0HP 4.0L V6 Cylinder Engine Gasoline Fuel,A/T,Silver,Brown,None reported,Yes,33000,95000
2732,RAM,1500 Limited,2019,Gasoline,395.0HP 5.7L 8 Cylinder Engine Gasoline Fuel,8-Speed A/T,Gray,Black,At least 1 accident or damage reported,Yes,49500,29000
2733,Chevrolet,Corvette Base,2003,Gasoline,350.0HP 5.7L 8 Cylinder Engine Gasoline Fuel,A/T,Blue,Black,None reported,Yes,22000,145000
2734,Land,Rover Defender 110 SE,2020,Hybrid,395.0HP 3.0L Straight 6 Cylinder Engine Gasoline/Mild Electric Hybrid,8-Speed A/T,Green,Black,,,68000,29700
2735,Jeep,Grand Cherokee Laredo,2011,Gasoline,360.0HP 5.7L 8 Cylinder Engine Gasoline Fuel,5-Speed A/T,White,Gray,None reported,Yes,14995,98658
2736,Volvo,S80 T6,2009,Gasoline,281.0HP 3.0L Straight 6 Cylinder Engine Gasoline Fuel,6-Speed A/T,Black,Gray,None reported,Yes,10500,97615
2737,Porsche,Cayenne S,2014,Gasoline,400.0HP 4.8L 8 Cylinder Engine Gasoline Fuel,8-Speed A/T,Black,Beige,None reported,Yes,37000,36000
2738,Mazda,CX-30 Select,2021,Gasoline,2.5L I4 16V GDI DOHC,6-Speed Automatic,Jet Black Mica,Black,None reported,Yes,22389,61874
2739,Chrysler,Town & Country Touring,2012,E85 Flex Fuel,283.0HP 3.6L V6 Cylinder Engine Flex Fuel Capability,6-Speed A/T,Black,–,None reported,Yes,8500,74582
2740,INFINITI,FX37 Base,2013,Gasoline,325.0HP 3.7L V6 Cylinder Engine Gasoline Fuel,A/T,Gray,Black,None reported,Yes,23900,51500
2741,Toyota,FJ Cruiser Base,2007,Gasoline,239.0HP 4.0L V6 Cylinder Engine Gasoline Fuel,A/T,Silver,Black,None reported,Yes,14950,193827
2742,Chevrolet,Silverado 1500 LT,2019,Gasoline,355.0HP 5.3L 8 Cylinder Engine Gasoline Fuel,A/T,Blue,Gray,None reported,Yes,36950,53433
2743,Mercedes-Benz,C-Class C 63 AMG,2012,Gasoline,451.0HP 6.3L 8 Cylinder Engine Gasoline Fuel,7-Speed A/T,Silver,Black,At least 1 accident or damage reported,Yes,40000,103000
2744,BMW,428 Gran Coupe i xDrive,2016,Gasoline,240.0HP 2.0L 4 Cylinder Engine Gasoline Fuel,Transmission w/Dual Shift Mode,Black,Brown,At least 1 accident or damage reported,Yes,20999,59000
2745,Lexus,GX 460 Premium,2017,Gasoline,301.0HP 4.6L 8 Cylinder Engine Gasoline Fuel,A/T,Gray,Brown,None reported,Yes,32900,82000
2746,Porsche,Panamera Edition,2016,Gasoline,310.0HP 3.6L V6 Cylinder Engine Gasoline Fuel,A/T,Gray,Black,None reported,Yes,45000,60000
2747,Cadillac,Escalade ESV Platinum,2017,Gasoline,420.0HP 6.2L 8 Cylinder Engine Gasoline Fuel,A/T,White,Beige,None reported,Yes,47000,93971
2748,Lexus,IS 350 Base,2015,Gasoline,306.0HP 3.5L V6 Cylinder Engine Gasoline Fuel,Transmission w/Dual Shift Mode,Gray,Red,None reported,Yes,27500,62600
2749,Mercedes-Benz,E-Class E 350 4MATIC,2014,Gasoline,302.0HP 3.5L V6 Cylinder Engine Gasoline Fuel,7-Speed A/T,Gray,Beige,None reported,Yes,19000,84450
2750,Audi,Q5 S line Premium,2022,Hybrid,2.0 Liter TFSI,Automatic,Daytona Gray,Gray,None reported,,40798,18099
2751,Mercedes-Benz,E-Class E 350 4MATIC,2014,Gasoline,302.0HP 3.5L V6 Cylinder Engine Gasoline Fuel,7-Speed A/T,Silver,Black,None reported,Yes,17999,76500
2752,Chevrolet,Camaro 1LT,2017,Gasoline,275.0HP 2.0L 4 Cylinder Engine Gasoline Fuel,A/T,Yellow,Black,None reported,Yes,19800,74000
2753,RAM,1500 Laramie,2022,Gasoline,5.7L V8 16V MPFI OHV,8-Speed Automatic,Billet Silver Metallic Clearcoat,Black,None reported,,45999,15607
2754,Chevrolet,Silverado 1500 1LZ,2014,E85 Flex Fuel,355.0HP 5.3L 8 Cylinder Engine Flex Fuel Capability,6-Speed A/T,White,Black,At least 1 accident or damage reported,Yes,26000,111095
2755,Toyota,Camry Solara SLE,2007,Gasoline,210.0HP 3.3L V6 Cylinder Engine Gasoline Fuel,A/T,Red,Beige,At least 1 accident or damage reported,Yes,14995,37216
2756,Jaguar,F-TYPE S,2015,Gasoline,380.0HP 3.0L V6 Cylinder Engine Gasoline Fuel,8-Speed A/T,Blue,Gray,None reported,Yes,38500,25786
2757,Jeep,Gladiator Sport,2021,Gasoline,3.6L V6 24V MPFI DOHC,8-Speed Automatic,Sting Gray Clearcoat,Black,None reported,Yes,40459,15520
2758,RAM,1500 Big Horn,2021,Gasoline,5.7L V8 16V MPFI OHV,8-Speed Automatic,Billet Silver Metallic Clearcoat,Black,None reported,,42816,49583
2759,Porsche,Cayenne Diesel,2015,Diesel,240.0HP 3.0L V6 Cylinder Engine Diesel Fuel,8-Speed A/T,Black,Black,None reported,Yes,29995,97300
2760,Chevrolet,Camaro Base,2002,Gasoline,200.0HP 3.8L V6 Cylinder Engine Gasoline Fuel,A/T,Silver,Black,None reported,Yes,10400,89000
2761,Porsche,Cayenne S,2015,Gasoline,420.0HP 3.6L V6 Cylinder Engine Gasoline Fuel,8-Speed A/T,Black,Black,At least 1 accident or damage reported,Yes,37500,52111
2762,Dodge,Challenger R/T Scat Pack,2019,Gasoline,6.4 Liter,Automatic,Gray,Black,None reported,,35998,75800
2763,Lexus,ES 350 Base,2010,Gasoline,272.0HP 3.5L V6 Cylinder Engine Gasoline Fuel,A/T,Red,Beige,At least 1 accident or damage reported,Yes,11000,113500
2764,Audi,Q3 2.0T Premium Plus,2015,Gasoline,200.0HP 2.0L 4 Cylinder Engine Gasoline Fuel,A/T,Brown,Gray,At least 1 accident or damage reported,Yes,13500,155382
2765,Mercedes-Benz,E-Class E 550,2016,Gasoline,402.0HP 4.7L 8 Cylinder Engine Gasoline Fuel,7-Speed A/T,White,Black,At least 1 accident or damage reported,Yes,33995,49643
2766,BMW,650 i xDrive,2015,Gasoline,445.0HP 4.4L 8 Cylinder Engine Gasoline Fuel,Transmission w/Dual Shift Mode,White,Black,None reported,Yes,32000,76474
2767,Porsche,Cayman Base,2016,Gasoline,275.0HP 2.7L Flat 6 Cylinder Engine Gasoline Fuel,7-Speed A/T,Red,Black,None reported,Yes,50999,10431
2768,INFINITI,FX50 Base,2009,Gasoline,390.0HP 5.0L 8 Cylinder Engine Gasoline Fuel,7-Speed A/T,Gray,Black,At least 1 accident or damage reported,Yes,12500,190120
2769,Ford,F-150 XLT,2020,Gasoline,375.0HP 3.5L V6 Cylinder Engine Gasoline Fuel,10-Speed A/T,Gray,Black,None reported,Yes,29999,92000
2770,Chevrolet,Camaro 2LT,2017,Gasoline,335.0HP 3.6L V6 Cylinder Engine Gasoline Fuel,6-Speed M/T,Yellow,Black,None reported,Yes,32000,24000
2771,RAM,1500 Big Horn,2020,Gasoline,5.7L V8 16V MPFI OHV,8-Speed Automatic,Maximum Steel Metallic,Black,None reported,Yes,43250,25396
2772,Chevrolet,Silverado 2500 H/D,2001,Gasoline,300.0HP 6.0L 8 Cylinder Engine Gasoline Fuel,4-Speed A/T,White,Gray,At least 1 accident or damage reported,Yes,6500,167000
2774,Porsche,911 Turbo,2018,Gasoline,540.0HP 3.8L Flat 6 Cylinder Engine Gasoline Fuel,Transmission w/Dual Shift Mode,White,Black,At least 1 accident or damage reported,Yes,147500,28470
2775,Ford,Mustang V6,2016,Gasoline,300.0HP 3.7L V6 Cylinder Engine Gasoline Fuel,6-Speed A/T,White,Black,None reported,Yes,23999,54000
2776,Hyundai,Accent GL,2003,Gasoline,104.0HP 1.6L 4 Cylinder Engine Gasoline Fuel,M/T,Blue,Gray,None reported,Yes,2900,83000
2777,Audi,Q5 S line Premium Plus,2022,Hybrid,2.0 Liter TFSI,Automatic,Mythos Black Metallic,Black,None reported,,40598,10071
2778,Ford,F-150 XLT,2021,Gasoline,3.5L V6 24V PDI DOHC Twin Turbo,10-Speed Automatic,Carbonized Gray Metallic,Black,None reported,Yes,43642,43329
2779,Lexus,RC F Base,2015,Gasoline,467.0HP 5.0L 8 Cylinder Engine Gasoline Fuel,8-Speed A/T,Silver,Gray,None reported,Yes,43000,51400
2780,Chevrolet,Suburban 1500 LT,2015,E85 Flex Fuel,355.0HP 5.3L 8 Cylinder Engine Flex Fuel Capability,6-Speed A/T,Silver,Black,At least 1 accident or damage reported,Yes,23000,153800
2781,Land,Rover Range Rover Sport SVR Carbon Edition,2022,Gasoline,575.0HP 5.0L 8 Cylinder Engine Gasoline Fuel,A/T,Green,Gray,None reported,Yes,115000,9000
2782,Dodge,Viper SRT-10,2003,Gasoline,500.0HP 8.3L 10 Cylinder Engine Gasoline Fuel,6-Speed M/T,Silver,Black,None reported,Yes,65499,10800
2783,RAM,1500 Laramie,2020,Gasoline,5.7L V8 16V MPFI OHV,8-Speed Automatic,Delmonico Red Pearlcoat,Black,None reported,Yes,48815,10458
2784,BMW,328 i,2014,Gasoline,240.0HP 2.0L 4 Cylinder Engine Gasoline Fuel,8-Speed A/T,Silver,Gray,None reported,Yes,13800,84709
2785,Mercedes-Benz,AMG C 43 AMG C 43 4MATIC,2019,Gasoline,385.0HP 3.0L V6 Cylinder Engine Gasoline Fuel,9-Speed A/T,Red,Black,None reported,Yes,45770,33500
2786,BMW,M4 Base,2015,Gasoline,425.0HP 3.0L Straight 6 Cylinder Engine Gasoline Fuel,Transmission w/Dual Shift Mode,Black,Orange,None reported,Yes,32999,98000
2787,BMW,750 i,2008,Gasoline,360.0HP 4.8L 8 Cylinder Engine Gasoline Fuel,A/T,Green,Green,At least 1 accident or damage reported,Yes,7300,94653
2788,Ford,Expedition Limited,2023,Gasoline,440.0HP 3.5L V6 Cylinder Engine Gasoline Fuel,A/T,Black,Black,None reported,Yes,85000,9281
2789,Chevrolet,Traverse Premier,2023,Gasoline,310.0HP 3.6L V6 Cylinder Engine Gasoline Fuel,9-Speed A/T,White,Black,None reported,Yes,47000,11806
2790,Mercedes-Benz,E-Class D 2.5 Turbo,1993,–,–,4-Speed A/T,Gray,Gray,None reported,Yes,22500,70015
2791,Cadillac,Escalade Platinum,2020,Gasoline,420.0HP 6.2L 8 Cylinder Engine Gasoline Fuel,A/T,Black,Black,At least 1 accident or damage reported,Yes,61500,48613
2792,RAM,3500 Tradesman,2023,Diesel,400.0HP 6.7L Straight 6 Cylinder Engine Diesel Fuel,A/T,White,Black,At least 1 accident or damage reported,Yes,69900,2990
2793,Audi,TT 1.8L,2005,Gasoline,180.0HP 1.8L 4 Cylinder Engine Gasoline Fuel,Transmission w/Dual Shift Mode,Silver,Black,None reported,Yes,6900,124747
2794,RAM,1500 Big Horn,2021,Hybrid,395.0HP 5.7L 8 Cylinder Engine Gasoline/Mild Electric Hybrid,A/T,Silver,Black,None reported,Yes,42000,24000
2795,Mazda,CX-7 Sport,2009,Gasoline,244.0HP 2.3L 4 Cylinder Engine Gasoline Fuel,6-Speed A/T,Gray,Black,None reported,Yes,5499,113000
2796,INFINITI,QX60 Base,2017,Gasoline,295.0HP 3.5L V6 Cylinder Engine Gasoline Fuel,Transmission w/Dual Shift Mode,White,Beige,None reported,Yes,18000,89106
2797,Ford,F-250 Platinum,2017,E85 Flex Fuel,385.0HP 6.2L 8 Cylinder Engine Flex Fuel Capability,6-Speed A/T,Beige,Black,At least 1 accident or damage reported,Yes,53000,22000
2798,Jeep,Compass Limited,2022,Gasoline,2.4L I4 16V MPFI SOHC,9-Speed Automatic,Red,Black,None reported,,28298,20472
2799,INFINITI,QX80 SENSORY,2023,Gasoline,400.0HP 5.6L 8 Cylinder Engine Gasoline Fuel,7-Speed A/T,Black,Brown,,,78990,8600
2800,Chevrolet,Silverado 1500 Limited LT Trail Boss,2022,Gasoline,355.0HP 5.3L 8 Cylinder Engine Gasoline Fuel,10-Speed A/T,White,Black,None reported,Yes,57000,4753
2801,Hyundai,Genesis Coupe 2.0T,2010,Gasoline,210.0HP 2.0L 4 Cylinder Engine Gasoline Fuel,A/T,Gray,Black,,,8900,65000
2802,Chevrolet,Camaro 1SS,2021,Gasoline,455.0HP 6.2L 8 Cylinder Engine Gasoline Fuel,6-Speed M/T,Blue,Gray,None reported,Yes,43500,15000
2803,Chevrolet,Tahoe Base,1997,Diesel,180.0HP 6.5L 8 Cylinder Engine Diesel Fuel,A/T,Green,Beige,At least 1 accident or damage reported,Yes,19500,229000
2804,Audi,A6 3.0 TDI Premium Plus,2014,Diesel,240.0HP 3.0L V6 Cylinder Engine Diesel Fuel,8-Speed A/T,Silver,Black,None reported,Yes,26500,42400
2805,Land,Rover Defender S,2023,Gasoline,296.0HP 2.0L 4 Cylinder Engine Gasoline Fuel,8-Speed A/T,White,Black,None reported,Yes,69900,15840
2806,Porsche,Cayenne S,2016,Gasoline,420.0HP 3.6L V6 Cylinder Engine Gasoline Fuel,Transmission w/Dual Shift Mode,Gray,Beige,None reported,Yes,42000,76200
2807,Chevrolet,Suburban Premier,2019,Gasoline,355.0HP 5.3L 8 Cylinder Engine Gasoline Fuel,6-Speed A/T,Black,Beige,None reported,Yes,39000,105667
2808,Chevrolet,Suburban Premier,2019,Gasoline,355.0HP 5.3L 8 Cylinder Engine Gasoline Fuel,6-Speed A/T,White,Black,None reported,Yes,49900,51338
2809,Dodge,Dart SE,2016,Gasoline,160.0HP 2.0L 4 Cylinder Engine Gasoline Fuel,M/T,Black,Black,At least 1 accident or damage reported,Yes,8100,76857
2810,Ford,F-250 Lariat,2019,E85 Flex Fuel,385.0HP 6.2L 8 Cylinder Engine Flex Fuel Capability,A/T,White,Black,None reported,Yes,42500,80200
2811,Toyota,Sequoia SR5,2002,Gasoline,240.0HP 4.7L 8 Cylinder Engine Gasoline Fuel,A/T,White,–,At least 1 accident or damage reported,Yes,3950,244200
2812,Ford,Mustang GT,2014,Gasoline,420.0HP 5.0L 8 Cylinder Engine Gasoline Fuel,6-Speed M/T,Black,Black,At least 1 accident or damage reported,Yes,28500,38560
2813,Chevrolet,Corvette Stingray w/2LT,2020,Gasoline,490.0HP 6.2L 8 Cylinder Engine Gasoline Fuel,Transmission w/Dual Shift Mode,Yellow,Black,None reported,Yes,84999,12500
2814,Hyundai,Genesis Coupe 3.8 Base,2016,Gasoline,348.0HP 3.8L V6 Cylinder Engine Gasoline Fuel,8-Speed A/T,White,Black,None reported,Yes,20999,45303
2815,Ford,Focus ST Base,2014,Gasoline,252.0HP 2.0L 4 Cylinder Engine Gasoline Fuel,6-Speed M/T,Silver,Gray,None reported,Yes,9495,110000
2816,Cadillac,CTS Luxury,2011,Gasoline,270.0HP 3.0L V6 Cylinder Engine Gasoline Fuel,6-Speed A/T,Black,Black,None reported,Yes,16499,66200
2817,Subaru,Baja Base,2003,Gasoline,165.0HP 2.5L 4 Cylinder Engine Gasoline Fuel,5-Speed M/T,Red,Black,None reported,Yes,14900,71000
2818,Toyota,Highlander XLE,2019,Gasoline,3.5L V6 24V PDI DOHC,8-Speed Automatic,Black,Black,None reported,Yes,30275,81301
2819,Chevrolet,Corvette Stingray Z51,2019,Gasoline,460.0HP 6.2L 8 Cylinder Engine Gasoline Fuel,8-Speed A/T,White,Black,None reported,Yes,63900,7033
2820,Dodge,Durango SRT,2020,Gasoline,475.0HP 6.4L 8 Cylinder Engine Gasoline Fuel,8-Speed A/T,Gray,Red,None reported,Yes,62000,36000
2821,Acura,TSX 2.4,2010,Gasoline,201.0HP 2.4L 4 Cylinder Engine Gasoline Fuel,6-Speed M/T,Silver,Black,At least 1 accident or damage reported,Yes,9000,116000
2822,Chevrolet,Camaro 2SS,2018,Gasoline,455.0HP 6.2L 8 Cylinder Engine Gasoline Fuel,Transmission w/Dual Shift Mode,Black,Black,At least 1 accident or damage reported,Yes,41100,42780
2823,BMW,640 Gran Coupe i,2014,Gasoline,315.0HP 3.0L Straight 6 Cylinder Engine Gasoline Fuel,Transmission w/Dual Shift Mode,Black,Red,At least 1 accident or damage reported,Yes,26000,39886
2824,Audi,S5 3.0T Premium Plus,2014,Gasoline,333.0HP 3.0L V6 Cylinder Engine Gasoline Fuel,Transmission w/Dual Shift Mode,Gray,Black,None reported,Yes,15400,151400
2825,Alfa,Romeo Giulia Base,2017,Gasoline,280.0HP 2.0L 4 Cylinder Engine Gasoline Fuel,A/T,Red,Black,None reported,Yes,20500,48000
2826,Toyota,Highlander XLE,2023,Gasoline,2.4L I4 16V PDI DOHC Turbo,8-Speed Automatic,Ruby Flare Pearl,Black,None reported,,44596,8727
2827,Rolls-Royce,Ghost Base,2011,Gasoline,563.0HP 6.6L 12 Cylinder Engine Gasoline Fuel,8-Speed A/T,Black,White,At least 1 accident or damage reported,Yes,80300,79000
2828,Dodge,Challenger R/T,2020,Gasoline,372.0HP 5.7L 8 Cylinder Engine Gasoline Fuel,8-Speed A/T,Gray,Black,None reported,Yes,34000,54000
2829,Porsche,Cayenne Base,2016,Gasoline,300.0HP 3.6L V6 Cylinder Engine Gasoline Fuel,A/T,White,White,At least 1 accident or damage reported,Yes,25900,110000
2830,Chevrolet,Bolt EV LT,2020,,200.0HP Electric Motor Electric Fuel System,A/T,Blue,Gray,None reported,Yes,24900,49688
2831,Mercedes-Benz,Metris Base,2020,Gasoline,208.0HP 2.0L 4 Cylinder Engine Gasoline Fuel,7-Speed A/T,Black,Beige,None reported,Yes,48000,14000
2832,Dodge,Charger SRT Hellcat Widebody,2023,Gasoline,717.0HP 6.2L 8 Cylinder Engine Gasoline Fuel,Transmission w/Dual Shift Mode,Gray,Black,None reported,Yes,110000,5000
2833,Chevrolet,Silverado 1500 ZR2,2022,Gasoline,6.2L V8 16V GDI OHV,Automatic,Silver Ice Metallic,Jet Black,None reported,,68590,11597
2834,Mercedes-Benz,AMG S 63 Base 4MATIC,2017,Gasoline,577.0HP 5.5L 8 Cylinder Engine Gasoline Fuel,A/T,Gray,Red,At least 1 accident or damage reported,Yes,72777,86101
2835,Chevrolet,Silverado 1500 LT,2017,Gasoline,5.3L V8 16V GDI OHV,6-Speed Electronically Controlled Automatic with O,Black,Jet Black,None reported,,36590,58816
2836,Lexus,RC 350 Base,2016,Gasoline,3.5L V6 24V PDI DOHC,6-Speed Automatic,Atomic Silver,Black,None reported,Yes,30919,77856
2837,Lamborghini,Urus Base,2021,Gasoline,4.0L V8 32V GDI DOHC Twin Turbo,8-Speed Automatic,Rosso Mars Metallic,Nero Ade,None reported,,229900,20069
2838,GMC,Acadia SLE-1,2015,Gasoline,3.6L V6 24V GDI DOHC,6-Speed Automatic,Crimson Red Tintcoat,Ebony,At least 1 accident or damage reported,Yes,12433,115282
2839,Porsche,911 GT3,2016,Gasoline,475.0HP 3.8L Flat 6 Cylinder Engine Gasoline Fuel,7-Speed A/T,White,Black,None reported,Yes,138999,30700
2840,MINI,Cooper Base,2003,Gasoline,115.0HP 1.6L 4 Cylinder Engine Gasoline Fuel,5-Speed M/T,Red,Gray,At least 1 accident or damage reported,Yes,5995,103726
2841,Mazda,MX-5 Miata Sport,2008,Gasoline,158.0HP 2.0L 4 Cylinder Engine Gasoline Fuel,Transmission w/Dual Shift Mode,Blue,Black,None reported,Yes,13250,39800
2842,Toyota,4Runner TRD Off Road,2019,Gasoline,270.0HP 4.0L V6 Cylinder Engine Gasoline Fuel,A/T,White,Black,None reported,Yes,33333,79500
2843,Toyota,Highlander Limited,2008,Gasoline,270.0HP 3.5L V6 Cylinder Engine Gasoline Fuel,A/T,Gray,Gray,At least 1 accident or damage reported,Yes,9000,165520
2844,BMW,650 Gran Coupe i,2014,Gasoline,445.0HP 4.4L 8 Cylinder Engine Gasoline Fuel,Transmission w/Dual Shift Mode,Black,Black,At least 1 accident or damage reported,Yes,24000,92000
2845,Hyundai,Palisade Calligraphy,2023,Gasoline,291.0HP 3.8L V6 Cylinder Engine Gasoline Fuel,Transmission w/Dual Shift Mode,Green,Black,None reported,Yes,55000,1500
2846,Pontiac,Solstice GXP,2008,Gasoline,260.0HP 2.0L 4 Cylinder Engine Gasoline Fuel,5-Speed M/T,Orange,Black,None reported,Yes,19950,38100
2847,Land,Rover Range Rover Evoque SE Premium,2018,Gasoline,237.0HP 2.0L 4 Cylinder Engine Gasoline Fuel,Transmission w/Dual Shift Mode,White,Black,None reported,Yes,38999,42125
2848,Porsche,Cayenne Diesel,2014,Diesel,240.0HP 3.0L V6 Cylinder Engine Diesel Fuel,Transmission w/Dual Shift Mode,Silver,Black,None reported,Yes,33500,86818
2849,BMW,M3 Competition xDrive,2023,Gasoline,503.0HP 3.0L Straight 6 Cylinder Engine Gasoline Fuel,8-Speed A/T,Gray,Black,None reported,Yes,95580,3490
2850,Toyota,Avalon Limited,2008,Gasoline,268.0HP 3.5L V6 Cylinder Engine Gasoline Fuel,Transmission w/Dual Shift Mode,Gold,Beige,None reported,Yes,7900,111300
2851,BMW,M3 Base,2011,Gasoline,414.0HP 4.0L 8 Cylinder Engine Gasoline Fuel,7-Speed A/T,White,Black,None reported,Yes,27000,98200
2852,Porsche,Panamera Base,2018,Gasoline,330.0HP 3.0L V6 Cylinder Engine Gasoline Fuel,8-Speed A/T,Black,Beige,At least 1 accident or damage reported,Yes,53999,42500
2853,Jeep,Wrangler Sport,2001,Gasoline,181.0HP 4.0L Straight 6 Cylinder Engine Gasoline Fuel,5-Speed M/T,White,Black,At least 1 accident or damage reported,Yes,15000,171000
2854,Honda,Passport TrailSport,2023,Gasoline,280.0HP 3.5L V6 Cylinder Engine Gasoline Fuel,9-Speed A/T,Black,Black,,,39999,11649
2855,Mercedes-Benz,SL-Class SL 550,2013,Gasoline,429.0HP 4.6L 8 Cylinder Engine Gasoline Fuel,Transmission w/Dual Shift Mode,Silver,Red,At least 1 accident or damage reported,Yes,40250,24933
2856,Audi,RS 4 Base,2007,Gasoline,420.0HP 4.2L 8 Cylinder Engine Gasoline Fuel,6-Speed M/T,Gray,White,None reported,Yes,29995,99769
2857,Toyota,Avalon Limited,2022,Gasoline,3.5L V6 24V PDI DOHC,8-Speed Automatic,Blueprint,Graphite,None reported,,39390,16156
2858,Mercedes-Benz,E-Class E 350 4MATIC,2008,Gasoline,268.0HP 3.5L V6 Cylinder Engine Gasoline Fuel,A/T,White,Beige,None reported,Yes,11900,67250
2859,GMC,Yukon Denali,2021,Gasoline,420.0HP 6.2L 8 Cylinder Engine Gasoline Fuel,A/T,Blue,Black,At least 1 accident or damage reported,Yes,74500,30022
2860,Porsche,Panamera 4S,2017,Gasoline,440.0HP 2.9L V6 Cylinder Engine Gasoline Fuel,Transmission w/Dual Shift Mode,Black,Black,None reported,Yes,78000,42596
2861,Ford,Explorer XLT,2021,Gasoline,2.3L I4 16V GDI DOHC Turbo,10-Speed Automatic,White,Light Slate,At least 1 accident or damage reported,Yes,36995,33705
2862,Land,Rover LR4 HSE LUX Landmark Edition,2016,Gasoline,340.0HP 3.0L V6 Cylinder Engine Gasoline Fuel,8-Speed A/T,White,Brown,None reported,Yes,31000,63300
2863,Acura,TLX Type S w/Performance Tire,2023,Gasoline,355.0HP 3.0L V6 Cylinder Engine Gasoline Fuel,10-Speed A/T,Red,Black,None reported,Yes,52000,4700
2864,Toyota,Tacoma Base,2020,Gasoline,3.5 Liter,6 Speed At/Mt,Midnight Black Metallic,Black/Gun Metal,None reported,,42998,27256
2865,Hummer,H3 Base,2010,Gasoline,239.0HP 3.7L 5 Cylinder Engine Gasoline Fuel,A/T,White,Black,None reported,Yes,13500,107481
2866,Tesla,Model 3 Long Range,2018,,271.0HP Electric Motor Electric Fuel System,A/T,White,Black,None reported,Yes,25900,61700
2868,Jeep,Wrangler Unlimited Sahara,2017,Gasoline,285.0HP 3.6L V6 Cylinder Engine Gasoline Fuel,5-Speed A/T,Gray,Black,None reported,Yes,26800,128000
2869,Chevrolet,Camaro 2SS,2018,Gasoline,455.0HP 6.2L 8 Cylinder Engine Gasoline Fuel,8-Speed A/T,White,Black,None reported,Yes,39000,26000
2870,Audi,S6 4.0T,2015,Gasoline,420.0HP 4.0L 8 Cylinder Engine Gasoline Fuel,7-Speed A/T,Blue,Gray,None reported,Yes,29950,74000
2871,Audi,TT RS Base,2012,Gasoline,360.0HP 2.5L 5 Cylinder Engine Gasoline Fuel,6-Speed M/T,White,Brown,,,28900,54900
2872,INFINITI,QX56 Base,2012,Gasoline,400.0HP 5.6L 8 Cylinder Engine Gasoline Fuel,Transmission w/Dual Shift Mode,White,Beige,None reported,Yes,11500,141775
2873,Volkswagen,New Beetle GLS,2001,Gasoline,115.0HP 2.0L 4 Cylinder Engine Gasoline Fuel,4-Speed A/T,Yellow,Yellow,None reported,Yes,12000,63250
2874,Audi,Q5 S line Premium Plus,2022,Hybrid,2.0 Liter TFSI,Automatic,Daytona Gray,Black,None reported,,44998,13895
2875,Lamborghini,Aventador LP750-4 Superveloce,2017,Gasoline,"6.5L V-12 DOHC, variable valve control, premium unleaded, engine",Automatic,Balloon White,Nero Ade,None reported,,449991,10654
2876,Ford,F-250 XL,2014,E85 Flex Fuel,385.0HP 6.2L 8 Cylinder Engine Flex Fuel Capability,Transmission w/Dual Shift Mode,Blue,Gray,At least 1 accident or damage reported,Yes,27900,35900
2877,GMC,Yukon XL Denali,2022,Gasoline,6.2L V8 16V GDI OHV,10-Speed Automatic,Summit White,Jet Black,At least 1 accident or damage reported,Yes,71999,48306
2878,Audi,A4 2.0T Premium,2012,Gasoline,211.0HP 2.0L 4 Cylinder Engine Gasoline Fuel,8-Speed A/T,Black,Black,None reported,Yes,10500,125000
2879,Dodge,Challenger SRT 392,2016,–,–,8-Speed A/T,Black,Black,At least 1 accident or damage reported,Yes,38000,37700
2880,Tesla,Model S P100D,2017,,Electric Motor Electric Fuel System,1-Speed A/T,Black,White,None reported,Yes,36000,103000
2881,Mazda,CX-30 Premium Package,2021,Gasoline,2.5L I4 16V GDI DOHC,6-Speed Automatic,Snowflake White Pearl,White / Brown,None reported,,25382,45303
2882,Lexus,ES 350 Base,2016,Gasoline,268.0HP 3.5L V6 Cylinder Engine Gasoline Fuel,A/T,Red,Beige,None reported,Yes,27500,53900
2883,Jeep,Wrangler Sahara,2008,Gasoline,202.0HP 3.8L V6 Cylinder Engine Gasoline Fuel,A/T,Green,Gray,None reported,Yes,20000,54000
2884,Chevrolet,Avalanche 1500 LTZ,2007,Gasoline,366.0HP 6.0L 8 Cylinder Engine Gasoline Fuel,A/T,White,Beige,None reported,Yes,17950,129000
2885,Jeep,Grand Cherokee L Laredo,2022,Gasoline,3.6L V6 24V MPFI DOHC,Automatic,Diamond Black,Global Black,None reported,Yes,44646,10232
2886,Acura,MDX w/Advance Package,2023,Gasoline,3.5 Liter SOHC,Automatic,White,Espresso,None reported,,58998,3708
2887,Nissan,Pathfinder SL,2018,Gasoline,284.0HP 3.5L V6 Cylinder Engine Gasoline Fuel,A/T,Black,Beige,,,14500,167000
2888,Tesla,Model X Long Range,2019,,518.0HP Electric Motor Electric Fuel System,1-Speed A/T,Gray,Black,None reported,Yes,58000,37000
2889,Subaru,Impreza Premium,2022,Gasoline,"2L H-4 gasoline direct injection, DOHC, variable valve control,",Variable,Crystal White Pearl,Black,At least 1 accident or damage reported,,24998,10419
2890,Audi,A8 4.0T,2014,Gasoline,420.0HP 4.0L 8 Cylinder Engine Gasoline Fuel,Transmission w/Dual Shift Mode,Black,Black,At least 1 accident or damage reported,Yes,22500,96238
2891,Subaru,Ascent Limited 7-Passenger,2022,Gasoline,260.0HP 2.4L 4 Cylinder Engine Gasoline Fuel,CVT Transmission,White,Beige,None reported,Yes,38500,12700
2892,Chevrolet,Avalanche 1500 LT,2007,E85 Flex Fuel,320.0HP 5.3L 8 Cylinder Engine Flex Fuel Capability,A/T,Gray,Gray,None reported,Yes,16900,244000
2893,Porsche,Cayenne S,2015,Gasoline,420.0HP 3.6L V6 Cylinder Engine Gasoline Fuel,8-Speed A/T,White,Beige,None reported,Yes,25000,124000
2894,BMW,335 i,2009,Gasoline,300.0HP 3.0L Straight 6 Cylinder Engine Gasoline Fuel,A/T,Purple,Black,None reported,Yes,15000,123000
2895,GMC,Sierra 1500 Limited Elevation,2022,Gasoline,310.0HP 2.7L 4 Cylinder Engine Gasoline Fuel,8-Speed A/T,Black,Black,None reported,Yes,49900,24900
2896,Ford,Explorer Sport,2016,Gasoline,365.0HP 3.5L V6 Cylinder Engine Gasoline Fuel,Transmission w/Dual Shift Mode,Black,Black,None reported,Yes,20000,95500
2897,Cadillac,Escalade ESV Sport,2021,Gasoline,6.2L V8 16V GDI OHV,10-Speed Automatic,Black,Brandy,None reported,Yes,479995,4283
2898,Lexus,LX 570 Three-Row,2021,Gasoline,383.0HP 5.7L 8 Cylinder Engine Gasoline Fuel,A/T,White,Red,None reported,Yes,82000,48300
2899,BMW,M3 Base,2008,Gasoline,414.0HP 4.0L 8 Cylinder Engine Gasoline Fuel,6-Speed M/T,Gray,Red,None reported,Yes,25999,94000
2900,Nissan,Xterra Pro-4X,2011,Gasoline,261.0HP 4.0L V6 Cylinder Engine Gasoline Fuel,A/T,Black,Gray,At least 1 accident or damage reported,Yes,12000,183000
2901,Ford,Fusion Hybrid SE Hybrid,2013,Hybrid,188.0HP 2.0L 4 Cylinder Engine Gas/Electric Hybrid,CVT Transmission,Silver,Black,At least 1 accident or damage reported,Yes,11500,126225
2902,Volkswagen,Golf GTI 2.0T SE 4-Door,2016,Gasoline,210.0HP 2.0L 4 Cylinder Engine Gasoline Fuel,6-Speed M/T,Gray,Black,None reported,Yes,16000,87892
2903,Cadillac,CTS-V Base,2012,Gasoline,556.0HP 6.2L 8 Cylinder Engine Gasoline Fuel,6-Speed A/T,Red,Black,None reported,Yes,41500,45000
2904,Aston,Martin Vantage Base,2022,Gasoline,503.0HP 4.0L 8 Cylinder Engine Gasoline Fuel,8-Speed A/T,Blue,Brown,None reported,Yes,156900,1023
2905,Lexus,GX 460 Base,2015,Gasoline,301.0HP 4.6L 8 Cylinder Engine Gasoline Fuel,A/T,Black,Beige,None reported,Yes,37500,106000
2906,GMC,Acadia SLT-1,2019,Gasoline,193.0HP 2.5L 4 Cylinder Engine Gasoline Fuel,6-Speed A/T,Black,Black,At least 1 accident or damage reported,Yes,25500,51300
2907,Ford,Bronco Sport Big Bend,2021,Gasoline,1.5L I3 12V PDI DOHC Turbo,8-Speed Automatic,Black,Medium Dark Slate,None reported,Yes,28979,30176
2908,Nissan,Titan SV,2021,Gasoline,5.6L V8 32V GDI DOHC,9-Speed Automatic,Black,Black,None reported,,39884,27598
2909,Volkswagen,Jetta SportWagen SE,2012,Gasoline,170.0HP 2.5L 5 Cylinder Engine Gasoline Fuel,A/T,Black,Beige,None reported,Yes,9499,107000
2910,Land,Rover Range Rover 5.0L V8 Supercharged,2019,Gasoline,518.0HP 5.0L 8 Cylinder Engine Gasoline Fuel,8-Speed A/T,Black,Black,None reported,Yes,65000,17500
2911,RAM,2500 Laramie,2017,Diesel,350.0HP 6.7L Straight 6 Cylinder Engine Diesel Fuel,Transmission w/Dual Shift Mode,Red,Black,None reported,Yes,42000,117878
2912,Nissan,Murano SL,2010,Gasoline,265.0HP 3.5L V6 Cylinder Engine Gasoline Fuel,CVT Transmission,Gray,Black,At least 1 accident or damage reported,Yes,7000,138700
2913,Cadillac,Escalade ESV Base,2009,E85 Flex Fuel,403.0HP 6.2L 8 Cylinder Engine Flex Fuel Capability,6-Speed A/T,White,Black,At least 1 accident or damage reported,Yes,12350,152068
2914,BMW,428 i xDrive SULEV,2016,Gasoline,240.0HP 2.0L 4 Cylinder Engine Gasoline Fuel,Transmission w/Dual Shift Mode,White,Red,At least 1 accident or damage reported,Yes,26999,77000
2915,Ford,Focus RS Base,2017,Gasoline,350.0HP 2.3L 4 Cylinder Engine Gasoline Fuel,6-Speed M/T,Gray,Black,None reported,Yes,37000,26000
2916,Lexus,CT 200h Premium,2014,Hybrid,134.0HP 1.8L 4 Cylinder Engine Gas/Electric Hybrid,A/T,Brown,Brown,None reported,Yes,14000,131200
2917,Buick,Enclave Leather,2017,Gasoline,3.6L V6 24V GDI DOHC,6-Speed Automatic,Quicksilver Metallic,Ebony,None reported,,20599,83280
2918,BMW,M3 Base,2015,Gasoline,425.0HP 3.0L Straight 6 Cylinder Engine Gasoline Fuel,6-Speed M/T,Gray,Black,None reported,Yes,53500,59000
2919,Volkswagen,Arteon 2.0T SEL R-Line,2020,Gasoline,268.0HP 2.0L 4 Cylinder Engine Gasoline Fuel,8-Speed A/T,Silver,Black,None reported,Yes,30000,15500
2920,BMW,X6 xDrive35i,2013,Gasoline,300.0HP 3.0L Straight 6 Cylinder Engine Gasoline Fuel,8-Speed A/T,White,Red,None reported,Yes,19950,90000
2921,INFINITI,G35 Base,2006,Gasoline,280.0HP 3.5L V6 Cylinder Engine Gasoline Fuel,Transmission w/Dual Shift Mode,White,Gray,At least 1 accident or damage reported,Yes,10995,94000
2922,Hummer,H2 Base,2008,Gasoline,393.0HP 6.2L 8 Cylinder Engine Gasoline Fuel,6-Speed A/T,White,Black,At least 1 accident or damage reported,Yes,55000,63750
2923,Mercedes-Benz,C-Class C 300 4MATIC Luxury,2011,Gasoline,228.0HP 3.0L V6 Cylinder Engine Gasoline Fuel,A/T,Black,Beige,At least 1 accident or damage reported,Yes,15990,95500
2924,Acura,ILX Premium Package,2019,Gasoline,201.0HP 2.4L 4 Cylinder Engine Gasoline Fuel,A/T,White,Black,None reported,Yes,26000,37900
2925,Porsche,911 GT3,2015,Gasoline,475.0HP 3.8L Flat 6 Cylinder Engine Gasoline Fuel,7-Speed A/T,Brown,Gray,None reported,Yes,154900,13250
2926,RAM,1500 Longhorn,2019,Gasoline,5.7L V8 16V MPFI OHV,8-Speed Automatic,Diamond Black,Mountain Brown,At least 1 accident or damage reported,,40995,76249
2927,BMW,M3 Base,2001,Gasoline,333.0HP 3.2L Straight 6 Cylinder Engine Gasoline Fuel,6-Speed M/T,Blue,Gray,None reported,Yes,39000,81000
2928,Chevrolet,Suburban LT,2022,Gasoline,355.0HP 5.3L 8 Cylinder Engine Gasoline Fuel,10-Speed A/T,Black,Black,None reported,Yes,60894,37806
2929,Dodge,Ram 2500 ST,2010,Gasoline,355.0HP 5.7L 8 Cylinder Engine Gasoline Fuel,5-Speed A/T,Brown,Gray,At least 1 accident or damage reported,Yes,17700,151544
2930,Chevrolet,Camaro 2SS,2012,Gasoline,400.0HP 6.2L 8 Cylinder Engine Gasoline Fuel,6-Speed A/T,Yellow,Black,None reported,Yes,26950,60345
2931,Dodge,Challenger SE,2010,Gasoline,250.0HP 3.5L V6 Cylinder Engine Gasoline Fuel,A/T,Gray,Black,None reported,Yes,12000,90305
2932,Jeep,Grand Cherokee L Limited,2022,Gasoline,3.6L V6 24V MPFI DOHC,8-Speed Automatic,Velvet Red Pearlcoat,Global Black,None reported,,42599,13275
2933,Chevrolet,Camaro 2SS,2018,Gasoline,455.0HP 6.2L 8 Cylinder Engine Gasoline Fuel,8-Speed A/T,White,Black,None reported,Yes,45000,8660
2991,Toyota,FJ Cruiser Base,2013,Gasoline,260.0HP 4.0L V6 Cylinder Engine Gasoline Fuel,A/T,Blue,Black,None reported,Yes,36740,53000
2934,Ford,F-350 Lariat,2021,Diesel,475.0HP 6.7L 8 Cylinder Engine Diesel Fuel,10-Speed A/T,Silver,Black,None reported,Yes,73600,28220
2935,Ford,F-250 King Ranch,2015,Diesel,440.0HP 6.7L 8 Cylinder Engine Diesel Fuel,6-Speed A/T,Black,–,None reported,Yes,39950,97700
2936,Chevrolet,Corvette Stingray w/3LT,2023,Gasoline,490.0HP 6.2L 8 Cylinder Engine Gasoline Fuel,A/T,White,Black,None reported,Yes,98000,4200
2937,Bentley,Continental GT V8 First Edition,2020,Gasoline,"4L V-8 gasoline direct injection, DOHC, variable valve control,",Automatic,Dark Sapphire,Linen,None reported,,199991,27404
2938,Lincoln,MKC Reserve,2016,Gasoline,240.0HP 2.0L 4 Cylinder Engine Gasoline Fuel,Transmission w/Dual Shift Mode,White,White,None reported,Yes,24000,100000
2939,Ford,Excursion Limited,2001,Diesel,250.0HP 7.3L 8 Cylinder Engine Diesel Fuel,A/T,Black,Beige,At least 1 accident or damage reported,Yes,17000,333361
2940,Land,Rover Discovery SE,2018,Gasoline,340.0HP 3.0L V6 Cylinder Engine Gasoline Fuel,8-Speed A/T,Blue,White,None reported,Yes,29993,63295
2941,Land,Rover Defender V8,2022,Gasoline,518.0HP 5.0L 8 Cylinder Engine Gasoline Fuel,8-Speed A/T,Black,Black,None reported,Yes,96500,3000
2942,Chevrolet,Silverado 1500 2LT,2014,E85 Flex Fuel,355.0HP 5.3L 8 Cylinder Engine Flex Fuel Capability,6-Speed A/T,Gray,Gray,None reported,Yes,25500,102604
2943,Mercedes-Benz,AMG G 63 Base,2017,Gasoline,563.0HP 5.5L 8 Cylinder Engine Gasoline Fuel,7-Speed A/T,White,Red,None reported,Yes,99000,39800
2944,Ford,F-250 XLT,2019,E85 Flex Fuel,385.0HP 6.2L 8 Cylinder Engine Flex Fuel Capability,6-Speed A/T,White,Gray,None reported,Yes,40100,124000
2945,Tesla,Model 3 Base,2022,,271.0HP Electric Motor Electric Fuel System,A/T,Black,Black,None reported,Yes,36750,12080
2946,Lexus,LX 570 Three-Row,2018,Gasoline,383.0HP 5.7L 8 Cylinder Engine Gasoline Fuel,Transmission w/Dual Shift Mode,Black,Black,None reported,Yes,69500,39300
2947,INFINITI,QX60 Luxe,2019,Gasoline,295.0HP 3.5L V6 Cylinder Engine Gasoline Fuel,CVT Transmission,Gray,–,At least 1 accident or damage reported,Yes,29000,51000
2948,Rivian,R1S Adventure Package,2023,,835.0HP Electric Motor Electric Fuel System,1-Speed A/T,Green,Black,,,97500,250
2949,Land,Rover Range Rover Sport 3.0L Supercharged HSE,2017,Gasoline,340.0HP 3.0L V6 Cylinder Engine Gasoline Fuel,8-Speed A/T,Gray,Beige,None reported,Yes,35999,67000
2950,INFINITI,QX60 Base,2014,Gasoline,265.0HP 3.5L V6 Cylinder Engine Gasoline Fuel,A/T,White,Beige,,,14195,95400
2951,Hyundai,Sonata GLS,2013,Gasoline,198.0HP 2.4L 4 Cylinder Engine Gasoline Fuel,6-Speed A/T,Gray,Gray,None reported,Yes,11000,136991
2952,Toyota,Tundra Limited,2022,Gasoline,389.0HP 3.4L V6 Cylinder Engine Gasoline Fuel,10-Speed A/T,Blue,Gray,None reported,Yes,55000,3959
2953,Jeep,Grand Cherokee Limited,2020,Gasoline,293.0HP 3.6L V6 Cylinder Engine Gasoline Fuel,A/T,Purple,Black,None reported,Yes,31000,47500
2954,Ford,F-350 Lariat Crew Cab Super Duty DRW,2005,Diesel,325.0HP 6.0L 8 Cylinder Engine Diesel Fuel,A/T,White,Beige,At least 1 accident or damage reported,Yes,13000,176691
2955,Tesla,Model 3 Performance,2021,,455.0HP Electric Motor Electric Fuel System,1-Speed A/T,Red,White,None reported,Yes,55000,33000
2956,Mercedes-Benz,CLS-Class CLS 550,2014,Gasoline,402.0HP 4.7L 8 Cylinder Engine Gasoline Fuel,Transmission w/Dual Shift Mode,Black,Black,None reported,Yes,27500,34600
2957,RAM,2500 SLT,2014,Gasoline,410.0HP 6.4L 8 Cylinder Engine Gasoline Fuel,A/T,Black,Gray,None reported,Yes,34000,84500
2958,Kia,Sorento Hybrid EX,2022,Hybrid,227.0HP 1.6L 4 Cylinder Engine Gas/Electric Hybrid,6-Speed A/T,Black,White,None reported,Yes,37500,36100
2959,Hyundai,Genesis 3.8,2015,Gasoline,311.0HP 3.8L V6 Cylinder Engine Gasoline Fuel,A/T,Black,Black,At least 1 accident or damage reported,Yes,17000,92225
2960,Jeep,Compass Latitude,2020,Gasoline,180.0HP 2.4L 4 Cylinder Engine Gasoline Fuel,9-Speed A/T,Silver,Black,None reported,Yes,25695,17500
2961,Ford,Fusion SE,2011,Gasoline,175.0HP 2.5L 4 Cylinder Engine Gasoline Fuel,6-Speed A/T,Black,Black,None reported,Yes,6000,114323
2962,Toyota,FJ Cruiser Base,2014,Gasoline,260.0HP 4.0L V6 Cylinder Engine Gasoline Fuel,A/T,Beige,Black,None reported,Yes,27500,92000
2963,BMW,430 Gran Coupe i xDrive,2018,Gasoline,2.0 Liter DOHC T/C,Automatic,Carbon Black Metallic,Black,None reported,,29998,29025
2964,Dodge,Durango SRT 392,2021,Gasoline,475.0HP 6.4L 8 Cylinder Engine Gasoline Fuel,Transmission w/Dual Shift Mode,Blue,Black,None reported,Yes,65000,17000
2965,Hyundai,Santa Fe GLS,2015,Gasoline,290.0HP 3.3L V6 Cylinder Engine Gasoline Fuel,6-Speed A/T,White,Gray,None reported,Yes,13000,96476
2966,Volkswagen,Atlas 3.6L SEL Premium,2021,Gasoline,3.6L V6 24V GDI DOHC,8-Speed Automatic,Deep Black Pearl Effect,Titan Black / Quarzit,None reported,Yes,39127,36311
2967,Land,Rover Range Rover Sport 5.0L Supercharged Dynamic,2016,Gasoline,510.0HP 5.0L 8 Cylinder Engine Gasoline Fuel,Transmission w/Dual Shift Mode,Silver,Black,None reported,Yes,35000,56842
2968,Nissan,Murano SV,2021,Gasoline,3.5L V6 24V MPFI DOHC,Automatic CVT,Sunset Drift Chromaflair,Graphite,None reported,,29510,23677
2969,Buick,Envision Essence,2020,Gasoline,2.5L I4 16V GDI DOHC,6-Speed Automatic,Summit White,Ebony,None reported,,31700,27340
2970,Chevrolet,Silverado 1500 RST,2020,Gasoline,5.3L V8 16V GDI OHV,Automatic,Shadow Gray Metallic,Jet Black,,,41986,26177
2971,Pontiac,Solstice GXP,2009,Gasoline,260.0HP 2.0L 4 Cylinder Engine Gasoline Fuel,A/T,Red,Black,At least 1 accident or damage reported,Yes,10000,122348
2972,BMW,640 Gran Coupe i xDrive,2015,Gasoline,315.0HP 3.0L Straight 6 Cylinder Engine Gasoline Fuel,Transmission w/Dual Shift Mode,Black,Beige,None reported,Yes,22500,98000
2973,Tesla,Model 3 Standard Range Plus,2019,,Electric Motor Electric Fuel System,A/T,Black,Black,None reported,Yes,29000,32300
2974,MINI,Countryman Cooper S,2019,Gasoline,189.0HP 2.0L 4 Cylinder Engine Gasoline Fuel,Transmission w/Dual Shift Mode,Red,Black,None reported,Yes,26750,18997
2975,Porsche,Boxster GTS,2016,Gasoline,330.0HP 3.4L Flat 6 Cylinder Engine Gasoline Fuel,7-Speed A/T,Gray,Black,None reported,Yes,67995,40350
2976,Ford,Expedition EL King Ranch,2011,E85 Flex Fuel,310.0HP 5.4L 8 Cylinder Engine Flex Fuel Capability,6-Speed A/T,Black,Brown,None reported,Yes,14300,156856
2978,BMW,X5 M Base,2017,Gasoline,567.0HP 4.4L 8 Cylinder Engine Gasoline Fuel,Transmission w/Dual Shift Mode,Gray,Black,None reported,Yes,46000,61773
2979,Ford,Mustang GT Premium,2011,Gasoline,412.0HP 5.0L 8 Cylinder Engine Gasoline Fuel,6-Speed M/T,Black,Black,None reported,Yes,22000,74500
2980,Jeep,Compass Sport,2016,Gasoline,172.0HP 2.4L 4 Cylinder Engine Gasoline Fuel,6-Speed A/T,White,Gray,At least 1 accident or damage reported,Yes,5000,99000
2981,INFINITI,G37 Sport,2008,Gasoline,330.0HP 3.7L V6 Cylinder Engine Gasoline Fuel,6-Speed M/T,Black,Black,None reported,Yes,15000,63496
2982,Ford,F-150 XLT,2022,Gasoline,400.0HP 3.5L V6 Cylinder Engine Gasoline Fuel,10-Speed A/T,Black,Gray,None reported,Yes,47500,18465
2983,Porsche,911 Carrera 4S,2007,Gasoline,355.0HP 3.8L Flat 6 Cylinder Engine Gasoline Fuel,Transmission w/Dual Shift Mode,Blue,Blue,None reported,Yes,72995,42635
2984,INFINITI,G35 Base,2005,Gasoline,298.0HP 3.5L V6 Cylinder Engine Gasoline Fuel,6-Speed M/T,Silver,Black,None reported,Yes,18900,99000
2985,Chrysler,300C Base,2013,Gasoline,292.0HP 3.6L V6 Cylinder Engine Gasoline Fuel,8-Speed A/T,White,Beige,None reported,Yes,13750,87500
2986,Toyota,Camry Solara SLE,2007,Gasoline,210.0HP 3.3L V6 Cylinder Engine Gasoline Fuel,5-Speed A/T,White,Beige,None reported,Yes,6800,138000
2987,Lexus,IS 300 Base,2018,Gasoline,260.0HP 3.5L V6 Cylinder Engine Gasoline Fuel,Transmission w/Dual Shift Mode,White,Black,None reported,Yes,28995,70891
2988,Buick,Enclave Essence,2020,Gasoline,310.0HP 3.6L V6 Cylinder Engine Gasoline Fuel,9-Speed A/T,Red,Gray,At least 1 accident or damage reported,Yes,29444,55403
2989,BMW,M4 Competition xDrive,2022,Gasoline,503.0HP 3.0L Straight 6 Cylinder Engine Gasoline Fuel,8-Speed A/T,Black,Red,None reported,Yes,89995,3213
2990,Pontiac,GTO Base,2005,Gasoline,400.0HP 6.0L 8 Cylinder Engine Gasoline Fuel,6-Speed M/T,Red,Red,At least 1 accident or damage reported,Yes,21999,142314
2992,Hyundai,Elantra SE,2014,Gasoline,145.0HP 1.8L 4 Cylinder Engine Gasoline Fuel,A/T,Blue,Gray,None reported,Yes,7500,120250
2993,Porsche,Macan S,2015,Gasoline,340.0HP 3.0L V6 Cylinder Engine Gasoline Fuel,7-Speed A/T,Silver,Black,None reported,Yes,29500,72329
2994,Hummer,H3 Base,2007,Gasoline,242.0HP 3.7L 5 Cylinder Engine Gasoline Fuel,4-Speed A/T,Beige,Black,None reported,Yes,9995,153692
2995,Tesla,Model 3 Long Range,2021,,Electric Motor Electric Fuel System,A/T,White,Black,None reported,Yes,37000,32670
2996,Ford,Transit-350 Base,2018,Gasoline,275.0HP 3.7L V6 Cylinder Engine Gasoline Fuel,A/T,White,Gray,,,18000,235000
2997,Rivian,R1T Launch Edition,2022,,835.0HP Electric Motor Electric Fuel System,A/T,Gray,Black,None reported,Yes,82000,8681
2998,Audi,S4 3.0 Prestige,2012,Gasoline,333.0HP 3.0L V6 Cylinder Engine Gasoline Fuel,7-Speed A/T,White,White,None reported,Yes,18000,98400
2999,Toyota,4Runner SR5 Premium,2023,Gasoline,270.0HP 4.0L V6 Cylinder Engine Gasoline Fuel,A/T,White,Black,None reported,Yes,46500,1400
3000,Tesla,Model 3 Mid Range,2018,,271.0HP Electric Motor Electric Fuel System,A/T,Black,Black,None reported,Yes,29999,32000
3001,Ford,F-250 Base,1997,Gasoline,210.0HP 5.8L 8 Cylinder Engine Gasoline Fuel,4-Speed A/T,White,Gray,None reported,Yes,9000,92800
3002,Mercedes-Benz,G-Class G 550 4MATIC,2021,Gasoline,416.0HP 4.0L 8 Cylinder Engine Gasoline Fuel,A/T,Black,Black,None reported,Yes,130000,75151
3003,Subaru,Legacy 2.5 GT spec.B,2008,Gasoline,243.0HP 2.5L 4 Cylinder Engine Gasoline Fuel,6-Speed M/T,Gray,Blue,None reported,Yes,12500,94000
3004,Mercedes-Benz,E-Class E 350,2014,Gasoline,302.0HP 3.5L V6 Cylinder Engine Gasoline Fuel,7-Speed A/T,Silver,–,At least 1 accident or damage reported,Yes,18700,67350
3005,BMW,M3 Base,2001,Gasoline,333.0HP 3.2L Straight 6 Cylinder Engine Gasoline Fuel,6-Speed M/T,Red,Black,None reported,Yes,21000,66500
3006,Mercedes-Benz,C-Class C 250 Sport,2014,Gasoline,201.0HP 1.8L 4 Cylinder Engine Gasoline Fuel,7-Speed A/T,White,Beige,None reported,Yes,14500,70612
3007,Toyota,Sienna XLE Limited,2007,Gasoline,266.0HP 3.5L V6 Cylinder Engine Gasoline Fuel,5-Speed A/T,Silver,Gray,At least 1 accident or damage reported,Yes,11500,112630
3008,Dodge,Avenger SE,2014,E85 Flex Fuel,283.0HP 3.6L V6 Cylinder Engine Flex Fuel Capability,A/T,Black,Black,None reported,Yes,6499,124705
3009,BMW,M240 i,2018,Gasoline,335.0HP 3.0L Straight 6 Cylinder Engine Gasoline Fuel,6-Speed M/T,Blue,Black,At least 1 accident or damage reported,Yes,34000,61000
3010,RAM,3500 SLT,2017,Diesel,350.0HP 6.7L Straight 6 Cylinder Engine Diesel Fuel,6-Speed A/T,White,Gray,At least 1 accident or damage reported,Yes,32999,157272
3011,Mercedes-Benz,GL-Class GL 450 4MATIC,2015,Gasoline,362.0HP 3.0L V6 Cylinder Engine Gasoline Fuel,7-Speed A/T,Blue,Gray,None reported,Yes,20399,84000
3012,Jeep,Gladiator Rubicon,2020,Gasoline,285.0HP 3.6L V6 Cylinder Engine Gasoline Fuel,A/T,Red,Black,None reported,Yes,47500,27981
3013,Bentley,Continental GT Base,2009,Gasoline,552.0HP 6.0L 12 Cylinder Engine Gasoline Fuel,A/T,Blue,Beige,None reported,Yes,63000,18000
3014,Tesla,Model 3 Long Range,2019,,425.0HP Electric Motor Electric Fuel System,A/T,Red,Black,None reported,Yes,38200,27123
3015,Chevrolet,Corvette Stingray w/2LT,2021,Gasoline,490.0HP 6.2L 8 Cylinder Engine Gasoline Fuel,Transmission w/Dual Shift Mode,Silver,Gray,None reported,Yes,83900,3053
3016,Audi,Q5 3.0T Premium Plus,2015,Gasoline,272.0HP 3.0L V6 Cylinder Engine Gasoline Fuel,A/T,Black,Black,At least 1 accident or damage reported,Yes,19000,60251
3017,Mazda,MX-5 Miata Club,2021,Gasoline,181.0HP 2.0L 4 Cylinder Engine Gasoline Fuel,6-Speed M/T,Gray,Black,None reported,Yes,28000,5093
3018,Bentley,Bentayga W12 Signature,2018,Gasoline,600.0HP 6.0L 12 Cylinder Engine Gasoline Fuel,8-Speed A/T,White,Black,None reported,Yes,115785,31875
3019,Mercedes-Benz,S-Class S500,2005,Gasoline,302.0HP 5.0L 8 Cylinder Engine Gasoline Fuel,A/T,White,Beige,None reported,Yes,7000,175722
3020,BMW,M6 Base,2015,Gasoline,560.0HP 4.4L 8 Cylinder Engine Gasoline Fuel,Transmission w/Dual Shift Mode,Black,Black,None reported,Yes,59900,17900
3021,GMC,Yukon SLT,2015,Gasoline,355.0HP 5.3L 8 Cylinder Engine Gasoline Fuel,6-Speed A/T,White,Brown,None reported,Yes,22999,142792
3022,BMW,750 iL,2001,Gasoline,326.0HP 5.4L 12 Cylinder Engine Gasoline Fuel,5-Speed A/T,Gray,Gray,,,11800,53814
3023,Toyota,Tundra Limited,2010,Gasoline,381.0HP 5.7L 8 Cylinder Engine Gasoline Fuel,A/T,White,Gray,None reported,Yes,26900,89400
3024,Chrysler,300C Base,2007,Gasoline,340.0HP 5.7L 8 Cylinder Engine Gasoline Fuel,5-Speed A/T,Gray,Black,None reported,Yes,15000,86000
3025,smart,ForTwo Pure,2008,Gasoline,70.0HP 1.0L 3 Cylinder Engine Gasoline Fuel,5-Speed A/T,Blue,Gray,None reported,Yes,5000,61595
3026,Toyota,Tundra SR,2018,E85 Flex Fuel,381.0HP 5.7L 8 Cylinder Engine Flex Fuel Capability,6-Speed A/T,Beige,Black,At least 1 accident or damage reported,Yes,38000,74000
3027,Hummer,H2 Base,2004,Gasoline,316.0HP 6.0L 8 Cylinder Engine Gasoline Fuel,4-Speed A/T,Black,Black,At least 1 accident or damage reported,Yes,16500,130000
3028,BMW,ALPINA B7 Base,2015,Gasoline,540.0HP 4.4L 8 Cylinder Engine Gasoline Fuel,8-Speed A/T,Black,White,At least 1 accident or damage reported,Yes,29000,86000
3029,Land,Rover Range Rover Sport Supercharged,2008,Gasoline,390.0HP 4.2L 8 Cylinder Engine Gasoline Fuel,6-Speed A/T,Red,Beige,None reported,Yes,7500,140600
3030,Audi,A4 2.0T Tech Premium,2018,Gasoline,252.0HP 2.0L 4 Cylinder Engine Gasoline Fuel,7-Speed A/T,Gray,Black,None reported,Yes,27900,27532
3031,Ford,Focus SE,2017,E85 Flex Fuel,160.0HP 2.0L 4 Cylinder Engine Flex Fuel Capability,6-Speed A/T,Gray,Black,None reported,Yes,12500,91000
3032,Mercedes-Benz,E-Class E 550 4MATIC,2014,Gasoline,402.0HP 4.7L 8 Cylinder Engine Gasoline Fuel,7-Speed A/T,Silver,Black,None reported,Yes,28500,63000
3033,Jeep,Wrangler Unlimited 4xe Sahara,2022,Plug-In Hybrid,375.0HP 2.0L 4 Cylinder Engine Plug-In Electric/Gas,8-Speed A/T,Green,Beige,None reported,Yes,49999,10500
3034,Mercedes-Benz,M-Class ML 350 4MATIC,2014,E85 Flex Fuel,302.0HP 3.5L V6 Cylinder Engine Flex Fuel Capability,7-Speed A/T,Gray,Black,None reported,Yes,21500,75073
3035,Jeep,Wrangler Sahara,2008,Gasoline,202.0HP 3.8L V6 Cylinder Engine Gasoline Fuel,A/T,Silver,–,At least 1 accident or damage reported,Yes,9000,140000
3036,Mercedes-Benz,A-Class A 220 4MATIC,2019,Gasoline,188.0HP 2.0L 4 Cylinder Engine Gasoline Fuel,7-Speed A/T,Silver,Black,None reported,Yes,30500,30300
3037,Chevrolet,Malibu 1LT,2009,Gasoline,169.0HP 2.4L 4 Cylinder Engine Gasoline Fuel,A/T,White,Black,None reported,Yes,4200,139000
3038,Hummer,H3 Base,2006,Gasoline,220.0HP 3.5L 5 Cylinder Engine Gasoline Fuel,A/T,Gray,Black,None reported,Yes,17900,118000
3039,BMW,i8 Base,2015,Plug-In Hybrid,357.0HP 1.5L 3 Cylinder Engine Plug-In Electric/Gas,Transmission w/Dual Shift Mode,Gray,Brown,None reported,Yes,53000,51000
3040,Cadillac,XLR Base,2009,Gasoline,320.0HP 4.6L 8 Cylinder Engine Gasoline Fuel,A/T,Red,Beige,None reported,Yes,36500,69423
3041,Lincoln,MKZ Select,2017,Gasoline,240.0HP 2.0L 4 Cylinder Engine Gasoline Fuel,6-Speed A/T,Blue,Beige,At least 1 accident or damage reported,Yes,12500,52284
3042,Chevrolet,Silverado 1500 W/T,2006,Gasoline,195.0HP 4.3L V6 Cylinder Engine Gasoline Fuel,A/T,Blue,Gray,At least 1 accident or damage reported,Yes,4000,111228
3043,Land,Rover Range Rover Sport HSE,2019,Gasoline,340.0HP 3.0L V6 Cylinder Engine Gasoline Fuel,Transmission w/Dual Shift Mode,Black,Black,None reported,Yes,49900,52300
3044,Nissan,Titan SL,2021,Gasoline,5.6L V8 32V GDI DOHC,9-Speed Automatic,White,Black,None reported,Yes,32612,95993
3045,Kia,Telluride SX,2022,Gasoline,"LAMBDA II 3.8L V-6 gasoline direct injection, DOHC, D-CVVT varia",Automatic,Dark Moss,Black,None reported,,47541,26716
3046,Chevrolet,Tahoe RST,2023,Gasoline,5.3L V8 16V GDI OHV,10-Speed Automatic,Black,Jet Black,At least 1 accident or damage reported,,67190,39517
3047,Ford,Mustang GT Premium,2019,Gasoline,460.0HP 5.0L 8 Cylinder Engine Gasoline Fuel,6-Speed M/T,Blue,Gray,None reported,Yes,41000,31600
3048,BMW,330 i,2017,Gasoline,248.0HP 2.0L 4 Cylinder Engine Gasoline Fuel,A/T,Black,Black,None reported,Yes,18300,83298
3049,Land,Rover Range Rover Sport 3.0L Supercharged HSE,2017,Gasoline,340.0HP 3.0L V6 Cylinder Engine Gasoline Fuel,8-Speed A/T,Brown,Beige,None reported,Yes,31599,95212
3050,Porsche,911 Carrera,2010,Gasoline,345.0HP 3.6L Flat 6 Cylinder Engine Gasoline Fuel,7-Speed A/T,Black,Black,None reported,Yes,51750,61600
3051,INFINITI,QX56 Base,2011,Gasoline,400.0HP 5.6L 8 Cylinder Engine Gasoline Fuel,Transmission Overdrive Switch,White,Beige,None reported,Yes,12000,130921
3052,RAM,2500 Tradesman,2020,Gasoline,410.0HP 6.4L 8 Cylinder Engine Gasoline Fuel,8-Speed A/T,White,Gray,,,45515,41000
3053,BMW,840 i xDrive,2024,Gasoline,335.0HP 3.0L Straight 6 Cylinder Engine Gasoline Fuel,A/T,Gray,Brown,None reported,Yes,90000,1500
3054,MINI,Clubman Cooper S ALL4,2017,Gasoline,189.0HP 2.0L 4 Cylinder Engine Gasoline Fuel,A/T,Blue,Black,None reported,Yes,17390,79950
3055,Cadillac,Escalade ESV Premium Luxury Platinum,2021,Gasoline,420.0HP 6.2L 8 Cylinder Engine Gasoline Fuel,A/T,White,Beige,None reported,Yes,95000,31500
3056,Audi,R8 5.2 V10 plus,2017,Gasoline,610.0HP 5.2L 10 Cylinder Engine Gasoline Fuel,Transmission w/Dual Shift Mode,Gray,Black,None reported,Yes,140000,61000
3057,RAM,2500 Big Horn,2021,Gasoline,6.4L V8 16V MPFI OHV,Automatic,Billet Silver Metallic Clearcoat,Diesel Gray / Black,None reported,Yes,43449,45867
3058,Porsche,911 Carrera 4,2014,Gasoline,350.0HP 3.4L Flat 6 Cylinder Engine Gasoline Fuel,7-Speed M/T,Silver,Black,At least 1 accident or damage reported,Yes,85500,22700
3059,Bentley,Continental GT Base,2009,Gasoline,552.0HP 6.0L 12 Cylinder Engine Gasoline Fuel,A/T,Black,Black,None reported,Yes,48500,43000
3060,Toyota,Tundra SR5,2015,Gasoline,310.0HP 4.6L 8 Cylinder Engine Gasoline Fuel,6-Speed A/T,Gray,Gray,None reported,Yes,27000,99000
3061,Toyota,4Runner SR5,2006,Gasoline,236.0HP 4.0L V6 Cylinder Engine Gasoline Fuel,A/T,White,Gray,None reported,Yes,16900,135000
3062,Cadillac,CTS 2.0L Turbo Luxury,2019,Gasoline,265.0HP 2.0L 4 Cylinder Engine Gasoline Fuel,8-Speed A/T,Black,Beige,At least 1 accident or damage reported,Yes,29000,46000
3063,Ford,Focus SE,2014,Gasoline,2.0L I4 16V GDI DOHC,6-Speed Automatic with Auto-Shift,Black,Charcoal Black,None reported,Yes,10995,79615
3064,BMW,M5 Base,2021,Gasoline,4.4L V8 32V GDI DOHC Twin Turbo,8-Speed Automatic,Alpine White,Aragon Brown,None reported,,86900,13250
3065,Land,Rover Range Rover 3.0L V6 Supercharged HSE,2019,Gasoline,380.0HP 3.0L V6 Cylinder Engine Gasoline Fuel,Transmission w/Dual Shift Mode,Black,Black,None reported,Yes,60500,41200
3066,Cadillac,Escalade ESV Luxury,2016,Gasoline,420.0HP 6.2L 8 Cylinder Engine Gasoline Fuel,8-Speed A/T,Black,Brown,At least 1 accident or damage reported,Yes,30500,116500
3067,Acura,NSX Base,1993,–,–,A/T,Silver,Black,None reported,Yes,90200,75980
3068,Chevrolet,Corvette Z06,2018,Gasoline,650.0HP 6.2L 8 Cylinder Engine Gasoline Fuel,8-Speed A/T,Gray,Black,None reported,Yes,87150,24059
3069,Audi,Q5 2.0T Premium Plus,2015,E85 Flex Fuel,220.0HP 2.0L 4 Cylinder Engine Flex Fuel Capability,A/T,Silver,Black,At least 1 accident or damage reported,Yes,15400,118500
3070,BMW,ALPINA B7 ALPINA B7 xDrive,2020,Gasoline,4.4 Liter Twin Turbo,Automatic,Frozen Dark Silver Metallic,Black,None reported,,99998,15097
3071,Maserati,Ghibli S Q4,2018,Gasoline,424.0HP 3.0L V6 Cylinder Engine Gasoline Fuel,A/T,White,Brown,None reported,Yes,43000,20000
3072,BMW,228 Gran Coupe i xDrive,2020,Gasoline,2.0 Liter Turbo,Automatic,Black Sapphire Metallic,Oyster/Black,None reported,,30798,10426
3073,Ford,Expedition Limited,2023,Gasoline,400.0HP 3.5L V6 Cylinder Engine Gasoline Fuel,10-Speed A/T,Black,Red,At least 1 accident or damage reported,Yes,63500,9500
3074,Nissan,Frontier SE Crew Cab,2006,Gasoline,265.0HP 4.0L V6 Cylinder Engine Gasoline Fuel,A/T,Gray,Gray,At least 1 accident or damage reported,Yes,8500,134000
3075,Subaru,BRZ Limited,2022,Gasoline,228.0HP 2.4L 4 Cylinder Engine Gasoline Fuel,Transmission w/Dual Shift Mode,Gray,–,None reported,Yes,32500,10500
3076,Chevrolet,Malibu LT,2018,Gasoline,160.0HP 1.5L 4 Cylinder Engine Gasoline Fuel,6-Speed A/T,Red,Black,None reported,Yes,17500,53100
3077,Ford,Focus SEL,2017,E85 Flex Fuel,2.0L I4 16V GDI DOHC Flexible Fuel,6-Speed Automatic with Auto-Shift,White,Charcoal Black,None reported,Yes,13895,80134
3078,Nissan,Rogue Sport S,2021,Gasoline,141.0HP 2.0L 4 Cylinder Engine Gasoline Fuel,A/T,Gray,Black,None reported,Yes,25500,24000
3079,Volvo,C70 T5,2006,Gasoline,218.0HP 2.5L 5 Cylinder Engine Gasoline Fuel,6-Speed M/T,Blue,Beige,None reported,Yes,10299,61000
3080,Lincoln,Nautilus Reserve,2021,Gasoline,335.0HP 2.7L V6 Cylinder Engine Gasoline Fuel,A/T,White,Beige,None reported,Yes,48000,19700
3081,Mercedes-Benz,AMG GT Base,2018,Gasoline,469.0HP 4.0L 8 Cylinder Engine Gasoline Fuel,7-Speed A/T,White,Brown,At least 1 accident or damage reported,Yes,84500,28182
3082,Ford,Mustang EcoBoost Premium,2017,Gasoline,310.0HP 2.3L 4 Cylinder Engine Gasoline Fuel,A/T,Black,Black,At least 1 accident or damage reported,Yes,21000,59500
3083,Ford,Ranger XLT,1999,E85 Flex Fuel,152.0HP 3.0L V6 Cylinder Engine Flex Fuel Capability,A/T,Gold,Beige,None reported,Yes,8000,115402
3084,GMC,Yukon SLT,2018,Gasoline,355.0HP 5.3L 8 Cylinder Engine Gasoline Fuel,A/T,Black,Black,At least 1 accident or damage reported,Yes,35899,85500
3085,RAM,2500 Big Horn,2020,Gasoline,410.0HP 6.4L 8 Cylinder Engine Gasoline Fuel,6-Speed A/T,Red,Black,None reported,Yes,44900,51000
3086,Tesla,Model Y Performance,2021,,455.0HP Electric Motor Electric Fuel System,A/T,Gray,White,None reported,Yes,45000,17500
3087,Lexus,ES 350 Base,2011,Gasoline,272.0HP 3.5L V6 Cylinder Engine Gasoline Fuel,A/T,Black,Beige,None reported,Yes,9999,132000
3088,Jeep,Wrangler Rubicon Hard Rock,2016,Gasoline,3.6 Liter,Automatic,White,Black,None reported,,32798,67882
3089,Volvo,XC90 T6 Momentum,2018,Gasoline,316.0HP 2.0L 4 Cylinder Engine Gasoline Fuel,8-Speed A/T,Silver,Black,None reported,Yes,30500,62000
3090,Porsche,911 R,2016,Gasoline,500.0HP 4.0L Flat 6 Cylinder Engine Gasoline Fuel,6-Speed M/T,Purple,Black,None reported,Yes,210000,12454
3091,BMW,M6 Gran Coupe Base,2017,Gasoline,560.0HP 4.4L 8 Cylinder Engine Gasoline Fuel,7-Speed A/T,Green,Black,None reported,Yes,58000,27965
3092,Cadillac,Escalade ESV Platinum Edition,2013,E85 Flex Fuel,403.0HP 6.2L 8 Cylinder Engine Flex Fuel Capability,A/T,Black,Black,,,20500,119000
3093,BMW,X5 xDrive35i,2018,Gasoline,300.0HP 3.0L Straight 6 Cylinder Engine Gasoline Fuel,8-Speed A/T,Black,Black,None reported,Yes,32000,48000
3094,BMW,X5 xDrive40i,2020,Gasoline,3.0 Liter Turbo,Automatic,White,Black,None reported,,56598,5541
3095,Mitsubishi,Outlander SEL,2018,Gasoline,166.0HP 2.4L 4 Cylinder Engine Gasoline Fuel,A/T,Red,Beige,None reported,Yes,19500,29000
3096,Dodge,Ram 1500 ST,2010,E85 Flex Fuel,310.0HP 4.7L 8 Cylinder Engine Flex Fuel Capability,A/T,White,Gray,At least 1 accident or damage reported,Yes,12995,131100
3097,Subaru,Impreza 2.0i,2015,Gasoline,"2L H-4 DOHC, variable valve control, regular unleaded, engine wi",Manual,Quartz Blue Pearl,Black,At least 1 accident or damage reported,,11498,102242
3098,Mercedes-Benz,Maybach S S 600,2016,Gasoline,523.0HP 6.0L 12 Cylinder Engine Gasoline Fuel,7-Speed A/T,Black,Black,None reported,Yes,79999,18069
3099,Kia,Sportage LX,2023,Gasoline,187.0HP 2.5L 4 Cylinder Engine Gasoline Fuel,A/T,White,Black,None reported,Yes,31900,13000
3100,Porsche,911 Turbo Cabriolet,2008,Gasoline,480.0HP 3.6L Flat 6 Cylinder Engine Gasoline Fuel,Transmission w/Dual Shift Mode,Silver,Black,At least 1 accident or damage reported,Yes,69500,51000
3101,Hummer,H3 Base,2007,Gasoline,242.0HP 3.7L 5 Cylinder Engine Gasoline Fuel,4-Speed A/T,Blue,Black,At least 1 accident or damage reported,Yes,10000,137333
3102,Buick,LaCrosse Leather,2014,Gasoline,304.0HP 3.6L V6 Cylinder Engine Gasoline Fuel,A/T,White,Beige,At least 1 accident or damage reported,Yes,11200,125559
3103,Chevrolet,Silverado 1500 High Country,2020,Gasoline,6.2L V8 16V GDI OHV,Automatic,Iridescent Pearl Tricoat,Jet Black,At least 1 accident or damage reported,Yes,48889,88161
3104,Toyota,4Runner SR5,2016,Gasoline,270.0HP 4.0L V6 Cylinder Engine Gasoline Fuel,5-Speed A/T,Black,Black,None reported,Yes,29000,101900
3105,Cadillac,Escalade ESV Luxury,2015,Gasoline,420.0HP 6.2L 8 Cylinder Engine Gasoline Fuel,6-Speed A/T,Black,Black,At least 1 accident or damage reported,Yes,18800,159500
3106,Subaru,Legacy 2.5i Premium,2015,Gasoline,175.0HP 2.5L 4 Cylinder Engine Gasoline Fuel,CVT Transmission,Silver,Beige,At least 1 accident or damage reported,Yes,15000,68860
3107,Tesla,Model 3 Long Range,2018,,271.0HP Electric Motor Electric Fuel System,1-Speed A/T,Red,Black,At least 1 accident or damage reported,Yes,30499,43000
3108,Ford,Expedition EL XLT,2017,Gasoline,365.0HP 3.5L V6 Cylinder Engine Gasoline Fuel,A/T,Black,Black,At least 1 accident or damage reported,Yes,16500,182000
3109,Tesla,Model Y Long Range,2022,,425.0HP Electric Motor Electric Fuel System,A/T,White,White,None reported,Yes,49500,21404
3110,Ford,Expedition EL Limited,2017,Gasoline,365.0HP 3.5L V6 Cylinder Engine Gasoline Fuel,Transmission w/Dual Shift Mode,Black,Black,None reported,Yes,27000,81000
3111,Chevrolet,Silverado 1500 LTZ,2021,Gasoline,5.3L V8 16V GDI OHV,8-Speed Automatic,Satin Steel Metallic,Gideon,None reported,,42590,62257
3112,BMW,X5 xDrive40e,2016,Hybrid,Electric,Automatic,Alpine White,Black,None reported,,22998,91798
3113,BMW,335 is,2011,Gasoline,320.0HP 3.0L Straight 6 Cylinder Engine Gasoline Fuel,7-Speed A/T,Gray,Black,At least 1 accident or damage reported,Yes,20000,82000
3114,Ford,F-150 XLT,2012,Gasoline,365.0HP 3.5L V6 Cylinder Engine Gasoline Fuel,6-Speed A/T,Black,Gray,At least 1 accident or damage reported,Yes,15000,207100
3115,Land,Rover Range Rover Sport P400 SE Dynamic,2023,Hybrid,395.0HP 3.0L Straight 6 Cylinder Engine Gasoline/Mild Electric Hybrid,8-Speed A/T,Blue,Black,None reported,Yes,124000,450
3116,Porsche,Panamera Edition,2016,Gasoline,310.0HP 3.6L V6 Cylinder Engine Gasoline Fuel,A/T,Blue,Beige,At least 1 accident or damage reported,Yes,30000,77945
3117,Kia,Sorento Plug-In Hybrid SX,2022,Hybrid,1.6L I4 16V GDI DOHC Turbo Hybrid,6-Speed Automatic,Aurora Black,Gray,None reported,,40599,15583
3118,BMW,M240 i,2017,Gasoline,335.0HP 3.0L Straight 6 Cylinder Engine Gasoline Fuel,8-Speed A/T,White,Black,At least 1 accident or damage reported,Yes,26125,37100
3119,Maserati,Quattroporte Base,2006,Gasoline,394.0HP 4.2L 8 Cylinder Engine Gasoline Fuel,Transmission w/Dual Shift Mode,Blue,Beige,At least 1 accident or damage reported,Yes,18000,51000
3120,Ford,F-150 XLT,2017,Gasoline,325.0HP 2.7L V6 Cylinder Engine Gasoline Fuel,6-Speed A/T,White,Black,None reported,Yes,26000,94000
3121,Land,Rover Discovery S,2003,Gasoline,217.0HP 4.6L 8 Cylinder Engine Gasoline Fuel,A/T,White,Beige,At least 1 accident or damage reported,Yes,6000,121886
3122,Ford,F-250 XLT Crew Cab Super Duty,2008,Gasoline,300.0HP 5.4L 8 Cylinder Engine Gasoline Fuel,5-Speed A/T,Green,Gray,At least 1 accident or damage reported,Yes,15000,157500
3123,Ford,Taurus SHO,2014,Gasoline,365.0HP 3.5L V6 Cylinder Engine Gasoline Fuel,A/T,Silver,Black,At least 1 accident or damage reported,Yes,15500,138415
3124,Land,Rover Range Rover Sport HSE,2012,Gasoline,375.0HP 5.0L 8 Cylinder Engine Gasoline Fuel,A/T,Silver,Black,None reported,Yes,10200,110000
3125,Cadillac,Escalade Sport,2023,Diesel,3.0L I6 24V DDI DOHC Turbo Diesel,10-Speed Automatic with Overdrive,Black Raven,Jet Black,None reported,,109900,8532
3126,GMC,Sierra 1500 SLT,2021,Gasoline,355.0HP 5.3L 8 Cylinder Engine Gasoline Fuel,A/T,White,Black,At least 1 accident or damage reported,Yes,51500,12941
3127,BMW,335 i xDrive,2009,Gasoline,300.0HP 3.0L Straight 6 Cylinder Engine Gasoline Fuel,6-Speed M/T,Black,Black,None reported,Yes,19500,69764
3128,Porsche,911 Carrera 4S,2003,Gasoline,315.0HP 3.6L Flat 6 Cylinder Engine Gasoline Fuel,6-Speed M/T,Silver,Black,,,24000,90000
3129,Audi,Q5 S line Premium,2022,Hybrid,2.0 Liter TFSI,Automatic,Florett Silver,Black,None reported,,42598,8193
3130,Lexus,RX 350 F Sport Performance,2020,Gasoline,3.5L V6 24V PDI DOHC,8-Speed Automatic,Caviar,Black,None reported,,43599,43277
3131,Audi,S4 3.0T Premium Plus,2018,Gasoline,354.0HP 3.0L V6 Cylinder Engine Gasoline Fuel,8-Speed A/T,Gray,Black,At least 1 accident or damage reported,Yes,38000,26500
3132,Chevrolet,Silverado 1500 LT,2019,Gasoline,2.7L I4 16V GDI DOHC Turbo,Automatic,Cajun Red Tintcoat,Jet Black,,,35670,36021
3133,Chevrolet,Colorado Z71,2019,Gasoline,3.6L V6 24V GDI DOHC,Automatic,Shadow Gray Metallic,Jet Black,None reported,,36139,25462
3134,Audi,A5 2.0T Prestige,2018,Gasoline,252.0HP 2.0L 4 Cylinder Engine Gasoline Fuel,7-Speed A/T,White,Black,None reported,Yes,33000,35850
3135,Mazda,Mazda3 s Sport,2008,Gasoline,156.0HP 2.3L 4 Cylinder Engine Gasoline Fuel,5-Speed M/T,Red,Black,None reported,Yes,6300,77700
3136,Jaguar,E-PACE 300 Sport,2021,Hybrid,296.0HP 2.0L 4 Cylinder Engine Gasoline/Mild Electric Hybrid,9-Speed A/T,Black,Black,None reported,Yes,42999,23600
3137,Ferrari,GTC4Lusso T,2019,Gasoline,3.9L V8 32V GDI DOHC Twin Turbo,7-Speed DCT Automatic,Nero Daytona,–,None reported,Yes,215000,8870
3138,Toyota,Celica GT,2001,Gasoline,140.0HP 1.8L 4 Cylinder Engine Gasoline Fuel,5-Speed M/T,Blue,Gray,None reported,Yes,7800,122000
3139,Ford,Excursion Limited 4WD,2003,Diesel,325.0HP 6.0L 8 Cylinder Engine Diesel Fuel,A/T,Black,Beige,At least 1 accident or damage reported,Yes,17999,245000
3140,Porsche,718 Spyder Base,2022,Gasoline,414.0HP 4.0L Flat 6 Cylinder Engine Gasoline Fuel,6-Speed M/T,White,Black,None reported,Yes,134000,4700
3141,Subaru,WRX STI Base,2016,Gasoline,305.0HP 2.5L 4 Cylinder Engine Gasoline Fuel,M/T,Gray,Black,None reported,Yes,34000,84100
3142,Audi,A6 45 Premium Plus,2021,Hybrid,248.0HP 2.0L 4 Cylinder Engine Gasoline/Mild Electric Hybrid,A/T,Black,Black,None reported,Yes,40000,33000
3143,Tesla,Model S P100D,2018,,Electric,1-Speed Automatic,Red Multi,White,None reported,,59999,10065
3144,Mercedes-Benz,AMG GT R,2018,Gasoline,577.0HP 4.0L 8 Cylinder Engine Gasoline Fuel,7-Speed A/T,Black,Black,None reported,Yes,148500,3811
3145,Acura,RDX PMC Edition,2021,Gasoline,2.0 Liter Turbo,2,Majestic Black Pearl,Ebony,None reported,,40598,44457
3146,Audi,S4 3.0T Premium Plus,2013,Gasoline,333.0HP 3.0L V6 Cylinder Engine Gasoline Fuel,7-Speed A/T,Black,Black,None reported,Yes,20900,139355
3147,Lotus,Evora Base,2010,Gasoline,276.0HP 3.5L V6 Cylinder Engine Gasoline Fuel,6-Speed M/T,Black,White,None reported,Yes,55000,9100
3148,Mercedes-Benz,S-Class S 560 4MATIC,2019,Gasoline,463.0HP 4.0L 8 Cylinder Engine Gasoline Fuel,9-Speed A/T,Silver,Brown,None reported,Yes,77900,10500
3149,Chevrolet,Silverado 1500 RST,2023,Gasoline,5.3L V8 16V GDI OHV,10-Speed Automatic,Dark Ash Metallic,Black,None reported,,59590,5006
3150,Hyundai,Genesis Coupe 2.0T R-Spec,2013,Gasoline,260.0HP 2.0L 4 Cylinder Engine Gasoline Fuel,6-Speed M/T,White,Red,,,18000,55000
3151,BMW,M3 Competition,2021,Gasoline,503.0HP 3.0L Straight 6 Cylinder Engine Gasoline Fuel,8-Speed A/T,Gray,Black,None reported,Yes,71000,33500
3152,BMW,435 i,2014,Gasoline,300.0HP 3.0L Straight 6 Cylinder Engine Gasoline Fuel,A/T,White,Black,None reported,Yes,15000,126500
3153,Land,Rover Range Rover Evoque HSE Dynamic,2016,Gasoline,240.0HP 2.0L 4 Cylinder Engine Gasoline Fuel,9-Speed A/T,Red,Red,None reported,Yes,24000,79000
3154,Porsche,911 Targa 4 GTS,2018,Gasoline,450.0HP 3.0L Flat 6 Cylinder Engine Gasoline Fuel,7-Speed A/T,Gray,Black,None reported,Yes,145000,19000
3155,RAM,3500 Tradesman,2021,Diesel,400.0HP 6.7L Straight 6 Cylinder Engine Diesel Fuel,6-Speed A/T,Blue,Gray,None reported,Yes,52000,57000
3156,BMW,X5 xDrive40i,2020,Gasoline,3.0 Liter Turbo,Automatic,White,Black,None reported,,57998,4880
3157,Acura,NSX Base,2018,Hybrid,3.5L V6 24V PDI DOHC Twin Turbo Hybrid,9-Speed Automatic with Auto-Shift,White,Ebony,None reported,,143900,6523
3158,Mercedes-Benz,SL-Class SL500 Roadster,2005,Gasoline,302.0HP 5.0L 8 Cylinder Engine Gasoline Fuel,7-Speed A/T,White,Beige,None reported,Yes,14000,127000
3159,Lexus,SC 430 Base,2002,Gasoline,300.0HP 4.3L 8 Cylinder Engine Gasoline Fuel,A/T,Black,Black,None reported,Yes,15999,89500
3160,Chevrolet,Silverado 1500 Base,2000,Gasoline,200.0HP 4.3L V6 Cylinder Engine Gasoline Fuel,A/T,White,Gray,None reported,Yes,27500,97000
3161,Buick,Enclave Avenir,2021,Gasoline,3.6L V6 24V GDI DOHC,9-Speed Automatic,Rich Garnet Metallic,Chestnut,At least 1 accident or damage reported,Yes,42442,31181
3162,Lexus,NX 300h Base,2020,Hybrid,2.5L I4 16V MPFI DOHC Hybrid,Automatic CVT,Gray,Black,At least 1 accident or damage reported,,33200,16425
3163,Lexus,RX 350 RX 350 F SPORT Handling,2022,Gasoline,3.5 Liter DOHC,Automatic,Atomic Silver,Black,None reported,,54798,11238
3164,Chevrolet,Avalanche 1500 LS,2005,E85 Flex Fuel,295.0HP 5.3L 8 Cylinder Engine Flex Fuel Capability,Transmission Overdrive Switch,Black,Gray,At least 1 accident or damage reported,Yes,7999,97146
3165,Mercedes-Benz,SL-Class SL400,2015,Gasoline,3.0 Liter,Automatic,White,Tan,None reported,,39998,36670
3166,Chevrolet,Suburban Premier,2019,Gasoline,420.0HP 6.2L 8 Cylinder Engine Gasoline Fuel,6-Speed A/T,Black,Black,None reported,Yes,52500,44800
3167,Ford,Transit-350 Base,2015,Gasoline,310.0HP 3.5L V6 Cylinder Engine Gasoline Fuel,A/T,Black,Gray,At least 1 accident or damage reported,Yes,17100,150000
3168,INFINITI,QX60 Luxe,2020,Gasoline,295.0HP 3.5L V6 Cylinder Engine Gasoline Fuel,A/T,Blue,Beige,None reported,Yes,32100,38400
3169,Bentley,Continental GTC Base,2008,Gasoline,552.0HP 6.0L 12 Cylinder Engine Gasoline Fuel,6-Speed A/T,White,White,None reported,Yes,81500,7960
3170,Nissan,350Z Enthusiast,2007,Gasoline,306.0HP 3.5L V6 Cylinder Engine Gasoline Fuel,A/T,Silver,Black,At least 1 accident or damage reported,Yes,9975,117000
3171,Rivian,R1S Adventure Package,2023,,533.0HP Electric Motor Electric Fuel System,A/T,White,Black,None reported,Yes,95500,159
3172,McLaren,570S Base,2017,Gasoline,562.0HP 3.8L 8 Cylinder Engine Gasoline Fuel,Transmission w/Dual Shift Mode,Orange,Black,None reported,Yes,139000,30200
3173,Nissan,Altima 2.5 SL,2012,Gasoline,175.0HP 2.5L 4 Cylinder Engine Gasoline Fuel,CVT Transmission,Silver,Black,None reported,Yes,8999,91545
3174,Land,Rover Range Rover 5.0L Supercharged,2015,E85 Flex Fuel,510.0HP 5.0L 8 Cylinder Engine Flex Fuel Capability,A/T,Black,–,At least 1 accident or damage reported,Yes,26499,110000
3175,BMW,X5 xDrive35i,2017,Gasoline,300.0HP 3.0L Straight 6 Cylinder Engine Gasoline Fuel,8-Speed A/T,Gray,Black,At least 1 accident or damage reported,Yes,23300,105100
3176,INFINITI,QX56 Base,2012,Gasoline,400.0HP 5.6L 8 Cylinder Engine Gasoline Fuel,Transmission w/Dual Shift Mode,White,Beige,None reported,Yes,15600,110000
3177,Ford,F-150 XLT,2019,Gasoline,3.5L V6 24V PDI DOHC Twin Turbo,Automatic,Black,Medium Earth Gray,None reported,Yes,32769,81778
3178,Lexus,RX 450h Base,2010,Hybrid,245.0HP 3.5L V6 Cylinder Engine Gas/Electric Hybrid,A/T,Black,Beige,At least 1 accident or damage reported,Yes,10900,168422
3179,Maserati,Ghibli S Q4 GranSport,2018,Gasoline,424.0HP 3.0L V6 Cylinder Engine Gasoline Fuel,8-Speed A/T,Black,Black,None reported,Yes,34900,80500
3180,Volvo,XC90 T6 Momentum,2018,Gasoline,316.0HP 2.0L 4 Cylinder Engine Gasoline Fuel,8-Speed A/T,Black,Black,At least 1 accident or damage reported,Yes,28825,81200
3181,Lamborghini,Huracan EVO Base,2020,Gasoline,5.2L V10 40V GDI DOHC,7-Speed Automatic with Auto-Shift,Nero Noctis,Nero Ade,None reported,Yes,267950,6246
3182,Jeep,Wrangler Unlimited Rubicon,2017,Gasoline,285.0HP 3.6L V6 Cylinder Engine Gasoline Fuel,Transmission w/Dual Shift Mode,Gray,Black,None reported,Yes,47500,20172
3183,Hummer,H2 Base,2005,Gasoline,325.0HP 6.0L 8 Cylinder Engine Gasoline Fuel,4-Speed A/T,Green,Black,None reported,Yes,22500,145000
3184,Ford,Flex Limited,2009,Gasoline,262.0HP 3.5L V6 Cylinder Engine Gasoline Fuel,6-Speed A/T,Gray,Black,At least 1 accident or damage reported,Yes,7500,162000
3185,Porsche,718 Cayman GT4,2020,Gasoline,414.0HP 4.0L Flat 6 Cylinder Engine Gasoline Fuel,6-Speed M/T,Blue,Black,None reported,Yes,124995,13554
3186,Toyota,Camry XLE,2007,Gasoline,268.0HP 3.5L V6 Cylinder Engine Gasoline Fuel,6-Speed A/T,Green,Gray,None reported,Yes,9500,59700
3187,Mercedes-Benz,A-Class A 220 4MATIC,2020,Gasoline,2.0L I4 16V GDI DOHC Turbo,7-Speed Automatic with Auto-Shift,Midnight Black,Black,None reported,,28900,30930
3189,Chevrolet,Camaro 2SS,2022,Gasoline,455.0HP 6.2L 8 Cylinder Engine Gasoline Fuel,6-Speed M/T,Blue,Black,None reported,Yes,50000,22000
3190,Volkswagen,ID.4 Pro S,2023,,295.0HP Electric Motor Electric Fuel System,1-Speed A/T,Gray,Black,None reported,Yes,45000,16800
3191,Chevrolet,Silverado 2500 High Country,2022,Diesel,445.0HP 6.6L 8 Cylinder Engine Diesel Fuel,A/T,Black,Black,At least 1 accident or damage reported,Yes,73995,16000
3192,Nissan,Altima 2.5 SV,2020,Gasoline,2.5L I4 16V GDI DOHC,Automatic CVT,Scarlet Ember,Gray,None reported,,23599,22295
3193,Bentley,Continental GT V8,2020,Gasoline,542.0HP 4.0L 8 Cylinder Engine Gasoline Fuel,A/T,Beige,Beige,None reported,Yes,188500,33000
3194,Toyota,Sequoia Platinum,2023,Hybrid,437.0HP 3.4L V6 Cylinder Engine Gas/Electric Hybrid,10-Speed A/T,Black,Black,None reported,Yes,85000,1025
3195,Acura,TL Technology,2013,Gasoline,305.0HP 3.7L V6 Cylinder Engine Gasoline Fuel,6-Speed A/T,Gray,White,At least 1 accident or damage reported,Yes,15499,89190
3196,Toyota,Highlander Limited,2020,Gasoline,3.5L V6 24V PDI DOHC,8-Speed Automatic,Blue,Gray,None reported,Yes,39687,53550
3197,Ford,Edge SEL,2021,Gasoline,2.0L I4 16V GDI DOHC Turbo,8-Speed Automatic,Silver,Ebony,None reported,Yes,26299,56946
3198,Jaguar,F-TYPE R,2016,Gasoline,550.0HP 5.0L 8 Cylinder Engine Gasoline Fuel,8-Speed A/T,Black,Black,None reported,Yes,54900,11684
3199,GMC,Yukon XL Denali,2018,Gasoline,420.0HP 6.2L 8 Cylinder Engine Gasoline Fuel,A/T,White,Gray,None reported,Yes,51000,45617
3200,Chevrolet,Suburban LT,2018,Gasoline,355.0HP 5.3L 8 Cylinder Engine Gasoline Fuel,6-Speed A/T,Gray,Black,None reported,Yes,34500,75466
3201,Maserati,Levante GTS,2021,Gasoline,3.8L V8 32V GDI DOHC Twin Turbo,8-Speed Automatic,Black,Red / Black,At least 1 accident or damage reported,Yes,84645,19513
3202,Subaru,Outback Limited,2021,Gasoline,2.5L H4 16V GDI DOHC,Automatic CVT,Crystal Black Silica,Black,None reported,,33531,15636
3203,Mercedes-Benz,S-Class S 450,2018,Gasoline,362.0HP 3.0L V6 Cylinder Engine Gasoline Fuel,9-Speed A/T,Black,Black,None reported,Yes,40888,69600
3204,Mercedes-Benz,GL-Class GL 450,2011,Gasoline,335.0HP 4.7L 8 Cylinder Engine Gasoline Fuel,A/T,White,Beige,None reported,Yes,16500,138050
3205,Ford,F-250 Lariat,2017,E85 Flex Fuel,385.0HP 6.2L 8 Cylinder Engine Flex Fuel Capability,A/T,Gray,Black,None reported,Yes,35900,132269
3206,Hyundai,Palisade Limited,2020,Gasoline,291.0HP 3.8L V6 Cylinder Engine Gasoline Fuel,Transmission w/Dual Shift Mode,Silver,Black,None reported,Yes,37700,45815
3207,Ford,F-150 XLT,2021,Gasoline,3.5L V6 24V PDI DOHC Twin Turbo,10-Speed Automatic,Gray,Black,None reported,Yes,48459,25352
3208,Mercedes-Benz,R-Class R 350 4MATIC,2008,Gasoline,268.0HP 3.5L V6 Cylinder Engine Gasoline Fuel,7-Speed A/T,Silver,Black,None reported,Yes,8995,120000
3209,Chevrolet,Camaro 2SS,2018,Gasoline,455.0HP 6.2L 8 Cylinder Engine Gasoline Fuel,6-Speed M/T,Gray,Black,At least 1 accident or damage reported,Yes,45000,75151
3210,Jeep,Wrangler Sport,2016,Gasoline,285.0HP 3.6L V6 Cylinder Engine Gasoline Fuel,6-Speed M/T,Red,Black,None reported,Yes,23000,74139
3211,Chevrolet,1500 Cheyenne,1994,–,–,A/T,Red,–,At least 1 accident or damage reported,Yes,6000,170443
3212,Jaguar,XJ6 Vanden Plas,1995,–,–,A/T,Gold,–,None reported,Yes,19000,70000
3213,BMW,550 i xDrive,2012,Gasoline,400.0HP 4.4L 8 Cylinder Engine Gasoline Fuel,Transmission w/Dual Shift Mode,Black,Black,None reported,Yes,17800,68500
3214,Lexus,GX 460 Luxury,2020,Gasoline,4.6L V8 32V MPFI DOHC,6-Speed Automatic,White,–,,,51890,37366
3215,Tesla,Model S Long Range,2021,,670.0HP Electric Motor Electric Fuel System,1-Speed A/T,White,Black,None reported,Yes,66900,35315
3216,Volkswagen,Jetta 1.4T SE,2017,Gasoline,150.0HP 1.4L 4 Cylinder Engine Gasoline Fuel,A/T,White,Black,None reported,Yes,15995,61000
3217,Jeep,Grand Cherokee Limited,2022,Gasoline,3.6L V6 24V MPFI DOHC,8-Speed Automatic,Bright White Clearcoat,Global Black,None reported,,41599,12050
3218,Jaguar,XK8 Base,2001,Gasoline,290.0HP 4.0L 8 Cylinder Engine Gasoline Fuel,5-Speed A/T,Green,White,At least 1 accident or damage reported,Yes,9875,150000
3219,Porsche,Macan S,2016,Gasoline,340.0HP 3.0L V6 Cylinder Engine Gasoline Fuel,Transmission w/Dual Shift Mode,Gray,Gray,At least 1 accident or damage reported,Yes,41500,46200
3220,Mercedes-Benz,E-Class E 350,2014,Gasoline,302.0HP 3.5L V6 Cylinder Engine Gasoline Fuel,A/T,Silver,Black,None reported,Yes,15500,88000
3221,Mercedes-Benz,GL-Class GL 450 4MATIC,2015,Gasoline,362.0HP 3.0L V6 Cylinder Engine Gasoline Fuel,7-Speed A/T,Silver,Black,None reported,Yes,30089,47000
3222,Land,Rover Range Rover 3.0L Supercharged HSE,2017,Gasoline,380.0HP 3.0L V6 Cylinder Engine Gasoline Fuel,8-Speed A/T,White,Beige,At least 1 accident or damage reported,Yes,47000,50340
3223,Mercedes-Benz,E-Class E 350 4MATIC,2010,Gasoline,268.0HP 3.5L V6 Cylinder Engine Gasoline Fuel,7-Speed A/T,Black,Black,None reported,Yes,13999,67800
3224,Dodge,Dakota Sport,2002,Gasoline,175.0HP 3.9L V6 Cylinder Engine Gasoline Fuel,5-Speed M/T,Black,Gray,At least 1 accident or damage reported,Yes,5500,150000
3225,Chevrolet,Camaro ZL1,2018,Gasoline,650.0HP 6.2L 8 Cylinder Engine Gasoline Fuel,6-Speed M/T,Black,Black,At least 1 accident or damage reported,Yes,54000,13500
3226,Hummer,H3 Base,2007,Gasoline,242.0HP 3.7L 5 Cylinder Engine Gasoline Fuel,A/T,White,Black,None reported,Yes,12900,101750
3227,Honda,Odyssey EX-L,2022,Gasoline,280.0HP 3.5L V6 Cylinder Engine Gasoline Fuel,10-Speed A/T,Red,Beige,None reported,Yes,37950,18385
3228,Nissan,350Z Touring,2008,Gasoline,306.0HP 3.5L V6 Cylinder Engine Gasoline Fuel,5-Speed A/T,Gray,Beige,At least 1 accident or damage reported,Yes,13500,123500
3229,GMC,Savana 2500 Work Van,2017,E85 Flex Fuel,342.0HP 6.0L 8 Cylinder Engine Flex Fuel Capability,6-Speed A/T,Silver,Silver,None reported,Yes,38000,117000
3230,Mercedes-Benz,E-Class E 350 4MATIC,2010,Gasoline,268.0HP 3.5L V6 Cylinder Engine Gasoline Fuel,7-Speed A/T,Gray,Black,None reported,Yes,13600,86121
3231,Lexus,GX 460 Premium,2020,Gasoline,301.0HP 4.6L 8 Cylinder Engine Gasoline Fuel,6-Speed A/T,White,Black,None reported,Yes,45900,22466
3232,Nissan,Titan XD SV,2017,Gasoline,390.0HP 5.6L 8 Cylinder Engine Gasoline Fuel,7-Speed A/T,Silver,Black,None reported,Yes,23800,80000
3233,Chrysler,300 Touring,2020,Gasoline,292.0HP 3.6L V6 Cylinder Engine Gasoline Fuel,8-Speed A/T,White,White,None reported,Yes,28250,23152
3234,Dodge,Charger R/T,2006,Gasoline,350.0HP 5.7L 8 Cylinder Engine Gasoline Fuel,5-Speed A/T,Yellow,–,None reported,Yes,9200,91300
3235,Nissan,Pathfinder SL,2020,Gasoline,284.0HP 3.5L V6 Cylinder Engine Gasoline Fuel,CVT Transmission,Black,Black,None reported,Yes,28999,45000
3236,Rivian,R1S Launch Edition,2023,,835.0HP Electric Motor Electric Fuel System,1-Speed A/T,Green,White,None reported,Yes,93500,1885
3237,Ford,Explorer Platinum,2018,Gasoline,3.5L V6 24V GDI DOHC Twin Turbo,6-Speed Automatic,Gray,Ebony Black,At least 1 accident or damage reported,Yes,30510,73049
3238,Nissan,Titan SV,2021,Gasoline,400.0HP 5.6L 8 Cylinder Engine Gasoline Fuel,9-Speed A/T,Black,Black,None reported,Yes,38000,7250
3239,Jaguar,E-PACE S,2019,Gasoline,246.0HP 2.0L 4 Cylinder Engine Gasoline Fuel,A/T,Black,Black,None reported,Yes,29000,44000
3240,Ford,F-150 FX4,2014,Gasoline,411.0HP 6.2L 8 Cylinder Engine Gasoline Fuel,Transmission w/Dual Shift Mode,Black,Black,None reported,Yes,26900,85500
3241,GMC,Acadia Denali,2021,Gasoline,3.6L V6 24V GDI DOHC,9-Speed Automatic,Ebony Twilight Metallic,Jet Black,None reported,Yes,43999,18083
3242,Lamborghini,Murcielago Base,2005,Gasoline,571.0HP 6.2L 12 Cylinder Engine Gasoline Fuel,M/T,Black,Black,None reported,Yes,220000,22703
3243,Chevrolet,Camaro 1LT,2011,Gasoline,312.0HP 3.6L V6 Cylinder Engine Gasoline Fuel,A/T,Blue,Black,None reported,Yes,10900,111000
3244,GMC,Acadia SLT-2,2013,Gasoline,288.0HP 3.6L V6 Cylinder Engine Gasoline Fuel,6-Speed A/T,White,Brown,None reported,Yes,14000,115000
3245,Chevrolet,Malibu Premier,2021,Gasoline,250.0HP 2.0L 4 Cylinder Engine Gasoline Fuel,A/T,White,Black,None reported,Yes,28000,33400
3246,Toyota,Sequoia SR5,2007,Gasoline,273.0HP 4.7L 8 Cylinder Engine Gasoline Fuel,A/T,Black,Beige,None reported,Yes,12500,136000
3247,Lexus,IS 350 F Sport,2021,Gasoline,311.0HP 3.5L V6 Cylinder Engine Gasoline Fuel,8-Speed A/T,Black,Red,None reported,Yes,44000,26800
3248,Tesla,Model Y Performance,2022,,455.0HP Electric Motor Electric Fuel System,A/T,White,White,None reported,Yes,51999,30000
3249,Dodge,Challenger SRT8,2008,Gasoline,425.0HP 6.1L 8 Cylinder Engine Gasoline Fuel,A/T,Silver,Black,None reported,Yes,10500,251634
3250,Chrysler,300 Touring,2005,Gasoline,250.0HP 3.5L V6 Cylinder Engine Gasoline Fuel,A/T,Blue,Beige,None reported,Yes,3500,119000
3251,Cadillac,Escalade Sport Platinum,2021,Gasoline,6.2L V8 16V GDI OHV,10-Speed Automatic,Black Raven,Jet Black,None reported,,89000,28121
3252,Chrysler,Town & Country Touring,2009,Gasoline,197.0HP 3.8L V6 Cylinder Engine Gasoline Fuel,A/T,Blue,Gray,None reported,Yes,7900,111000
3253,Mazda,CX-5 Touring,2016,Gasoline,2.5L I4 16V GDI DOHC,6-Speed Automatic,Blue Reflex Mica,Black,None reported,Yes,14311,116500
3254,Acura,TL 3.2,2005,Gasoline,270.0HP 3.2L V6 Cylinder Engine Gasoline Fuel,A/T,Black,Gray,None reported,Yes,4900,199296
3255,Chevrolet,Corvette Z06 w/2LZ,2023,Gasoline,670.0HP 5.5L 8 Cylinder Engine Gasoline Fuel,Transmission w/Dual Shift Mode,White,Red,None reported,Yes,179000,202
3256,Tesla,Model Y Performance,2021,,455.0HP Electric Motor Electric Fuel System,1-Speed A/T,White,Black,None reported,Yes,47500,11200
3257,Volvo,XC40 T5 Momentum,2020,Gasoline,2.0L I4 16V GDI DOHC Turbo,8-Speed Automatic,White,Charcoal,None reported,,26599,56536
3258,Chevrolet,Camaro 2SS,2016,Gasoline,455.0HP 6.2L 8 Cylinder Engine Gasoline Fuel,8-Speed A/T,Blue,Black,None reported,Yes,32500,49600
3259,Acura,TLX Type S PMC Edition,2023,Gasoline,355.0HP 3.0L V6 Cylinder Engine Gasoline Fuel,10-Speed A/T,Blue,White,None reported,Yes,65000,13600
3260,Volkswagen,Eos 2.0T,2007,Gasoline,200.0HP 2.0L 4 Cylinder Engine Gasoline Fuel,6-Speed A/T,Blue,White,None reported,Yes,10000,59700
3261,Dodge,Charger R/T Scat Pack,2018,Gasoline,485.0HP 6.4L 8 Cylinder Engine Gasoline Fuel,Transmission w/Dual Shift Mode,Purple,Gray,None reported,Yes,44888,19000
3262,Chevrolet,Corvette Z06,2002,Gasoline,405.0HP 5.7L 8 Cylinder Engine Gasoline Fuel,6-Speed M/T,Black,Black,None reported,Yes,33999,17300
3263,Mercedes-Benz,CLA-Class CLA 250,2014,Gasoline,208.0HP 2.0L 4 Cylinder Engine Gasoline Fuel,7-Speed A/T,Gray,Black,None reported,Yes,13500,91140
3264,BMW,M5 Base,2015,Gasoline,560.0HP 4.4L 8 Cylinder Engine Gasoline Fuel,7-Speed A/T,Gray,Black,None reported,Yes,65000,33000
3265,Jeep,Wrangler Unlimited Sport,2019,Gasoline,285.0HP 3.6L V6 Cylinder Engine Gasoline Fuel,8-Speed A/T,Gray,Black,None reported,Yes,39799,52775
3266,Mitsubishi,Lancer Sportback ES,2011,Gasoline,148.0HP 2.0L 4 Cylinder Engine Gasoline Fuel,5-Speed M/T,White,Black,None reported,Yes,5800,113000
3267,Porsche,Macan Base,2022,Gasoline,261.0HP 2.0L 4 Cylinder Engine Gasoline Fuel,A/T,Black,Beige,None reported,Yes,60000,13000
3268,Mercedes-Benz,CLK-Class CLK 350,2009,Gasoline,268.0HP 3.5L V6 Cylinder Engine Gasoline Fuel,Transmission w/Dual Shift Mode,Silver,Black,None reported,Yes,16500,77925
3269,Dodge,Challenger SRT8,2011,–,–,5-Speed A/T,White,White,At least 1 accident or damage reported,Yes,22500,106500
3270,Mazda,Mazda3 Grand Touring,2018,Gasoline,2.5L I4 16V GDI DOHC,6-Speed Automatic,Snowflake White Pearl Metallic,Parchment,At least 1 accident or damage reported,,19212,15175
3271,Audi,A3 2.0T Premium,2017,Gasoline,186.0HP 2.0L 4 Cylinder Engine Gasoline Fuel,7-Speed A/T,White,Gray,None reported,Yes,10995,137000
3272,BMW,528 i,2015,Gasoline,240.0HP 2.0L 4 Cylinder Engine Gasoline Fuel,8-Speed A/T,Gray,–,At least 1 accident or damage reported,Yes,15000,111000
3273,Land,Rover Range Rover 3.0L V6 Supercharged HSE,2019,Gasoline,380.0HP 3.0L V6 Cylinder Engine Gasoline Fuel,Transmission w/Dual Shift Mode,Black,Black,None reported,Yes,62425,49208
3274,Audi,S5 3.0T Prestige,2018,Gasoline,354.0HP 3.0L V6 Cylinder Engine Gasoline Fuel,8-Speed A/T,Gray,Black,None reported,Yes,39000,44000
3275,Porsche,718 Boxster Base,2017,Gasoline,300.0HP 2.0L 4 Cylinder Engine Gasoline Fuel,A/T,Gray,Black,None reported,Yes,45500,26000
3276,Chevrolet,Corvette Stingray w/2LT,2020,Gasoline,490.0HP 6.2L 8 Cylinder Engine Gasoline Fuel,8-Speed A/T,Blue,Black,None reported,Yes,76000,1800
3277,Lamborghini,Urus Pearl Capsule,2021,Gasoline,"4L V-8 gasoline direct injection, DOHC, variable valve control,",Automatic,Grigio Nimbus,Bianco Polar,None reported,,259991,3771
3278,Maserati,Quattroporte S,2012,Gasoline,425.0HP 4.7L 8 Cylinder Engine Gasoline Fuel,6-Speed A/T,White,Black,None reported,Yes,26497,50000
3279,Subaru,Impreza 2.0i,2018,Gasoline,152.0HP 2.0L 4 Cylinder Engine Gasoline Fuel,CVT Transmission,Silver,Black,At least 1 accident or damage reported,Yes,16000,93000
3280,Mercedes-Benz,AMG GT C,2020,Gasoline,550.0HP 4.0L 8 Cylinder Engine Gasoline Fuel,7-Speed A/T,Gray,Black,None reported,Yes,129000,15000
3281,Mazda,Mazda6 i Touring,2016,Gasoline,184.0HP 2.5L 4 Cylinder Engine Gasoline Fuel,Transmission w/Dual Shift Mode,Silver,Black,None reported,Yes,15000,119500
3282,Porsche,Macan S,2016,Gasoline,340.0HP 3.0L V6 Cylinder Engine Gasoline Fuel,7-Speed A/T,Blue,Red,None reported,Yes,36000,50000
3283,Porsche,Panamera 4,2011,Gasoline,300.0HP 3.6L V6 Cylinder Engine Gasoline Fuel,A/T,Gray,Beige,,,21500,85000
3284,Genesis,G70 3.3T Advanced,2019,Gasoline,365.0HP 3.3L V6 Cylinder Engine Gasoline Fuel,8-Speed A/T,Black,Black,None reported,Yes,29999,48000
3285,Jeep,Wrangler Sport,2021,Gasoline,"2L I-4 gasoline direct injection, DOHC, intercooled turbo, engin",Automatic,Granite Crystal Metallic Clearcoat,Black,At least 1 accident or damage reported,,33400,11756
3286,Audi,Q5 2.0T Premium Plus,2018,Gasoline,252.0HP 2.0L 4 Cylinder Engine Gasoline Fuel,Transmission w/Dual Shift Mode,White,Beige,None reported,Yes,28500,50400
3287,BMW,335 i xDrive,2012,Gasoline,300.0HP 3.0L Straight 6 Cylinder Engine Gasoline Fuel,6-Speed M/T,Black,Black,None reported,Yes,17500,153600
3288,Land,Rover Range Rover P530 SE,2023,Gasoline,4.4L V8 32V GDI DOHC Twin Turbo,Automatic,Eiger Grey,Deep Garnet,None reported,Yes,164725,1869
3289,Dodge,Durango SRT 392,2022,Gasoline,475.0HP 6.4L 8 Cylinder Engine Gasoline Fuel,8-Speed A/T,Gray,Black,None reported,Yes,64683,31917
3290,BMW,M3 Base,2016,Gasoline,425.0HP 3.0L Straight 6 Cylinder Engine Gasoline Fuel,6-Speed M/T,Orange,Orange,None reported,Yes,50500,56235
3291,Ford,Fiesta ST,2019,Gasoline,197.0HP 1.6L 4 Cylinder Engine Gasoline Fuel,6-Speed M/T,Gray,Black,At least 1 accident or damage reported,Yes,18300,28724
3292,Lincoln,MKS Base,2015,Gasoline,305.0HP 3.7L V6 Cylinder Engine Gasoline Fuel,6-Speed A/T,White,Black,At least 1 accident or damage reported,Yes,9500,124400
3293,Chevrolet,Tahoe Premier,2020,Gasoline,355.0HP 5.3L 8 Cylinder Engine Gasoline Fuel,6-Speed A/T,Black,Black,None reported,Yes,46000,137000
3294,Ferrari,F430 Berlinetta,2005,Gasoline,483.0HP 4.3L 8 Cylinder Engine Gasoline Fuel,Transmission w/Dual Shift Mode,White,Red,None reported,Yes,99999,38686
3295,Ford,F-250 Platinum,2022,Gasoline,430.0HP 7.3L 8 Cylinder Engine Gasoline Fuel,10-Speed A/T,Blue,Black,At least 1 accident or damage reported,Yes,72900,6600
3296,Mercedes-Benz,SLK-Class SLK280 Roadster,2007,Gasoline,228.0HP 3.0L V6 Cylinder Engine Gasoline Fuel,A/T,Silver,Black,None reported,Yes,11500,67200
3297,Porsche,Macan,2021,Gasoline,2.0 Liter,Automatic,White,Beige,None reported,,51698,16554
3298,BMW,X5 PHEV xDrive45e,2023,Plug-In Hybrid,389.0HP 3.0L Straight 6 Cylinder Engine Plug-In Electric/Gas,8-Speed A/T,Blue,Brown,None reported,Yes,67900,15736
3299,Mercedes-Benz,E-Class E500,2005,Gasoline,302.0HP 5.0L 8 Cylinder Engine Gasoline Fuel,A/T,Gold,Gold,At least 1 accident or damage reported,Yes,5800,153460
3300,Acura,TL 3.7,2012,Gasoline,305.0HP 3.7L V6 Cylinder Engine Gasoline Fuel,A/T,Black,Black,At least 1 accident or damage reported,Yes,15051,70000
3301,Hyundai,Equus Signature,2011,Gasoline,378.0HP 4.6L 8 Cylinder Engine Gasoline Fuel,6-Speed A/T,Gray,Brown,None reported,Yes,9950,143898
3302,Mercedes-Benz,SL-Class SL500 Roadster,2003,Gasoline,302.0HP 5.0L 8 Cylinder Engine Gasoline Fuel,A/T,Gold,Beige,None reported,Yes,22000,26190
3303,Toyota,Land Cruiser Base,2000,Gasoline,230.0HP 4.7L 8 Cylinder Engine Gasoline Fuel,A/T,Black,Beige,None reported,Yes,15900,209193
3304,RAM,2500 Big Horn,2018,Gasoline,6.4L V8 16V MPFI OHV,6-Speed Automatic,Granite Crystal Clearcoat Metallic,Diesel Gray / Black,None reported,Yes,41688,27839
3305,Chevrolet,Silverado 2500 WT,2018,E85 Flex Fuel,6.0L V8 16V MPFI OHV Flexible Fuel,6-Speed Automatic,Summit White,Dark Ash,,,28499,141195
3306,Porsche,Macan S,2022,Gasoline,375.0HP 2.9L V6 Cylinder Engine Gasoline Fuel,7-Speed A/T,White,Beige,None reported,Yes,68500,20250
3307,Jeep,Grand Cherokee L Limited,2022,Gasoline,3.6L V6 24V MPFI DOHC,8-Speed Automatic,Velvet Red Pearlcoat,Global Black,None reported,,41599,18333
3308,Mercedes-Benz,E-Class E 350,2014,Gasoline,302.0HP 3.5L V6 Cylinder Engine Gasoline Fuel,7-Speed A/T,Red,Beige,None reported,Yes,29998,35000
3309,Dodge,Magnum Base,2006,Gasoline,250.0HP 3.5L V6 Cylinder Engine Gasoline Fuel,A/T,Silver,Gray,None reported,Yes,4000,133255
3310,Porsche,Macan Turbo,2021,Gasoline,2.9 Liter Turbo,Automatic,Black,–,None reported,,79998,14526
3311,Mercedes-Benz,E-Class E 550,2014,Gasoline,402.0HP 4.7L 8 Cylinder Engine Gasoline Fuel,A/T,Black,Black,None reported,Yes,23500,43690
3312,Porsche,Macan S,2020,Gasoline,3.0 Liter Turbo,Automatic,White,Red,None reported,,58598,29136
3313,Cadillac,XT5 Luxury,2017,Gasoline,3.6L V6 24V GDI DOHC,8-Speed Automatic,Stellar Black Metallic,Shara Beige,None reported,,24590,72060
3314,Toyota,Tundra Platinum,2023,Gasoline,389.0HP 3.4L V6 Cylinder Engine Gasoline Fuel,A/T,Silver,Black,None reported,Yes,68500,8800
3315,Nissan,Versa 1.6 SL,2015,Gasoline,109.0HP 1.6L 4 Cylinder Engine Gasoline Fuel,CVT Transmission,White,Black,At least 1 accident or damage reported,Yes,8250,85768
3316,Mercedes-Benz,AMG GT 53 Base,2022,Hybrid,429.0HP 3.0L Straight 6 Cylinder Engine Gasoline/Mild Electric Hybrid,Transmission w/Dual Shift Mode,Gray,Red,None reported,Yes,110000,2235
3317,Buick,Enclave Avenir,2019,Gasoline,3.6L V6 24V GDI DOHC,9-Speed Automatic,Dark Slate Metallic,Ebony / Ebony Accents,None reported,Yes,26772,121521
3318,Porsche,911 GT3,2015,Gasoline,475.0HP 3.8L Flat 6 Cylinder Engine Gasoline Fuel,Transmission w/Dual Shift Mode,Black,Black,None reported,Yes,144940,23700
3319,BMW,328 i,2013,Gasoline,230.0HP 3.0L Straight 6 Cylinder Engine Gasoline Fuel,A/T,White,Beige,None reported,Yes,11900,124000
3320,Acura,ILX Premium Package,2018,Gasoline,201.0HP 2.4L 4 Cylinder Engine Gasoline Fuel,A/T,Black,Black,None reported,Yes,20999,32260
3321,Lexus,GX 460 Base,2015,Gasoline,301.0HP 4.6L 8 Cylinder Engine Gasoline Fuel,6-Speed A/T,Black,Black,None reported,Yes,28000,92000
3322,Toyota,Land Cruiser Base,2010,Gasoline,381.0HP 5.7L 8 Cylinder Engine Gasoline Fuel,6-Speed A/T,Black,Beige,At least 1 accident or damage reported,Yes,22500,269885
3323,Chevrolet,Corvette Base,2008,Gasoline,430.0HP 6.2L 8 Cylinder Engine Gasoline Fuel,6-Speed A/T,Red,Red,None reported,Yes,35900,51855
3324,Mazda,Mazda6 i Touring,2015,Gasoline,184.0HP 2.5L 4 Cylinder Engine Gasoline Fuel,6-Speed M/T,White,Beige,At least 1 accident or damage reported,Yes,12900,124000
3325,Jaguar,F-TYPE R,2015,Gasoline,550.0HP 5.0L 8 Cylinder Engine Gasoline Fuel,8-Speed A/T,Blue,Red,None reported,Yes,52500,26000
3326,Audi,A3 2.0T Premium,2018,Gasoline,220.0HP 2.0L 4 Cylinder Engine Gasoline Fuel,6-Speed A/T,Gray,Silver,At least 1 accident or damage reported,Yes,25500,36500
3327,Chevrolet,Camaro 2SS,2022,Gasoline,455.0HP 6.2L 8 Cylinder Engine Gasoline Fuel,10-Speed A/T,Black,Black,None reported,Yes,54900,1400
3328,Jeep,Wrangler Unlimited Sport S,2018,Gasoline,285.0HP 3.6L V6 Cylinder Engine Gasoline Fuel,A/T,Black,Black,None reported,Yes,38500,17000
3329,Honda,Civic Sport,2021,Gasoline,1.5L I4 16V GDI DOHC Turbo,Automatic CVT,Black,Black,None reported,Yes,25698,42750
3330,Porsche,Cayman Base,2011,Gasoline,265.0HP 2.9L Flat 6 Cylinder Engine Gasoline Fuel,6-Speed M/T,White,Beige,None reported,Yes,30000,67998
3331,Ford,Mustang GT,2008,Gasoline,300.0HP 4.6L 8 Cylinder Engine Gasoline Fuel,5-Speed M/T,Black,Red,At least 1 accident or damage reported,Yes,16000,64500
3332,Toyota,FJ Cruiser Base,2007,Gasoline,239.0HP 4.0L V6 Cylinder Engine Gasoline Fuel,6-Speed M/T,Blue,Black,None reported,Yes,24900,102000
3333,Land,Rover Discovery SE,2004,Gasoline,217.0HP 4.6L 8 Cylinder Engine Gasoline Fuel,A/T,Green,Beige,None reported,Yes,15500,145000
3334,Porsche,718 Boxster S,2018,Gasoline,350.0HP 2.5L 4 Cylinder Engine Gasoline Fuel,A/T,Blue,Black,At least 1 accident or damage reported,Yes,55000,50000
3335,Chevrolet,Corvette Base,2004,Gasoline,350.0HP 5.7L 8 Cylinder Engine Gasoline Fuel,A/T,Blue,Beige,None reported,Yes,25500,37622
3336,Toyota,Avalon Limited,2006,Gasoline,268.0HP 3.5L V6 Cylinder Engine Gasoline Fuel,5-Speed A/T,Green,Beige,None reported,Yes,9499,89987
3337,INFINITI,QX80 Base,2015,Gasoline,5.6L V8 32V GDI DOHC,7-Speed Automatic,Black Obsidian,Black,None reported,Yes,20470,136390
3338,Cadillac,DeVille Base,1994,–,–,A/T,Green,Beige,At least 1 accident or damage reported,Yes,2990,90000
3339,Chevrolet,Camaro 2SS,2015,Gasoline,426.0HP 6.2L 8 Cylinder Engine Gasoline Fuel,Transmission w/Dual Shift Mode,Black,Beige,None reported,Yes,33000,27000
3340,Jeep,Liberty Renegade,2004,Gasoline,210.0HP 3.7L V6 Cylinder Engine Gasoline Fuel,4-Speed A/T,Beige,Beige,At least 1 accident or damage reported,Yes,6500,144770
3341,Toyota,4Runner Trail,2011,Gasoline,270.0HP 4.0L V6 Cylinder Engine Gasoline Fuel,Transmission w/Dual Shift Mode,Black,Beige,None reported,Yes,23500,157000
3342,BMW,328 i xDrive,2010,Gasoline,230.0HP 3.0L Straight 6 Cylinder Engine Gasoline Fuel,Transmission w/Dual Shift Mode,Silver,Black,At least 1 accident or damage reported,Yes,8500,132000
3343,Ford,Excursion Limited Ultimate,2002,Diesel,250.0HP 7.3L 8 Cylinder Engine Diesel Fuel,4-Speed A/T,Gold,Gold,None reported,Yes,15000,137000
3344,Lexus,IS 300 Base,2018,Gasoline,260.0HP 3.5L V6 Cylinder Engine Gasoline Fuel,A/T,White,Gray,At least 1 accident or damage reported,Yes,28000,50992
3345,Cadillac,CTS Performance,2010,Gasoline,270.0HP 3.0L V6 Cylinder Engine Gasoline Fuel,6-Speed A/T,Black,Black,None reported,Yes,12900,105760
3346,Lexus,LC 500 Base,2018,Gasoline,471.0HP 5.0L 8 Cylinder Engine Gasoline Fuel,10-Speed A/T,Black,Black,None reported,Yes,68495,29800
3347,BMW,540 i xDrive,2019,Gasoline,335.0HP 3.0L Straight 6 Cylinder Engine Gasoline Fuel,Transmission w/Dual Shift Mode,Blue,Black,At least 1 accident or damage reported,Yes,42000,21000
3348,Chevrolet,Corvette Base,1998,Gasoline,340.0HP 5.7L 8 Cylinder Engine Gasoline Fuel,A/T,Black,Black,None reported,Yes,9900,152195
3349,Hummer,H2 Base,2006,Gasoline,325.0HP 6.0L 8 Cylinder Engine Gasoline Fuel,A/T,Orange,Black,At least 1 accident or damage reported,Yes,16900,169900
3350,Volvo,XC90 3.2,2008,Gasoline,235.0HP 3.2L Straight 6 Cylinder Engine Gasoline Fuel,A/T,Black,Beige,None reported,Yes,6499,196000
3351,Jeep,Wrangler Unlimited Sahara,2009,Gasoline,202.0HP 3.8L V6 Cylinder Engine Gasoline Fuel,A/T,Black,Black,At least 1 accident or damage reported,Yes,9100,180036
3352,Land,Rover Discovery HSE LUXURY,2017,Gasoline,340.0HP 3.0L V6 Cylinder Engine Gasoline Fuel,Transmission w/Dual Shift Mode,Gray,Gray,None reported,Yes,33500,57918
3353,BMW,340 i,2017,Gasoline,320.0HP 3.0L Straight 6 Cylinder Engine Gasoline Fuel,8-Speed A/T,Silver,Black,None reported,Yes,26500,98600
3354,Ford,F-250 Lariat,2018,Diesel,450.0HP 6.7L 8 Cylinder Engine Diesel Fuel,6-Speed A/T,Silver,Black,At least 1 accident or damage reported,Yes,55000,120000
3355,BMW,M3 Competition,2022,Gasoline,503.0HP 3.0L Straight 6 Cylinder Engine Gasoline Fuel,8-Speed A/T,Gray,Orange,None reported,Yes,80000,14269
3356,Lexus,LC 500 Base,2022,Gasoline,471.0HP 5.0L 8 Cylinder Engine Gasoline Fuel,A/T,White,Black,None reported,Yes,89000,6875
3357,Honda,CR-V Touring,2019,Gasoline,1.5L I4 16V GDI DOHC Turbo,Automatic CVT,White,Gray,None reported,,28324,55100
3358,Porsche,Panamera S,2012,Gasoline,400.0HP 4.8L 8 Cylinder Engine Gasoline Fuel,7-Speed A/T,White,Black,,,41500,49000
3359,BMW,750 i,2009,Gasoline,400.0HP 4.4L 8 Cylinder Engine Gasoline Fuel,A/T,White,Brown,None reported,Yes,15000,74600
3360,Audi,A7 3.0T Premium,2019,Hybrid,335.0HP 3.0L V6 Cylinder Engine Gasoline/Mild Electric Hybrid,Transmission w/Dual Shift Mode,Black,Black,At least 1 accident or damage reported,Yes,41500,45900
3361,Chrysler,200 Limited,2015,E85 Flex Fuel,184.0HP 2.4L 4 Cylinder Engine Flex Fuel Capability,A/T,Black,Black,,,12468,95271
3362,Ford,F-150 XL,2021,Gasoline,2.7L V6 24V PDI DOHC Twin Turbo,10-Speed Automatic,Agate Black Metallic,Black,None reported,Yes,33172,88883
3363,Dodge,Grand Caravan R/T,2013,E85 Flex Fuel,283.0HP 3.6L V6 Cylinder Engine Flex Fuel Capability,6-Speed A/T,Red,Black,None reported,Yes,35000,43000
3364,Ford,Focus SE,2018,E85 Flex Fuel,160.0HP 2.0L 4 Cylinder Engine Flex Fuel Capability,A/T,Gray,Black,At least 1 accident or damage reported,Yes,12000,33700
3365,RAM,2500 Big Horn,2016,Diesel,6.7L I6 24V DDI OHV Turbo Diesel,6-Speed Automatic,Bright White Clearcoat,Diesel Gray / Black,None reported,Yes,43640,95115
3366,Lotus,Elise Base,2005,Gasoline,190.0HP 1.8L 4 Cylinder Engine Gasoline Fuel,M/T,Red,Black,,,44000,25250
3367,Chevrolet,Corvette Base,2007,Gasoline,400.0HP 6.0L 8 Cylinder Engine Gasoline Fuel,6-Speed A/T,Red,Red,None reported,Yes,27500,20200
3368,Audi,allroad 2.0T Prestige,2013,Gasoline,211.0HP 2.0L 4 Cylinder Engine Gasoline Fuel,8-Speed A/T,Silver,Black,None reported,Yes,17900,104457
3369,McLaren,570S Spider,2018,Gasoline,3.8L V8 32V MPFI DOHC Twin Turbo,7-Speed Automatic with Auto-Shift,Vega Blue,Black,None reported,,171900,8984
3370,Chevrolet,Express 2500 Work Van,2017,Gasoline,285.0HP 4.8L 8 Cylinder Engine Gasoline Fuel,A/T,Silver,–,None reported,Yes,41400,76000
3371,Chevrolet,Traverse High Country,2020,Gasoline,3.6L V6 24V GDI DOHC,9-Speed Automatic,Stone Gray Metallic,Jet Black,None reported,Yes,39244,56247
3372,Jeep,Wrangler S,1994,–,–,5-Speed M/T,Blue,Gray,None reported,Yes,15000,50750
3373,Acura,ILX Technology Plus Package,2016,Gasoline,201.0HP 2.4L 4 Cylinder Engine Gasoline Fuel,A/T,Black,Black,At least 1 accident or damage reported,Yes,21000,61000
3374,Chevrolet,Camaro 1LT,2019,Gasoline,3.6L V6 GDI DOHC,8-Speed Automatic,Summit White,Jet Black,None reported,,27599,9111
3375,Lexus,ES 350 Base,2015,Gasoline,3.5 Liter,Automatic,Matador Red Mica,Parchment,None reported,,21998,100900
3376,Ford,F-150 XLT,2021,Gasoline,2.7L V6 24V PDI DOHC Twin Turbo,10-Speed Automatic,Black,–,None reported,Yes,43430,24207
3377,Tesla,Model Y Long Range,2022,,Dual Motor - Standard,Automatic,Silver,Black,None reported,,47998,9411
3378,Chevrolet,Corvette Z06,2006,Gasoline,505.0HP 7.0L 8 Cylinder Engine Gasoline Fuel,6-Speed M/T,Silver,Black,None reported,Yes,47500,21000
4538,Porsche,911 Carrera Cabriolet,2001,Gasoline,300.0HP 3.4L Flat 6 Cylinder Engine Gasoline Fuel,6-Speed M/T,Black,Black,None reported,Yes,36000,21450
3379,Cadillac,CTS 3.6L Premium Luxury,2019,Gasoline,335.0HP 3.6L V6 Cylinder Engine Gasoline Fuel,Transmission w/Dual Shift Mode,Silver,Black,At least 1 accident or damage reported,Yes,22500,136150
3380,BMW,M3 Base,2009,Gasoline,420.0HP 4.0L 8 Cylinder Engine Gasoline Fuel,7-Speed A/T,Silver,Gray,At least 1 accident or damage reported,Yes,28750,78414
3381,Mazda,Mazda3 FWD w/Preferred Package,2019,Gasoline,186.0HP 2.5L 4 Cylinder Engine Gasoline Fuel,6-Speed A/T,Red,Beige,None reported,Yes,19900,60800
3382,Ford,Maverick XLT,2022,Hybrid,191.0HP 2.5L 4 Cylinder Engine Gas/Electric Hybrid,CVT Transmission,Gray,Gray,None reported,Yes,34000,16400
3383,Toyota,Highlander Hybrid Limited,2018,Hybrid,306.0HP 3.5L V6 Cylinder Engine Gas/Electric Hybrid,CVT Transmission,Brown,Beige,None reported,Yes,35707,62200
3384,BMW,X6 xDrive40i,2021,Hybrid,3.0 Liter Turbo,SCHEDULED FOR OR IN PRODUCTION,Black Sapphire Metallic,Black,At least 1 accident or damage reported,,53998,72903
3385,Lincoln,Town Car Signature,2003,Gasoline,239.0HP 4.6L 8 Cylinder Engine Gasoline Fuel,4-Speed A/T,Gray,Beige,None reported,Yes,5000,142215
3386,Mercedes-Benz,SL-Class SL550 Roadster,2007,Gasoline,382.0HP 5.5L 8 Cylinder Engine Gasoline Fuel,A/T,Black,Black,None reported,Yes,8000,150000
3387,Ford,Mustang GT,1998,Gasoline,225.0HP 4.6L 8 Cylinder Engine Gasoline Fuel,A/T,Silver,Black,None reported,Yes,12500,49170
3388,Chevrolet,Suburban 1500 LT,2015,Gasoline,355.0HP 5.3L 8 Cylinder Engine Gasoline Fuel,6-Speed A/T,Silver,Black,None reported,Yes,18000,167500
3389,Ford,Fusion SE,2016,Gasoline,231.0HP 2.0L 4 Cylinder Engine Gasoline Fuel,6-Speed A/T,Silver,Brown,None reported,Yes,11000,110450
3390,Audi,S4 3.0T Premium Plus,2014,Gasoline,333.0HP 3.0L V6 Cylinder Engine Gasoline Fuel,6-Speed M/T,Gray,Black,At least 1 accident or damage reported,Yes,23000,106000
3391,Chevrolet,Suburban Premier,2017,Gasoline,355.0HP 5.3L 8 Cylinder Engine Gasoline Fuel,6-Speed A/T,White,Black,None reported,Yes,34900,92728
3392,Ford,Bronco Big Bend,2022,Gasoline,275.0HP 2.3L 4 Cylinder Engine Gasoline Fuel,A/T,Gray,–,None reported,Yes,44000,17000
3393,Ford,F-250 XL,2016,E85 Flex Fuel,385.0HP 6.2L 8 Cylinder Engine Flex Fuel Capability,6-Speed A/T,White,Gray,None reported,Yes,22000,75200
3394,Dodge,Challenger SRT Hellcat,2015,Gasoline,707.0HP 6.2L 8 Cylinder Engine Gasoline Fuel,A/T,Green,Black,None reported,Yes,64990,1800
3395,Toyota,Tacoma TRD Sport,2019,Gasoline,3.5 Liter,Automatic,Barcelona Red,Black,None reported,,39598,36283
3396,Audi,Q5 S line Premium Plus,2023,Hybrid,2.0 Liter TFSI,Automatic,Mythos Black Metallic,Rock Gray,None reported,,47798,6682
3397,Jeep,Wrangler Sport,2018,Gasoline,2.0L I4 16V GDI DOHC Turbo,8-Speed Automatic,Black Clearcoat,Black,None reported,,28999,23399
3398,Genesis,G80 3.8,2017,Gasoline,311.0HP 3.8L V6 Cylinder Engine Gasoline Fuel,8-Speed A/T,Brown,Beige,None reported,Yes,29500,29720
3399,Mercedes-Benz,SL-Class SL63 AMG Roadster,2009,Gasoline,518.0HP 6.3L 8 Cylinder Engine Gasoline Fuel,A/T,Black,Black,None reported,Yes,44850,56000
3400,Lexus,LX 570 Three-Row,2020,Gasoline,383.0HP 5.7L 8 Cylinder Engine Gasoline Fuel,A/T,Silver,Beige,None reported,Yes,73000,59419
3401,Kia,Stinger GT2,2018,Gasoline,365.0HP 3.3L V6 Cylinder Engine Gasoline Fuel,8-Speed A/T,Red,Black,None reported,Yes,32500,69100
3402,Nissan,GT-R Premium,2021,Gasoline,3.8L V6 24V MPFI DOHC Twin Turbo,6-Speed Automatic with Auto-Shift,Bayside Blue,Gray,None reported,Yes,131999,22185
3403,Chevrolet,Trailblazer SS,2008,Gasoline,390.0HP 6.0L 8 Cylinder Engine Gasoline Fuel,A/T,White,Black,None reported,Yes,47900,29586
3404,Chevrolet,Silverado 2500 WT,2021,Gasoline,6.6L V8 16V GDI OHV,Automatic,Silver Ice Metallic,Jet Black,None reported,Yes,41885,63866
3405,Chevrolet,Suburban LTZ,2016,Gasoline,5.3L V8 16V GDI OHV,6-Speed Automatic,Tungsten Metallic,Cocoa / Dune,,,29748,135484
3406,Mercedes-Benz,E-Class E 350,2014,Gasoline,302.0HP 3.5L V6 Cylinder Engine Gasoline Fuel,7-Speed A/T,Silver,Black,At least 1 accident or damage reported,Yes,17900,78500
3407,BMW,M3 Base,2012,Gasoline,414.0HP 4.0L 8 Cylinder Engine Gasoline Fuel,7-Speed A/T,Silver,Red,,,51900,7982
3408,Bentley,Continental GT V8,2022,Gasoline,"4L V-8 gasoline direct injection, DOHC, variable valve control,",Automatic,Onyx Black,Beluga,None reported,,269991,1795
3409,Volkswagen,Golf R Base,2022,Gasoline,315.0HP 2.0L 4 Cylinder Engine Gasoline Fuel,7-Speed A/T,White,Blue,None reported,Yes,48000,1067
3410,Ford,Explorer Limited,2017,Gasoline,290.0HP 3.5L V6 Cylinder Engine Gasoline Fuel,6-Speed A/T,Gray,Black,None reported,Yes,15499,152000
3411,Honda,Odyssey LX,2011,Gasoline,248.0HP 3.5L V6 Cylinder Engine Gasoline Fuel,A/T,Purple,–,None reported,Yes,8900,185000
3412,Dodge,Ram 2500 SLT Mega Cab,2007,Diesel,350.0HP 6.7L Straight 6 Cylinder Engine Diesel Fuel,A/T,Red,Gray,None reported,Yes,19998,97724
3413,Honda,Civic Sport,2020,Gasoline,2.0L I4 16V MPFI DOHC,Automatic CVT,Red,Black,,,25980,22227
3414,Honda,Civic LX,2016,Gasoline,158.0HP 2.0L 4 Cylinder Engine Gasoline Fuel,A/T,Blue,Black,None reported,Yes,13000,111000
3415,Ford,F-250 XLT,2019,E85 Flex Fuel,385.0HP 6.2L 8 Cylinder Engine Flex Fuel Capability,6-Speed A/T,White,Gray,None reported,Yes,46500,32268
3416,Nissan,Pathfinder SV,2019,Gasoline,3.5 Liter,Automatic,Gray,Black,None reported,,18998,122009
3417,Land,Rover Range Rover HSE SWB,2020,Hybrid,395.0HP 3.0L Straight 6 Cylinder Engine Gasoline/Mild Electric Hybrid,A/T,Black,Black,None reported,Yes,63995,57785
3418,BMW,M3 Base,2002,Gasoline,333.0HP 3.2L Straight 6 Cylinder Engine Gasoline Fuel,6-Speed M/T,Silver,Black,At least 1 accident or damage reported,Yes,21500,204884
3419,Hummer,H2 Base,2003,Gasoline,316.0HP 6.0L 8 Cylinder Engine Gasoline Fuel,A/T,White,Brown,At least 1 accident or damage reported,Yes,15000,179400
3420,Mazda,RX-8 R3,2009,Gasoline,232.0HP 1.3L Rotary engine Gasoline Fuel,6-Speed M/T,Red,Black,None reported,Yes,14000,57000
3421,Lexus,LX 570 Three-Row,2021,Gasoline,383.0HP 5.7L 8 Cylinder Engine Gasoline Fuel,A/T,Green,Brown,None reported,Yes,87000,25997
3422,Chevrolet,Suburban Z71,2022,Gasoline,5.3L V8 16V GDI OHV,Automatic,Summit White,Jet Black,None reported,Yes,64288,36555
3423,Mercedes-Benz,S-Class S 580 4MATIC,2023,Gasoline,4.0L V8 32V GDI DOHC Twin Turbo,9-Speed Automatic,Black,Black,None reported,Yes,122950,989
3424,Chevrolet,Corvette Base,2007,Gasoline,400.0HP 6.0L 8 Cylinder Engine Gasoline Fuel,Transmission w/Dual Shift Mode,Red,Gray,None reported,Yes,32000,28514
3425,Ford,Mustang GT Premium,2019,Gasoline,460.0HP 5.0L 8 Cylinder Engine Gasoline Fuel,10-Speed A/T,Red,Gray,None reported,Yes,40000,10400
3426,Chevrolet,Equinox Premier w/2LZ,2020,Gasoline,2.0L I4 16V GDI DOHC Turbo,9-Speed Automatic,Iridescent Pearl Tricoat,Jet Black,At least 1 accident or damage reported,,25800,51133
3427,Chevrolet,Camaro Z28,1999,Gasoline,305.0HP 5.7L 8 Cylinder Engine Gasoline Fuel,A/T,White,White,None reported,Yes,15000,58800
3428,Land,Rover Discovery HSE,2018,Gasoline,340.0HP 3.0L V6 Cylinder Engine Gasoline Fuel,8-Speed A/T,Gray,Black,None reported,Yes,33000,85000
3429,Jeep,Wrangler SE,2000,Gasoline,120.0HP 2.5L 4 Cylinder Engine Gasoline Fuel,5-Speed M/T,Black,Black,None reported,Yes,11999,95200
3430,Toyota,Highlander XLE,2015,Gasoline,270.0HP 3.5L V6 Cylinder Engine Gasoline Fuel,A/T,Silver,Gray,At least 1 accident or damage reported,Yes,26000,68575
3431,Chevrolet,Corvette Grand Sport,2011,Gasoline,430.0HP 6.2L 8 Cylinder Engine Gasoline Fuel,6-Speed A/T,Red,Black,None reported,Yes,45000,12300
3432,Chevrolet,Corvette Stingray,2018,Gasoline,455.0HP 6.2L 8 Cylinder Engine Gasoline Fuel,8-Speed A/T,White,Red,None reported,Yes,54490,13900
3433,Mercedes-Benz,SLK-Class SLK230 Kompressor,2001,Gasoline,190.0HP 2.3L 4 Cylinder Engine Gasoline Fuel,A/T,Silver,Black,None reported,Yes,9000,58800
3434,Nissan,Juke NISMO RS,2016,Gasoline,215.0HP 1.6L 4 Cylinder Engine Gasoline Fuel,6-Speed M/T,Black,Black,At least 1 accident or damage reported,Yes,21500,30700
3435,Porsche,911 Carrera C2S,2005,Gasoline,355.0HP 3.8L Flat 6 Cylinder Engine Gasoline Fuel,6-Speed M/T,Silver,Black,None reported,Yes,44800,104000
3436,Chevrolet,Colorado LT,2019,Gasoline,3.6L V6 24V GDI DOHC,Automatic,Red,Jet Black,At least 1 accident or damage reported,Yes,24899,139116
3437,Porsche,Macan S,2019,Gasoline,348.0HP 3.0L V6 Cylinder Engine Gasoline Fuel,7-Speed A/T,Blue,Blue,At least 1 accident or damage reported,Yes,48990,36700
3438,Mercedes-Benz,GLE 350 Base 4MATIC,2022,Gasoline,255.0HP 2.0L 4 Cylinder Engine Gasoline Fuel,9-Speed A/T,White,Beige,None reported,Yes,82150,24500
3439,Toyota,Land Cruiser Base,2017,Gasoline,381.0HP 5.7L 8 Cylinder Engine Gasoline Fuel,A/T,Black,Brown,At least 1 accident or damage reported,Yes,65000,65000
3440,BMW,X6 xDrive40i,2021,Hybrid,3.0 Liter Turbo,Automatic,Mineral White,Black,None reported,,61998,27654
3441,Rivian,R1S Adventure Package,2023,,835.0HP Electric Motor Electric Fuel System,A/T,Black,Black,None reported,Yes,92500,542
3442,Toyota,Highlander Platinum,2020,Gasoline,295.0HP 3.5L V6 Cylinder Engine Gasoline Fuel,8-Speed A/T,Blue,Black,None reported,Yes,38700,41000
3443,Mercedes-Benz,SL-Class SL 63 AMG,2011,Gasoline,518.0HP 6.3L 8 Cylinder Engine Gasoline Fuel,7-Speed A/T,White,Black,At least 1 accident or damage reported,Yes,41000,47400
3444,Ford,Thunderbird Deluxe,2002,Gasoline,252.0HP 3.9L 8 Cylinder Engine Gasoline Fuel,A/T,Yellow,Black,None reported,Yes,18500,40110
3445,RAM,2500 Big Horn,2014,Gasoline,410.0HP 6.4L 8 Cylinder Engine Gasoline Fuel,6-Speed A/T,Silver,–,None reported,Yes,30000,124700
3446,Ford,F-350 XLT,2013,E85 Flex Fuel,316.0HP 6.2L 8 Cylinder Engine Flex Fuel Capability,A/T,Black,Gray,At least 1 accident or damage reported,Yes,35000,31000
3447,Toyota,RAV4 Prime XSE,2022,Plug-In Hybrid,302.0HP 2.5L 4 Cylinder Engine Plug-In Electric/Gas,A/T,Gray,Black,None reported,Yes,49000,7100
3448,Jeep,Grand Cherokee Limited,2018,Gasoline,3.6L V6 24V MPFI DOHC,8-Speed Automatic,Granite Crystal Clearcoat Metallic,Black,None reported,,26816,91677
3449,Ford,Focus SE,2009,Gasoline,132.0HP 2.0L 4 Cylinder Engine Gasoline Fuel,A/T,White,Black,None reported,Yes,9500,107500
3450,Porsche,911 Carrera 4 GTS,2023,Gasoline,473.0HP 3.0L Flat 6 Cylinder Engine Gasoline Fuel,8-Speed A/T,Beige,Brown,None reported,Yes,194965,1518
3451,Chevrolet,Corvette Stingray w/2LT,2023,Gasoline,490.0HP 6.2L 8 Cylinder Engine Gasoline Fuel,8-Speed A/T,White,Red,None reported,Yes,88900,5200
3452,Ford,F-150 XLT SuperCab,1999,Gasoline,220.0HP 4.6L 8 Cylinder Engine Gasoline Fuel,A/T,White,Gray,None reported,Yes,9500,48054
3453,Porsche,Macan Base,2018,Gasoline,252.0HP 2.0L 4 Cylinder Engine Gasoline Fuel,Transmission w/Dual Shift Mode,Blue,Beige,None reported,Yes,28000,87500
3454,Acura,ZDX Base,2012,Gasoline,300.0HP 3.7L V6 Cylinder Engine Gasoline Fuel,6-Speed A/T,White,Gray,None reported,Yes,19000,106335
3455,Chevrolet,Suburban Premier,2017,Gasoline,5.3L V8 16V GDI OHV,6-Speed Automatic,Siren Red Tintcoat,Jet Black,At least 1 accident or damage reported,Yes,29999,133598
3456,Chevrolet,Traverse Premier,2018,Gasoline,3.6L V6 24V GDI DOHC,9-Speed Automatic,Silver Ice Metallic,Jet Black,None reported,Yes,30989,68455
3457,Mercedes-Benz,E-Class E 400,2018,Gasoline,329.0HP 3.0L V6 Cylinder Engine Gasoline Fuel,A/T,White,Beige,None reported,Yes,38880,28690
3458,BMW,M3 Base,2012,Gasoline,414.0HP 4.0L 8 Cylinder Engine Gasoline Fuel,7-Speed A/T,Black,Red,At least 1 accident or damage reported,Yes,31000,83000
3459,Ford,F-250 XLT,2019,Diesel,450.0HP 6.7L 8 Cylinder Engine Diesel Fuel,6-Speed A/T,Blue,–,None reported,Yes,54500,38600
3460,Toyota,Highlander SE,2019,Gasoline,295.0HP 3.5L V6 Cylinder Engine Gasoline Fuel,A/T,Red,Beige,At least 1 accident or damage reported,Yes,30000,92000
3461,Saturn,Sky Red Line,2009,Gasoline,260.0HP 2.0L 4 Cylinder Engine Gasoline Fuel,5-Speed M/T,Blue,Black,At least 1 accident or damage reported,Yes,9500,134000
3462,Lexus,LS 460 Base,2012,Gasoline,380.0HP 4.6L 8 Cylinder Engine Gasoline Fuel,A/T,White,Beige,None reported,Yes,20500,103000
3463,Honda,CR-V LX,2004,Gasoline,160.0HP 2.4L 4 Cylinder Engine Gasoline Fuel,M/T,Gray,Gray,None reported,Yes,3750,176261
3464,Ford,Mustang GT Premium,2010,Gasoline,315.0HP 4.6L 8 Cylinder Engine Gasoline Fuel,5-Speed M/T,White,Red,At least 1 accident or damage reported,Yes,20000,58500
3465,Ford,F-250 Limited,2018,Diesel,450.0HP 6.7L 8 Cylinder Engine Diesel Fuel,A/T,Red,Beige,None reported,Yes,64000,64000
3466,Porsche,Boxster Black Edition,2016,Gasoline,265.0HP 2.7L Flat 6 Cylinder Engine Gasoline Fuel,Transmission w/Dual Shift Mode,Black,Black,At least 1 accident or damage reported,Yes,49999,24881
3467,Chevrolet,Corvette Base,1998,Gasoline,340.0HP 5.7L 8 Cylinder Engine Gasoline Fuel,A/T,Red,Beige,None reported,Yes,11500,134000
3468,Ford,Explorer XLT,2013,Gasoline,290.0HP 3.5L V6 Cylinder Engine Gasoline Fuel,6-Speed A/T,White,Gray,At least 1 accident or damage reported,Yes,16000,82900
3469,BMW,Z4 3.0si,2008,Gasoline,255.0HP 3.0L Straight 6 Cylinder Engine Gasoline Fuel,6-Speed M/T,Gray,Black,None reported,Yes,18200,59257
3470,Lexus,RX 350 F Sport,2016,Gasoline,295.0HP 3.5L V6 Cylinder Engine Gasoline Fuel,8-Speed A/T,Gray,Red,At least 1 accident or damage reported,Yes,26000,81400
3471,Hyundai,Accent SEL,2022,Gasoline,120.0HP 1.6L 4 Cylinder Engine Gasoline Fuel,A/T,Blue,Black,None reported,Yes,19500,5100
3472,Ford,Expedition Max XLT,2020,Gasoline,375.0HP 3.5L V6 Cylinder Engine Gasoline Fuel,A/T,Purple,Black,None reported,Yes,38500,67072
3473,BMW,328 i xDrive,2016,Gasoline,240.0HP 2.0L 4 Cylinder Engine Gasoline Fuel,Transmission w/Dual Shift Mode,Silver,Black,None reported,Yes,19500,65000
3474,Ford,Fusion SE,2014,Gasoline,175.0HP 2.5L 4 Cylinder Engine Gasoline Fuel,A/T,Blue,Beige,None reported,Yes,10000,80800
3475,Ford,F-150 XLT,2020,Gasoline,375.0HP 3.5L V6 Cylinder Engine Gasoline Fuel,10-Speed A/T,Gray,Black,None reported,Yes,39500,53401
3476,Ford,F-150 Platinum,2021,Gasoline,5.0L 8 Cylinder,10-Speed Automatic,Blue,Black,None reported,Yes,62890,15555
3477,Dodge,Ram 1500 SLT Mega Cab,2006,Gasoline,345.0HP 5.7L 8 Cylinder Engine Gasoline Fuel,5-Speed A/T,Gray,Gray,At least 1 accident or damage reported,Yes,11000,201509
3478,Honda,Civic EX,2013,Gasoline,140.0HP 1.8L 4 Cylinder Engine Gasoline Fuel,A/T,Silver,Black,None reported,Yes,14000,107000
3479,Land,Rover Range Rover Velar P250 S R-Dynamic,2020,Gasoline,247.0HP 2.0L 4 Cylinder Engine Gasoline Fuel,A/T,Silver,Beige,None reported,Yes,44000,30500
3480,Toyota,Tacoma Base,2011,Gasoline,159.0HP 2.7L 4 Cylinder Engine Gasoline Fuel,5-Speed M/T,Gray,Gray,None reported,Yes,20000,36000
3481,Ford,F-250 XLT,2019,E85 Flex Fuel,385.0HP 6.2L 8 Cylinder Engine Flex Fuel Capability,A/T,Black,Gray,At least 1 accident or damage reported,Yes,45998,38514
3482,Mercedes-Benz,Sprinter 2500 Standard Roof,2022,Gasoline,188.0HP 2.0L 4 Cylinder Engine Gasoline Fuel,A/T,White,Black,None reported,Yes,64000,4590
3483,RAM,2500 Big Horn,2019,Diesel,370.0HP 6.7L Straight 6 Cylinder Engine Diesel Fuel,A/T,White,Gray,At least 1 accident or damage reported,Yes,45000,97000
3484,BMW,328 i xDrive,2011,Gasoline,230.0HP 3.0L Straight 6 Cylinder Engine Gasoline Fuel,6-Speed A/T,Black,Beige,At least 1 accident or damage reported,Yes,6000,110000
3485,Ford,Explorer XLT,2017,E85 Flex Fuel,290.0HP 3.5L V6 Cylinder Engine Flex Fuel Capability,6-Speed A/T,Red,Gray,At least 1 accident or damage reported,Yes,25000,53000
3486,Chevrolet,Suburban LTZ,2016,E85 Flex Fuel,355.0HP 5.3L 8 Cylinder Engine Flex Fuel Capability,A/T,Brown,Brown,None reported,Yes,30999,110000
3487,Mazda,MX-5 Miata Sport,2006,Gasoline,170.0HP 2.0L 4 Cylinder Engine Gasoline Fuel,6-Speed M/T,Black,Black,At least 1 accident or damage reported,Yes,4999,218000
3488,INFINITI,G35 Base,2003,Gasoline,280.0HP 3.5L V6 Cylinder Engine Gasoline Fuel,6-Speed M/T,Red,Beige,None reported,Yes,9500,106500
3489,Chevrolet,Express 2500 Work Van,2012,E85 Flex Fuel,324.0HP 6.0L 8 Cylinder Engine Flex Fuel Capability,A/T,White,Gray,None reported,Yes,11800,140500
3490,Ford,Explorer Eddie Bauer,2010,Gasoline,210.0HP 4.0L V6 Cylinder Engine Gasoline Fuel,5-Speed A/T,Black,Beige,None reported,Yes,9999,144200
3491,Chevrolet,Suburban RST,2022,Diesel,277.0HP 3.0L Straight 6 Cylinder Engine Diesel Fuel,10-Speed A/T,Gray,Black,None reported,Yes,69000,21400
3492,Mercedes-Benz,GL-Class GL 550 4MATIC,2015,Gasoline,429.0HP 4.7L 8 Cylinder Engine Gasoline Fuel,7-Speed A/T,Blue,Black,None reported,Yes,24500,130000
3493,Ford,Focus SE,2012,Gasoline,160.0HP 2.0L 4 Cylinder Engine Gasoline Fuel,6-Speed A/T,Blue,Gray,None reported,Yes,6500,108045
3494,Subaru,Crosstrek Premium,2022,Gasoline,152.0HP 2.0L 4 Cylinder Engine Gasoline Fuel,CVT Transmission,White,Black,None reported,Yes,28000,10000
3495,Hyundai,Genesis Coupe 3.8 Track,2011,Gasoline,306.0HP 3.8L V6 Cylinder Engine Gasoline Fuel,Transmission w/Dual Shift Mode,Red,Black,At least 1 accident or damage reported,Yes,12000,75000
3496,Chrysler,Town & Country LX,2009,Gasoline,170.0HP 3.3L V6 Cylinder Engine Gasoline Fuel,A/T,Silver,Gray,At least 1 accident or damage reported,Yes,7858,73500
3497,Porsche,Panamera Turbo,2018,Gasoline,550.0HP 4.0L 8 Cylinder Engine Gasoline Fuel,8-Speed A/T,Silver,Red,None reported,Yes,89750,29850
3498,Honda,Pilot EX-L,2016,Gasoline,280.0HP 3.5L V6 Cylinder Engine Gasoline Fuel,6-Speed A/T,White,Beige,At least 1 accident or damage reported,Yes,19900,135350
3499,Mercedes-Benz,GLC 300 GLC 300,2022,Gasoline,2.0 Liter Turbo,Automatic,Black,Black,None reported,,40998,16983
3500,Audi,A8 L 55,2019,Hybrid,335.0HP 3.0L V6 Cylinder Engine Gasoline/Mild Electric Hybrid,8-Speed A/T,Black,Black,None reported,Yes,49500,35580
3501,Ford,Edge SE,2020,Gasoline,250.0HP 2.0L 4 Cylinder Engine Gasoline Fuel,8-Speed A/T,White,Beige,None reported,Yes,18900,71200
3502,Dodge,Durango GT,2022,Gasoline,3.6L V6 24V MPFI DOHC,8-Speed Automatic,Octane Red Pearlcoat,Black,At least 1 accident or damage reported,,36599,24778
3503,BMW,328 i,2015,Gasoline,240.0HP 2.0L 4 Cylinder Engine Gasoline Fuel,A/T,Black,Beige,None reported,Yes,13349,109330
3504,Alfa,Romeo Stelvio Ti,2023,Gasoline,2.0L I4 16V GDI SOHC Turbo,8-Speed Automatic,Alfa White,Black,None reported,,43900,6645
3505,Mercedes-Benz,GL-Class GL 450 4MATIC,2007,Gasoline,335.0HP 4.7L 8 Cylinder Engine Gasoline Fuel,7-Speed A/T,Silver,Beige,None reported,Yes,10199,90400
3506,Ford,Ranger XLT SuperCab,2002,Gasoline,207.0HP 4.0L V6 Cylinder Engine Gasoline Fuel,5-Speed A/T,Gold,Beige,At least 1 accident or damage reported,Yes,6450,192100
3507,BMW,M3 CS,2018,Gasoline,453.0HP 3.0L Straight 6 Cylinder Engine Gasoline Fuel,Transmission w/Dual Shift Mode,White,Black,None reported,Yes,70000,32000
3508,Volkswagen,Golf GTI 2.0T Autobahn,2022,Gasoline,241.0HP 2.0L 4 Cylinder Engine Gasoline Fuel,A/T,Green,Black,None reported,Yes,41500,6400
3509,Toyota,4Runner SR5 Premium,2021,Gasoline,270.0HP 4.0L V6 Cylinder Engine Gasoline Fuel,A/T,Black,–,None reported,Yes,36990,36180
3510,GMC,Yukon SLT,2014,E85 Flex Fuel,320.0HP 5.3L 8 Cylinder Engine Flex Fuel Capability,A/T,Black,Black,At least 1 accident or damage reported,Yes,13500,142400
3511,Cadillac,ATS 2.0L Turbo Luxury,2016,Gasoline,272.0HP 2.0L 4 Cylinder Engine Gasoline Fuel,8-Speed A/T,Red,Beige,None reported,Yes,16500,83000
3512,Nissan,Xterra S,2012,Gasoline,261.0HP 4.0L V6 Cylinder Engine Gasoline Fuel,A/T,Black,Gray,None reported,Yes,14800,80000
3513,Ford,Bronco Badlands,2021,Gasoline,315.0HP 2.7L V6 Cylinder Engine Gasoline Fuel,10-Speed A/T,Gray,Black,None reported,Yes,51000,32437
3514,BMW,328 i,2011,Gasoline,230.0HP 3.0L Straight 6 Cylinder Engine Gasoline Fuel,6-Speed A/T,White,Beige,None reported,Yes,18000,67500
3515,Toyota,4Runner Limited,2021,Gasoline,"4L V-6 DOHC, VVT-i variable valve control, engine with 270HP",Automatic,Midnight Black Metallic,–,None reported,,43837,25882
3516,Porsche,911 Turbo,2018,Gasoline,540.0HP 3.8L Flat 6 Cylinder Engine Gasoline Fuel,A/T,Gray,Black,None reported,Yes,169000,12088
3517,Toyota,Tundra SR5 Double Cab,2005,Gasoline,282.0HP 4.7L 8 Cylinder Engine Gasoline Fuel,A/T,Silver,Beige,At least 1 accident or damage reported,Yes,11200,170000
3518,Ford,F-250 Lariat,2023,Diesel,475.0HP 6.7L 8 Cylinder Engine Diesel Fuel,10-Speed A/T,Red,Black,None reported,Yes,92000,3763
3519,Land,Rover Range Rover Velar P380 S,2018,Gasoline,380.0HP 3.0L V6 Cylinder Engine Gasoline Fuel,A/T,Red,Beige,None reported,Yes,40000,46000
3520,Ford,F-250 XLT Crew Cab Super Duty,2008,Diesel,350.0HP 6.4L 8 Cylinder Engine Diesel Fuel,A/T,White,Beige,None reported,Yes,15900,190321
3521,Porsche,Macan S,2018,Gasoline,340.0HP 3.0L V6 Cylinder Engine Gasoline Fuel,7-Speed A/T,Black,Black,None reported,Yes,39750,40950
3522,Mercedes-Benz,C-Class C 63 AMG,2014,Gasoline,451.0HP 6.2L 8 Cylinder Engine Gasoline Fuel,7-Speed A/T,Gray,Black,None reported,Yes,45000,42000
3523,Nissan,Pathfinder S,2014,Gasoline,260.0HP 3.5L V6 Cylinder Engine Gasoline Fuel,A/T,White,Brown,None reported,Yes,8500,135000
3524,Jeep,Gladiator Overland,2020,Gasoline,3.6L V6 24V MPFI DOHC,8-Speed Automatic,Firecracker Red Clearcoat,Black,,,42850,20655
3525,Porsche,911 Carrera S,2023,Gasoline,443.0HP 3.0L Flat 6 Cylinder Engine Gasoline Fuel,8-Speed A/T,Red,Red,None reported,Yes,185950,1877
3526,Ford,F-250 XLT,2019,Diesel,450.0HP 6.7L 8 Cylinder Engine Diesel Fuel,6-Speed A/T,Black,Gray,None reported,Yes,59000,33000
3527,Ford,Fusion SE,2016,Gasoline,175.0HP 2.5L 4 Cylinder Engine Gasoline Fuel,A/T,Black,Black,None reported,Yes,12500,68000
3528,Honda,Accord Sport,2013,Gasoline,185.0HP 2.4L 4 Cylinder Engine Gasoline Fuel,CVT Transmission,Black,Black,None reported,Yes,6000,405000
3529,BMW,330 i xDrive,2018,Gasoline,248.0HP 2.0L 4 Cylinder Engine Gasoline Fuel,8-Speed A/T,Black,Beige,None reported,Yes,17000,117000
3530,Acura,MDX Sport,2007,Gasoline,300.0HP 3.7L V6 Cylinder Engine Gasoline Fuel,5-Speed A/T,White,Beige,At least 1 accident or damage reported,Yes,7700,183455
3531,Chevrolet,Suburban Premier,2021,Gasoline,5.3L V8 16V GDI OHV,10-Speed Automatic,Shadow Gray Metallic,Jet Black,None reported,Yes,59980,51890
3532,Chevrolet,Suburban High Country,2021,Gasoline,6.2L V8 16V GDI OHV,10-Speed Automatic,Satin Steel Metallic,Jet Black,None reported,Yes,68995,59528
3533,Cadillac,CTS-V Base,2006,Gasoline,400.0HP 6.0L 8 Cylinder Engine Gasoline Fuel,6-Speed M/T,Black,Black,None reported,Yes,15000,123000
3534,Kia,Niro EV EX,2022,,201.0HP Electric Motor Electric Fuel System,1-Speed A/T,Silver,Black,None reported,Yes,29998,20000
3535,BMW,X3 xDrive30i,2021,Gasoline,2.0L I4 16V GDI DOHC Turbo,8-Speed Automatic,Phytonic Blue Metallic,Canberra Beige,None reported,,37400,38352
3536,Porsche,Taycan Base,2021,,321.0HP Electric Motor Electric Fuel System,2-Speed A/T,Black,Beige,At least 1 accident or damage reported,Yes,83499,13344
3537,Honda,S2000 CR,2008,Gasoline,237.0HP 2.2L 4 Cylinder Engine Gasoline Fuel,M/T,Yellow,Black,None reported,Yes,62000,44300
3538,Lexus,HS 250h Premium,2010,Hybrid,147.0HP 2.4L 4 Cylinder Engine Gas/Electric Hybrid,A/T,Red,Black,At least 1 accident or damage reported,Yes,9500,123500
3539,Lincoln,Navigator Base,2013,E85 Flex Fuel,310.0HP 5.4L 8 Cylinder Engine Flex Fuel Capability,6-Speed A/T,Red,Black,None reported,Yes,21500,134000
3540,Ford,F-150 XLT,2020,Gasoline,375.0HP 3.5L V6 Cylinder Engine Gasoline Fuel,10-Speed A/T,Gray,Gray,At least 1 accident or damage reported,Yes,37500,57000
3541,Kia,K5 GT-Line,2021,Gasoline,1.6L I4 16V GDI DOHC Turbo,8-Speed Automatic,Wolf Gray,Black,None reported,,19980,100312
3542,Bentley,Continental GT W12,2021,Gasoline,"6L W-12 port/direct injection, DOHC, variable valve control, twi",Automatic,Fountain Blue,Linen,None reported,,239991,16146
3543,Tesla,Model S Performance,2012,,416.0HP Electric Motor Electric Fuel System,A/T,Green,Black,None reported,Yes,29000,61000
3544,BMW,Z4 sDrive28i,2014,Gasoline,240.0HP 2.0L 4 Cylinder Engine Gasoline Fuel,8-Speed A/T,Blue,Beige,None reported,Yes,34500,15889
3545,BMW,528 i xDrive,2015,Gasoline,240.0HP 2.0L 4 Cylinder Engine Gasoline Fuel,A/T,Black,Black,At least 1 accident or damage reported,Yes,12950,125500
3546,Ford,Expedition Limited,2013,E85 Flex Fuel,310.0HP 5.4L 8 Cylinder Engine Flex Fuel Capability,A/T,Gray,Black,None reported,Yes,16490,163500
3547,Buick,Enclave Leather,2015,Gasoline,288.0HP 3.6L V6 Cylinder Engine Gasoline Fuel,A/T,White,Brown,None reported,Yes,16000,89726
3548,Mercedes-Benz,SL-Class SL600 Roadster,2005,Gasoline,493.0HP 5.5L 12 Cylinder Engine Gasoline Fuel,A/T,Black,Black,None reported,Yes,22500,93000
3549,MINI,Cooper S Base,2012,Gasoline,181.0HP 1.6L 4 Cylinder Engine Gasoline Fuel,6-Speed A/T,Black,Black,None reported,Yes,8500,128000
3550,Porsche,Cayenne Turbo,2017,Gasoline,520.0HP 4.8L 8 Cylinder Engine Gasoline Fuel,Transmission w/Dual Shift Mode,White,Black,None reported,Yes,52999,70800
3551,Saturn,Vue Hybrid Base,2009,Hybrid,172.0HP 2.4L 4 Cylinder Engine Gas/Electric Hybrid,A/T,Blue,Beige,None reported,Yes,4400,115000
3552,RAM,2500 Laramie,2018,Diesel,350.0HP 6.7L Straight 6 Cylinder Engine Diesel Fuel,6-Speed A/T,Black,Black,None reported,Yes,56750,98650
3553,RAM,1500 Limited,2019,Hybrid,395.0HP 5.7L 8 Cylinder Engine Gasoline/Mild Electric Hybrid,A/T,Silver,Black,None reported,Yes,44000,87768
3554,Chevrolet,Traverse RS,2023,Gasoline,310.0HP 3.6L V6 Cylinder Engine Gasoline Fuel,9-Speed A/T,Gray,Black,None reported,Yes,48500,6000
3556,Mazda,CX-50 2.5 Turbo Premium Package,2023,Gasoline,227.0HP 2.5L 4 Cylinder Engine Gasoline Fuel,6-Speed A/T,Blue,Beige,None reported,Yes,36900,16200
3557,Cadillac,SRX Luxury Collection,2012,E85 Flex Fuel,308.0HP 3.6L V6 Cylinder Engine Flex Fuel Capability,A/T,White,Beige,None reported,Yes,11499,87500
3558,FIAT,500 Lounge,2013,Gasoline,101.0HP 1.4L 4 Cylinder Engine Gasoline Fuel,A/T,White,Beige,None reported,Yes,9000,85458
3559,Mercedes-Benz,EQS 450+ Base,2022,,329.0HP Electric Motor Electric Fuel System,A/T,Blue,White,None reported,Yes,69500,16500
3560,MINI,Cooper S Clubman Base,2009,Gasoline,172.0HP 1.6L 4 Cylinder Engine Gasoline Fuel,6-Speed M/T,Gray,Black,At least 1 accident or damage reported,Yes,6950,83853
3561,BMW,X6 M50i,2022,Gasoline,523.0HP 4.4L 8 Cylinder Engine Gasoline Fuel,Transmission w/Dual Shift Mode,Black,–,At least 1 accident or damage reported,Yes,74999,22500
3562,Lexus,LS 460 Base,2013,Gasoline,386.0HP 4.6L 8 Cylinder Engine Gasoline Fuel,8-Speed A/T,Gray,Black,At least 1 accident or damage reported,Yes,24900,99524
3563,Genesis,GV80 2.5T,2023,Gasoline,300.0HP 2.5L 4 Cylinder Engine Gasoline Fuel,Transmission w/Dual Shift Mode,Silver,Beige,None reported,Yes,57300,8100
3564,MINI,Hardtop Cooper S,2016,Gasoline,2.0L I4 16V GDI DOHC Turbo,6-Speed Automatic,Volcanic Orange,Carbon Black,None reported,,17999,43073
3565,Land,Rover Range Rover Velar R-Dynamic S,2023,Gasoline,I4,Automatic,Firenze Red,Ebony,None reported,,57619,12425
3566,BMW,530 i xDrive,2020,Gasoline,2.0L I4 16V GDI DOHC Turbo,8-Speed Automatic,Dark Graphite Metallic,Black,None reported,,38900,23195
3567,Jeep,Grand Cherokee Laredo,2011,Gasoline,360.0HP 5.7L 8 Cylinder Engine Gasoline Fuel,A/T,Gold,Black,At least 1 accident or damage reported,Yes,12500,118000
3568,Toyota,Tacoma SR5,2018,Gasoline,278.0HP 3.5L V6 Cylinder Engine Gasoline Fuel,6-Speed A/T,Blue,Black,At least 1 accident or damage reported,Yes,26450,65290
3569,Porsche,911 Carrera Cabriolet,2001,Gasoline,300.0HP 3.4L Flat 6 Cylinder Engine Gasoline Fuel,6-Speed M/T,Gray,Black,,,31995,47885
3570,Jeep,Gladiator Sport S,2020,Gasoline,285.0HP 3.6L V6 Cylinder Engine Gasoline Fuel,8-Speed A/T,Gray,–,None reported,Yes,39500,13000
3571,Dodge,Challenger SRT Hellcat,2018,Gasoline,707.0HP 6.2L 8 Cylinder Engine Gasoline Fuel,8-Speed A/T,Orange,Black,None reported,Yes,62999,29475
3572,Jeep,Renegade Trailhawk,2017,Gasoline,180.0HP 2.4L 4 Cylinder Engine Gasoline Fuel,A/T,Black,Black,None reported,Yes,17500,78717
3573,Ford,F-150 Lariat,2021,Hybrid,430.0HP 3.5L V6 Cylinder Engine Gas/Electric Hybrid,10-Speed A/T,Black,Gray,None reported,Yes,61500,9142
3574,Jaguar,XF Premium,2011,Gasoline,385.0HP 5.0L 8 Cylinder Engine Gasoline Fuel,6-Speed A/T,Brown,Beige,At least 1 accident or damage reported,Yes,9400,106000
3575,RAM,1500 Laramie,2022,Gasoline,5.7L V8 16V MPFI OHV,Automatic,Diamond Black,Black,None reported,Yes,51074,3521
3576,Volkswagen,Golf GTI 2.0T SE 4-Door,2016,Gasoline,210.0HP 2.0L 4 Cylinder Engine Gasoline Fuel,6-Speed A/T,Gray,Black,None reported,Yes,16750,90000
3577,Porsche,Macan Turbo,2016,Gasoline,400.0HP 3.6L V6 Cylinder Engine Gasoline Fuel,Transmission w/Dual Shift Mode,Gray,–,None reported,Yes,38000,46000
3578,BMW,X4 M Competition,2020,Gasoline,503.0HP 3.0L Straight 6 Cylinder Engine Gasoline Fuel,A/T,Black,Orange,None reported,Yes,60000,18362
3579,Lexus,RX 350 Base,2013,Gasoline,270.0HP 3.5L V6 Cylinder Engine Gasoline Fuel,6-Speed A/T,White,Black,At least 1 accident or damage reported,Yes,16500,164500
3580,GMC,Terrain SLT,2020,Gasoline,170.0HP 1.5L 4 Cylinder Engine Gasoline Fuel,9-Speed A/T,Black,Black,At least 1 accident or damage reported,Yes,25500,55018
3581,Nissan,Maxima SV,2022,Gasoline,3.5L V6 24V GDI DOHC,Automatic CVT,Brilliant Silver Metallic,Charcoal,None reported,,24980,36466
3582,Volvo,S60 B5 Inscription,2022,Hybrid,247.0HP 2.0L 4 Cylinder Engine Gasoline/Mild Electric Hybrid,A/T,Blue,Black,None reported,Yes,36500,14280
3583,Subaru,Outback 2.5i Premium,2013,Gasoline,173.0HP 2.5L 4 Cylinder Engine Gasoline Fuel,A/T,Blue,Beige,At least 1 accident or damage reported,Yes,12500,116000
3584,RAM,1500 Laramie,2022,Gasoline,5.7L V8 16V MPFI OHV,8-Speed Automatic,Granite Crystal Clearcoat Metallic,Black,None reported,,46999,16184
3585,Porsche,Boxster Base,1997,Gasoline,201.0HP 2.5L Flat 6 Cylinder Engine Gasoline Fuel,5-Speed M/T,Red,Beige,,,8500,132800
3586,Ford,Explorer XLT,2020,Gasoline,300.0HP 2.3L 4 Cylinder Engine Gasoline Fuel,10-Speed A/T,Silver,Black,None reported,Yes,33500,45000
3587,Ford,F-150 Lariat,2013,Gasoline,365.0HP 3.5L V6 Cylinder Engine Gasoline Fuel,6-Speed A/T,White,Black,None reported,Yes,23000,102000
3588,Ford,Excursion XLS,2004,Diesel,325.0HP 6.0L 8 Cylinder Engine Diesel Fuel,5-Speed A/T,Silver,Gray,At least 1 accident or damage reported,Yes,18000,163000
3589,BMW,M8 Competition,2023,Gasoline,617.0HP 4.4L 8 Cylinder Engine Gasoline Fuel,8-Speed A/T,Gray,Gray,None reported,Yes,129000,3500
3590,Porsche,Panamera GTS,2016,Gasoline,440.0HP 4.8L 8 Cylinder Engine Gasoline Fuel,7-Speed A/T,Blue,Black,None reported,Yes,66200,42526
3591,Mazda,Mazda3 i Touring,2012,Gasoline,155.0HP 2.0L 4 Cylinder Engine Gasoline Fuel,Transmission w/Dual Shift Mode,Black,–,None reported,Yes,6000,144900
3592,GMC,Sierra 1500 SLT,2016,Gasoline,355.0HP 5.3L 8 Cylinder Engine Gasoline Fuel,A/T,White,Black,None reported,Yes,32750,85000
3593,Mercedes-Benz,Sprinter 2500 Standard Roof,2022,Diesel,188.0HP 3.0L V6 Cylinder Engine Diesel Fuel,A/T,Gray,Black,None reported,Yes,111000,16113
3594,Mercedes-Benz,GL-Class GL 450,2011,Gasoline,335.0HP 4.7L 8 Cylinder Engine Gasoline Fuel,A/T,Gray,Beige,At least 1 accident or damage reported,Yes,11900,93000
3595,RAM,1500 Big Horn,2022,Gasoline,5.7L V8 16V MPFI OHV,Automatic,Bright White Clearcoat,Black,None reported,Yes,50204,11468
3596,Lexus,NX 300 Base,2019,Gasoline,235.0HP 2.0L 4 Cylinder Engine Gasoline Fuel,Transmission w/Dual Shift Mode,Silver,Red,None reported,Yes,32500,25470
3597,BMW,435 i xDrive,2014,Gasoline,300.0HP 3.0L Straight 6 Cylinder Engine Gasoline Fuel,8-Speed A/T,Silver,Black,None reported,Yes,21800,90347
3598,GMC,Yukon SLE,2017,Gasoline,355.0HP 5.3L 8 Cylinder Engine Gasoline Fuel,A/T,Gray,Black,None reported,Yes,34000,96000
3599,Honda,Pilot EX-L,2016,Gasoline,280.0HP 3.5L V6 Cylinder Engine Gasoline Fuel,6-Speed A/T,Gray,Black,None reported,Yes,23000,80500
3600,Audi,A5 Sportback S line Premium Plus,2021,Hybrid,261.0HP 2.0L 4 Cylinder Engine Gasoline/Mild Electric Hybrid,7-Speed A/T,Black,Black,None reported,Yes,37499,35000
3601,Porsche,911 Carrera,1995,–,–,6-Speed M/T,Silver,Gray,At least 1 accident or damage reported,Yes,97993,49900
3602,Honda,Civic Sport,2020,Gasoline,1.5L I4 16V GDI DOHC Turbo,Automatic CVT,White,Sport,At least 1 accident or damage reported,Yes,18387,121212
3692,Audi,Q5 S line Premium Plus,2022,Hybrid,2.0 Liter TFSI,Automatic,Silver,Black,None reported,,42998,13133
3603,Mercedes-Benz,G 550 4x4 Squared Base,2018,Gasoline,4.0L V8 32V GDI DOHC Twin Turbo,7-Speed Automatic,Designo Magno Matte,Black,None reported,,204900,14381
3604,Porsche,Panamera Platinum Edition,2022,Gasoline,325.0HP 2.9L V6 Cylinder Engine Gasoline Fuel,8-Speed A/T,Green,Black,None reported,Yes,86999,13500
3605,BMW,740e xDrive iPerformance,2019,Plug-In Hybrid,322.0HP 2.0L 4 Cylinder Engine Plug-In Electric/Gas,A/T,White,Black,None reported,Yes,43500,33214
3606,Ford,F-250 XLT,2017,E85 Flex Fuel,385.0HP 6.2L 8 Cylinder Engine Flex Fuel Capability,A/T,White,Gray,None reported,Yes,31000,29719
3607,Lincoln,Corsair Standard,2022,Gasoline,250.0HP 2.0L 4 Cylinder Engine Gasoline Fuel,8-Speed A/T,Beige,Beige,None reported,Yes,38500,4520
3608,Hyundai,Sonata Sport,2017,Gasoline,2.4L I4 16V GDI DOHC,6-Speed Automatic,Phantom Black,Graphite,None reported,,14599,84129
3609,Nissan,Maxima 3.5 SR,2019,Gasoline,300.0HP 3.5L V6 Cylinder Engine Gasoline Fuel,CVT Transmission,White,Black,At least 1 accident or damage reported,Yes,26999,72150
3610,GMC,Yukon SLT,2015,Gasoline,355.0HP 5.3L 8 Cylinder Engine Gasoline Fuel,A/T,White,Beige,At least 1 accident or damage reported,Yes,30000,94500
3611,Mercedes-Benz,GLS 550 Base 4MATIC,2017,Gasoline,449.0HP 4.7L 8 Cylinder Engine Gasoline Fuel,9-Speed A/T,White,Beige,None reported,Yes,39999,88454
3612,Cadillac,CTS Base,2010,Gasoline,270.0HP 3.0L V6 Cylinder Engine Gasoline Fuel,6-Speed A/T,Silver,Beige,At least 1 accident or damage reported,Yes,9499,81696
3613,Cadillac,CTS Base,2005,Gasoline,255.0HP 3.6L V6 Cylinder Engine Gasoline Fuel,6-Speed M/T,White,Beige,None reported,Yes,6099,94100
3614,Ford,Explorer Limited,2022,Hybrid,318.0HP 3.3L V6 Cylinder Engine Gas/Electric Hybrid,10-Speed A/T,White,Black,None reported,Yes,46000,17500
3616,Toyota,Highlander XLE,2022,Gasoline,295.0HP 3.5L V6 Cylinder Engine Gasoline Fuel,Transmission w/Dual Shift Mode,Gray,Black,None reported,Yes,42000,4437
3617,Volkswagen,Golf GTI 2.0T SE 4-Door,2018,Gasoline,220.0HP 2.0L 4 Cylinder Engine Gasoline Fuel,Transmission w/Dual Shift Mode,White,Black,None reported,Yes,23000,70500
3618,Nissan,Pickup Truck XE,1994,–,–,A/T,Red,Gray,None reported,Yes,5899,89144
3619,Toyota,Corolla CE,2008,Gasoline,126.0HP 1.8L 4 Cylinder Engine Gasoline Fuel,A/T,Gray,Gray,None reported,Yes,5199,170000
3620,Honda,Element EX,2008,Gasoline,166.0HP 2.4L 4 Cylinder Engine Gasoline Fuel,A/T,Blue,Gray,None reported,Yes,10500,122000
3621,Toyota,Camry Solara SE,2008,Gasoline,210.0HP 3.3L V6 Cylinder Engine Gasoline Fuel,A/T,Silver,Gray,,,13900,57852
3622,Hyundai,Genesis 4.6,2010,Gasoline,378.0HP 4.6L 8 Cylinder Engine Gasoline Fuel,Transmission w/Dual Shift Mode,White,Beige,None reported,Yes,10500,120321
3623,BMW,325 Ci,2004,Gasoline,184.0HP 2.5L Straight 6 Cylinder Engine Gasoline Fuel,5-Speed A/T,Blue,Brown,None reported,Yes,5750,178000
3624,BMW,M3 Base,2002,Gasoline,333.0HP 3.2L Straight 6 Cylinder Engine Gasoline Fuel,6-Speed M/T,Yellow,Black,None reported,Yes,28750,60255
3625,Land,Rover Range Rover Sport HSE Dynamic,2019,Gasoline,380.0HP 3.0L V6 Cylinder Engine Gasoline Fuel,8-Speed A/T,White,Beige,None reported,Yes,43500,77690
3626,Chevrolet,Corvette ZR-1,2009,Gasoline,638.0HP 6.2L 8 Cylinder Engine Gasoline Fuel,6-Speed M/T,Gray,Black,None reported,Yes,78000,18000
3627,Honda,Prelude Type SH,2001,Gasoline,200.0HP 2.2L 4 Cylinder Engine Gasoline Fuel,5-Speed M/T,Red,Black,None reported,Yes,18000,125000
3628,Lexus,NX 300 Base,2021,Gasoline,2.0L I4 16V PDI DOHC Turbo,6-Speed Automatic,Silver,Black,At least 1 accident or damage reported,,35999,6449
3629,Volkswagen,Golf GTI 2.0T SE 4-Door,2019,Gasoline,228.0HP 2.0L 4 Cylinder Engine Gasoline Fuel,6-Speed M/T,Black,Black,None reported,Yes,27500,33000
3630,Nissan,Armada LE,2009,Gasoline,317.0HP 5.6L 8 Cylinder Engine Gasoline Fuel,A/T,Brown,Black,None reported,Yes,20000,87130
3631,Lexus,SC 300 Base,1998,Gasoline,225.0HP 3.0L Straight 6 Cylinder Engine Gasoline Fuel,A/T,Purple,Beige,None reported,Yes,8700,165000
3632,Toyota,Camry Solara SLE,2008,Gasoline,210.0HP 3.3L V6 Cylinder Engine Gasoline Fuel,5-Speed A/T,Blue,Beige,At least 1 accident or damage reported,Yes,11500,73000
3633,Porsche,Macan S,2020,Gasoline,3.0L V6 24V GDI DOHC Turbo,7-Speed Automatic with Auto-Shift,Black,Black,None reported,,54900,22354
3634,Tesla,Model Y Performance,2023,,455.0HP Electric Motor Electric Fuel System,A/T,Gray,White,None reported,Yes,53900,6188
3635,GMC,Terrain SLT,2019,Gasoline,2.0L I4 16V GDI DOHC Turbo,9-Speed Automatic,Red Quartz Tintcoat,Medium Ash Gray,At least 1 accident or damage reported,Yes,25925,60807
3636,Jeep,Compass Latitude,2014,Gasoline,158.0HP 2.0L 4 Cylinder Engine Gasoline Fuel,A/T,Black,Black,None reported,Yes,10950,105000
3637,Audi,Q7 3.0T Prestige,2018,Gasoline,333.0HP 3.0L V6 Cylinder Engine Gasoline Fuel,A/T,Black,Black,None reported,Yes,29900,63400
3638,Ford,F-250 Platinum,2022,Gasoline,430.0HP 7.3L 8 Cylinder Engine Gasoline Fuel,10-Speed A/T,Black,Black,None reported,Yes,86500,4500
3639,Jeep,Gladiator Overland,2020,Gasoline,3.6L V6 24V MPFI DOHC,8-Speed Automatic,Firecracker Red Clearcoat,Black,None reported,Yes,42433,8025
3640,Lincoln,Navigator L Reserve,2019,Gasoline,3.5L V6 24V PDI DOHC Twin Turbo,10-Speed Automatic,Tan,–,,,55460,49131
3641,Tesla,Model X P100D,2017,,Electric Motor Electric Fuel System,1-Speed A/T,Silver,White,None reported,Yes,45999,100346
3642,Mercedes-Benz,CLS-Class CLS 400 4MATIC,2016,Gasoline,329.0HP 3.0L V6 Cylinder Engine Gasoline Fuel,7-Speed A/T,Black,Black,At least 1 accident or damage reported,Yes,29950,62285
3643,Lexus,RX 350 Base,2021,Gasoline,295.0HP 3.5L V6 Cylinder Engine Gasoline Fuel,8-Speed A/T,Beige,Beige,At least 1 accident or damage reported,Yes,48900,5040
3644,RAM,1500 Laramie,2022,Gasoline,5.7L V8 16V MPFI OHV,8-Speed Automatic,Bright White Clearcoat,Black,At least 1 accident or damage reported,,46999,12940
3645,Mitsubishi,Outlander Sport ES,2015,Gasoline,166.0HP 2.4L 4 Cylinder Engine Gasoline Fuel,CVT Transmission,Silver,Black,At least 1 accident or damage reported,Yes,10500,98385
3646,Hyundai,Sonata SE,2013,Gasoline,200.0HP 2.4L 4 Cylinder Engine Gasoline Fuel,A/T,Red,Black,At least 1 accident or damage reported,Yes,12500,43903
3647,Ford,Mustang EcoBoost Premium,2017,Gasoline,310.0HP 2.3L 4 Cylinder Engine Gasoline Fuel,A/T,Blue,Black,None reported,Yes,23600,41650
3648,BMW,X5 PHEV xDrive45e,2022,Plug-In Hybrid,389.0HP 3.0L Straight 6 Cylinder Engine Plug-In Electric/Gas,Transmission w/Dual Shift Mode,White,Black,None reported,Yes,60500,31850
3649,Hyundai,Sonata Hybrid Limited,2013,Hybrid,199.0HP 2.4L 4 Cylinder Engine Gas/Electric Hybrid,6-Speed A/T,Black,Gray,At least 1 accident or damage reported,Yes,14999,96419
3650,Honda,Odyssey EX-L,2007,Gasoline,244.0HP 3.5L V6 Cylinder Engine Gasoline Fuel,A/T,Black,Beige,None reported,Yes,7700,170000
3651,Chevrolet,Colorado LT Crew Cab,2009,Gasoline,300.0HP 5.3L 8 Cylinder Engine Gasoline Fuel,A/T,Black,Black,None reported,Yes,14500,139000
3652,Buick,Enclave Premium,2016,Gasoline,3.6L V6 24V GDI DOHC,6-Speed Automatic,Ebony Twilight Metallic,Ebony,None reported,Yes,18051,134655
3653,BMW,M235 i,2015,Gasoline,320.0HP 3.0L Straight 6 Cylinder Engine Gasoline Fuel,6-Speed M/T,White,Red,None reported,Yes,27890,81000
3654,McLaren,720S Performance,2020,Gasoline,710.0HP 4.0L 8 Cylinder Engine Gasoline Fuel,7-Speed A/T,Black,Black,None reported,Yes,324995,9989
3655,Kia,Telluride SX,2022,Gasoline,3.8L V6 24V GDI DOHC,8-Speed Automatic,Glacial White Pearl,Black,None reported,,46120,46347
3656,Chevrolet,Corvette Base,2007,Gasoline,400.0HP 6.0L 8 Cylinder Engine Gasoline Fuel,6-Speed M/T,Yellow,Gray,None reported,Yes,38000,4048
3657,Mercedes-Benz,S-Class S 63 AMG,2015,Gasoline,577.0HP 5.5L 8 Cylinder Engine Gasoline Fuel,7-Speed A/T,Black,White,None reported,Yes,45750,79876
3658,Toyota,Mirai Limited,2021,not supported,182.0HP Electric Motor Hydrogen Fuel,A/T,Gray,Black,None reported,Yes,18500,44000
3659,Alfa,Romeo Giulia Ti,2017,Gasoline,280.0HP 2.0L 4 Cylinder Engine Gasoline Fuel,Transmission w/Dual Shift Mode,Blue,Black,,,23000,56910
3660,Land,Rover Range Rover Sport HSE,2019,Gasoline,340.0HP 3.0L V6 Cylinder Engine Gasoline Fuel,A/T,Black,Beige,None reported,Yes,40500,65019
3661,Nissan,370Z Touring,2009,Gasoline,332.0HP 3.7L V6 Cylinder Engine Gasoline Fuel,6-Speed M/T,Silver,Gray,At least 1 accident or damage reported,Yes,14999,133409
3662,BMW,330 i xDrive,2018,Gasoline,248.0HP 2.0L 4 Cylinder Engine Gasoline Fuel,8-Speed A/T,White,Brown,At least 1 accident or damage reported,Yes,22995,74381
3663,Porsche,Macan,2023,Gasoline,2.0L I4 16V GDI DOHC Turbo,7-Speed Automatic with Auto-Shift,Carrara White Metallic,Black,None reported,Yes,73300,2925
3664,BMW,128 i,2013,Gasoline,230.0HP 3.0L Straight 6 Cylinder Engine Gasoline Fuel,6-Speed A/T,Gray,Black,None reported,Yes,18000,67874
3665,Mercedes-Benz,AMG GLE 63 S Coupe 4MATIC,2018,Gasoline,577.0HP 5.5L 8 Cylinder Engine Gasoline Fuel,7-Speed A/T,White,White,None reported,Yes,61000,71500
3666,Jeep,Wrangler Sport,2014,Gasoline,285.0HP 3.6L V6 Cylinder Engine Gasoline Fuel,5-Speed A/T,Gray,Black,None reported,Yes,22000,71000
3667,Ford,F-150 Raptor,2018,Gasoline,450.0HP 3.5L V6 Cylinder Engine Gasoline Fuel,10-Speed A/T,Black,Black,None reported,Yes,47995,64517
3668,Dodge,Sprinter 2500 High Roof,2004,Diesel,154.0HP 2.7L 5 Cylinder Engine Diesel Fuel,A/T,White,Gray,None reported,Yes,24000,55000
3669,BMW,M550 i xDrive,2019,Gasoline,456.0HP 4.4L 8 Cylinder Engine Gasoline Fuel,Transmission w/Dual Shift Mode,Black,Black,None reported,Yes,51500,7580
3670,Hyundai,Sonata GLS,2010,Gasoline,168.0HP 2.4L 4 Cylinder Engine Gasoline Fuel,Transmission w/Dual Shift Mode,Blue,Gray,None reported,Yes,3999,135000
3671,Honda,Accord EX-L,2019,Gasoline,192.0HP 1.5L 4 Cylinder Engine Gasoline Fuel,A/T,White,Black,At least 1 accident or damage reported,Yes,21500,62200
3672,Cadillac,CTS 3.6L Premium,2014,Gasoline,321.0HP 3.6L V6 Cylinder Engine Gasoline Fuel,6-Speed A/T,Red,Black,None reported,Yes,19500,69001
3673,Toyota,4Runner Venture Special Edition,2021,Gasoline,"4L V-6 DOHC, VVT-i variable valve control, regular unleaded, eng",Automatic,–,Black/Graphite,None reported,,44775,28567
3674,Jaguar,XJ8 L,2006,Gasoline,300.0HP 4.2L 8 Cylinder Engine Gasoline Fuel,6-Speed A/T,White,Beige,None reported,Yes,13980,78049
3675,Ford,F-150 Lariat,2021,Gasoline,3.5L V6 24V PDI DOHC Twin Turbo,Automatic,Agate Black Metallic,Black,,,49273,36821
3676,Chevrolet,Suburban High Country,2021,Gasoline,420.0HP 6.2L 8 Cylinder Engine Gasoline Fuel,10-Speed A/T,Brown,Black,None reported,Yes,73500,23292
3677,Chevrolet,Suburban 1500 LTZ,2010,E85 Flex Fuel,320.0HP 5.3L 8 Cylinder Engine Flex Fuel Capability,A/T,Black,Black,None reported,Yes,12000,162671
3678,Land,Rover LR2 HSE,2010,Gasoline,230.0HP 3.2L Straight 6 Cylinder Engine Gasoline Fuel,6-Speed A/T,Gray,Beige,None reported,Yes,9975,100472
3679,Subaru,WRX Limited,2017,Gasoline,268.0HP 2.0L 4 Cylinder Engine Gasoline Fuel,CVT Transmission,White,Black,At least 1 accident or damage reported,Yes,19950,73120
3680,Ford,Expedition Timberline,2022,Gasoline,440.0HP 3.5L V6 Cylinder Engine Gasoline Fuel,10-Speed A/T,Green,Green,None reported,Yes,67500,23300
3681,Honda,Clarity Plug-In Hybrid Base,2018,Plug-In Hybrid,212.0HP 1.5L 4 Cylinder Engine Plug-In Electric/Gas,A/T,Red,Beige,At least 1 accident or damage reported,Yes,17500,71000
3682,RAM,3500 Laramie,2022,Diesel,6.7L I6 24V DDI OHV Turbo Diesel,6-Speed Automatic,Flame Red Clearcoat,Black,None reported,,70999,16648
3683,Chevrolet,Silverado 2500 LT,2011,Diesel,335.0HP 6.6L 8 Cylinder Engine Diesel Fuel,6-Speed A/T,White,Black,None reported,Yes,18500,240000
3684,Lexus,RX 450h Base,2013,Hybrid,295.0HP 3.5L V6 Cylinder Engine Gas/Electric Hybrid,Transmission w/Dual Shift Mode,Silver,Black,None reported,Yes,19500,119755
3685,Mercedes-Benz,M-Class ML 350 4MATIC,2015,E85 Flex Fuel,302.0HP 3.5L V6 Cylinder Engine Flex Fuel Capability,A/T,Silver,Gray,None reported,Yes,19500,88000
3686,BMW,X5 xDrive40i,2021,Hybrid,335.0HP 3.0L Straight 6 Cylinder Engine Gasoline/Mild Electric Hybrid,8-Speed A/T,White,Black,None reported,Yes,50000,41000
3687,Chevrolet,Camaro 2SS,2022,Gasoline,455.0HP 6.2L 8 Cylinder Engine Gasoline Fuel,6-Speed M/T,Red,Black,None reported,Yes,47500,7458
3688,Jeep,Gladiator Sport S,2022,Gasoline,285.0HP 3.6L V6 Cylinder Engine Gasoline Fuel,A/T,Green,Black,None reported,Yes,43000,23000
3689,Land,Rover Discovery LSE,1998,Gasoline,182.0HP 4.0L 8 Cylinder Engine Gasoline Fuel,A/T,Green,Beige,None reported,Yes,9995,149437
3690,Ford,F-250 XLT,2017,Diesel,440.0HP 6.7L 8 Cylinder Engine Diesel Fuel,6-Speed A/T,Red,Beige,None reported,Yes,35500,244000
3691,RAM,1500 Rebel,2019,Hybrid,305.0HP 3.6L V6 Cylinder Engine Gasoline/Mild Electric Hybrid,8-Speed A/T,White,–,None reported,Yes,37900,46000
3693,RAM,1500 SLT,2017,Gasoline,395.0HP 5.7L 8 Cylinder Engine Gasoline Fuel,A/T,Black,Gray,None reported,Yes,29999,45000
3694,Mazda,CX-30 Premium Package,2021,Gasoline,2.5L I4 16V GDI DOHC,6-Speed Automatic,Soul Red Crystal Metallic,White / Brown,None reported,Yes,29255,18385
3695,BMW,840 Gran Coupe i xDrive,2020,Gasoline,3.0L I6 24V GDI DOHC Turbo,8-Speed Automatic,Black Sapphire Metallic,Black,None reported,,52999,25793
3696,Porsche,Boxster S,2005,Gasoline,280.0HP 3.2L Flat 6 Cylinder Engine Gasoline Fuel,6-Speed M/T,Silver,Black,None reported,Yes,29800,44400
3697,Chevrolet,Malibu Limited LT,2016,Gasoline,2.5L 4 Cylinder Engine Gasoline Fuel,6-Speed A/T,Silver,Gray,None reported,Yes,10500,104000
3698,Cadillac,Escalade Premium Luxury,2023,Gasoline,420.0HP 6.2L 8 Cylinder Engine Gasoline Fuel,A/T,Black,Black,None reported,Yes,103000,600
3699,MINI,Cooper S Base,2007,Gasoline,172.0HP 1.6L 4 Cylinder Engine Gasoline Fuel,6-Speed M/T,Yellow,Black,None reported,Yes,7900,45000
3700,Jeep,Gladiator Mojave,2022,Gasoline,285.0HP 3.6L V6 Cylinder Engine Gasoline Fuel,8-Speed A/T,Blue,Black,None reported,Yes,64000,24500
3701,Buick,Encore GX Essence,2020,Gasoline,1.3L I3 12V MPFI DOHC Turbo,Automatic CVT,Satin Steel Metallic,Ebony,None reported,,21999,35569
3702,Toyota,Highlander XLE,2020,Gasoline,295.0HP 3.5L V6 Cylinder Engine Gasoline Fuel,A/T,Silver,Black,None reported,Yes,36999,35000
3703,Acura,MDX Touring,2003,Gasoline,260.0HP 3.5L V6 Cylinder Engine Gasoline Fuel,A/T,Silver,Black,At least 1 accident or damage reported,Yes,4000,165000
3704,Land,Rover Range Rover Sport SE MHEV,2021,Hybrid,355.0HP 3.0L Straight 6 Cylinder Engine Gasoline/Mild Electric Hybrid,A/T,Black,Black,None reported,Yes,69000,15000
3705,BMW,535 i xDrive,2014,Gasoline,300.0HP 3.0L Straight 6 Cylinder Engine Gasoline Fuel,8-Speed A/T,White,Beige,None reported,Yes,15499,119750
3706,Nissan,350Z Touring,2007,Gasoline,306.0HP 3.5L V6 Cylinder Engine Gasoline Fuel,M/T,White,Green,At least 1 accident or damage reported,Yes,12000,90000
3707,Ford,Transit Connect XLT,2015,Gasoline,169.0HP 2.5L 4 Cylinder Engine Gasoline Fuel,A/T,White,Black,At least 1 accident or damage reported,Yes,14500,112000
3708,Mercedes-Benz,SL-Class SL550 Roadster,2008,Gasoline,382.0HP 5.5L 8 Cylinder Engine Gasoline Fuel,7-Speed A/T,Black,Beige,None reported,Yes,16800,150000
3709,Porsche,911 Turbo S,2021,Gasoline,640.0HP 3.8L Flat 6 Cylinder Engine Gasoline Fuel,8-Speed A/T,Silver,Black,None reported,Yes,240000,1912
3710,Hyundai,Sonata Sport 2.0T,2015,Gasoline,245.0HP 2.0L 4 Cylinder Engine Gasoline Fuel,A/T,Black,Black,At least 1 accident or damage reported,Yes,13995,82900
3711,Audi,TT 1.8T,2004,Gasoline,180.0HP 1.8L 4 Cylinder Engine Gasoline Fuel,A/T,Silver,Black,None reported,Yes,12000,79500
3712,Volvo,XC90 T6 Inscription,2019,Gasoline,316.0HP 2.0L 4 Cylinder Engine Gasoline Fuel,8-Speed A/T,White,Black,None reported,Yes,37000,60000
3713,RAM,1500 Big Horn,2021,Diesel,260.0HP 3.0L V6 Cylinder Engine Diesel Fuel,8-Speed A/T,White,Black,None reported,Yes,44900,41800
3714,Chevrolet,Tahoe LT,2021,Gasoline,5.3L V8 16V GDI OHV,10-Speed Automatic,Black,Jet Black,None reported,Yes,49685,71536
3715,Ford,Explorer XLT,2014,Gasoline,3.5L V6 24V MPFI DOHC,6-Speed Automatic,Green,Charcoal Black,None reported,Yes,13715,127558
3716,Ford,Mustang Mach-E Premium,2023,,346.0HP Electric Motor Electric Fuel System,1-Speed A/T,Gray,Black,None reported,Yes,45000,13232
3717,Chevrolet,Camaro 1SS,2017,Gasoline,455.0HP 6.2L 8 Cylinder Engine Gasoline Fuel,8-Speed A/T,Yellow,Black,None reported,Yes,31500,39000
3718,Ford,Bronco Big Bend Advanced,2023,Gasoline,315.0HP 2.7L V6 Cylinder Engine Gasoline Fuel,10-Speed A/T,Gray,Black,None reported,Yes,54490,11500
3719,Chrysler,Pacifica Launch Edition,2020,Gasoline,287.0HP 3.6L V6 Cylinder Engine Gasoline Fuel,9-Speed A/T,Black,Black,None reported,Yes,36800,22200
3720,Tesla,Model Y Long Range,2023,,425.0HP Electric Motor Electric Fuel System,A/T,Black,White,None reported,Yes,56515,7414
3721,Lamborghini,Huracan LP580-2,2017,Gasoline,"5.2L V-10 gasoline direct injection, DOHC, variable valve contro",Automatic,Blue Caelum,Nero Ade,None reported,,209991,14586
3722,RAM,1500 Rebel,2021,Hybrid,395.0HP 5.7L 8 Cylinder Engine Gasoline/Mild Electric Hybrid,8-Speed A/T,White,Black,None reported,Yes,50927,32000
3723,Toyota,86 Base,2020,Gasoline,200.0HP 2.0L 4 Cylinder Engine Gasoline Fuel,A/T,White,Black,None reported,Yes,27350,14700
3724,BMW,X5 xDrive50i,2016,Gasoline,445.0HP 4.4L 8 Cylinder Engine Gasoline Fuel,Transmission w/Dual Shift Mode,Black,Black,None reported,Yes,23995,79995
3725,GMC,Yukon Denali,2018,Gasoline,420.0HP 6.2L 8 Cylinder Engine Gasoline Fuel,A/T,Black,Black,None reported,Yes,44500,76000
3726,Honda,Accord EX-L,2014,Gasoline,185.0HP 2.4L 4 Cylinder Engine Gasoline Fuel,CVT Transmission,Gray,Black,At least 1 accident or damage reported,Yes,18987,62000
3727,Maserati,Ghibli S Q4,2017,Gasoline,404.0HP 3.0L V6 Cylinder Engine Gasoline Fuel,8-Speed A/T,Gray,Black,None reported,Yes,28700,53500
3728,Hyundai,Kona EV SEL,2022,,201.0HP Electric Motor Electric Fuel System,1-Speed A/T,Red,Black,None reported,Yes,31999,9400
3729,BMW,435 i,2014,Gasoline,300.0HP 3.0L Straight 6 Cylinder Engine Gasoline Fuel,A/T,Silver,Black,None reported,Yes,20900,86500
3730,Mercedes-Benz,GL-Class GL 450,2011,Gasoline,335.0HP 4.7L 8 Cylinder Engine Gasoline Fuel,A/T,Black,Black,At least 1 accident or damage reported,Yes,9900,148000
3731,GMC,Sierra 1500 SLE,2014,E85 Flex Fuel,285.0HP 4.3L V6 Cylinder Engine Flex Fuel Capability,6-Speed A/T,White,Gray,None reported,Yes,22989,100080
3732,Dodge,Challenger SRT Demon,2018,Gasoline,808.0HP 6.2L 8 Cylinder Engine Gasoline Fuel,8-Speed A/T,Black,Black,,,155700,2620
3733,BMW,X5 PHEV xDrive45e,2023,Plug-In Hybrid,389.0HP 3.0L Straight 6 Cylinder Engine Plug-In Electric/Gas,8-Speed A/T,Black,Black,None reported,Yes,74995,3099
3734,Dodge,Durango R/T,2020,Gasoline,360.0HP 5.7L 8 Cylinder Engine Gasoline Fuel,8-Speed A/T,Black,Red,At least 1 accident or damage reported,Yes,29500,78000
3735,Ferrari,488 Spider Base,2019,Gasoline,3.9L V8 32V GDI DOHC Twin Turbo,7-Speed Automatic with Auto-Shift,White,–,None reported,,319900,9005
3736,Ford,Bronco Sport Big Bend,2022,Gasoline,181.0HP 1.5L 3 Cylinder Engine Gasoline Fuel,8-Speed A/T,Blue,Black,None reported,Yes,31000,16700
3737,Honda,Civic LX,2015,Gasoline,143.0HP 1.8L 4 Cylinder Engine Gasoline Fuel,5-Speed M/T,Black,Black,None reported,Yes,17500,51300
3738,Ford,Shelby GT350 Base,2018,Gasoline,526.0HP 5.2L 8 Cylinder Engine Gasoline Fuel,6-Speed M/T,Gray,Black,None reported,Yes,62900,8237
3739,Volkswagen,Jetta S,2010,Gasoline,170.0HP 2.5L 5 Cylinder Engine Gasoline Fuel,A/T,Gray,Black,At least 1 accident or damage reported,Yes,6000,99000
3740,Mazda,CX-5 Grand Touring,2021,Gasoline,2.5L I4 16V,6-Speed Automatic,Jet Black Mica,Black,None reported,Yes,26288,62377
3741,Jeep,Wrangler Rubicon,2009,Gasoline,202.0HP 3.8L V6 Cylinder Engine Gasoline Fuel,6-Speed M/T,Black,Gray,None reported,Yes,15500,130000
3742,Ford,F-250 XLT,2016,E85 Flex Fuel,385.0HP 6.2L 8 Cylinder Engine Flex Fuel Capability,6-Speed A/T,Silver,Gray,At least 1 accident or damage reported,Yes,28999,94300
3743,Tesla,Model Y Performance,2022,,455.0HP Electric Motor Electric Fuel System,A/T,Gray,White,None reported,Yes,46500,24115
3744,BMW,528 i,2016,Gasoline,240.0HP 2.0L 4 Cylinder Engine Gasoline Fuel,8-Speed A/T,Silver,Black,At least 1 accident or damage reported,Yes,16995,82000
3745,Kia,Rio S,2021,Gasoline,120.0HP 1.6L 4 Cylinder Engine Gasoline Fuel,A/T,Silver,Black,None reported,Yes,15700,67686
3746,Tesla,Model S 85,2014,,362.0HP Electric Motor Electric Fuel System,A/T,Blue,Black,None reported,Yes,28450,96800
3747,Jeep,Wrangler Sport,1997,Gasoline,181.0HP 4.0L Straight 6 Cylinder Engine Gasoline Fuel,5-Speed M/T,Green,Gray,At least 1 accident or damage reported,Yes,5500,131000
3748,Tesla,Model 3 Standard Range,2020,,271.0HP Electric Motor Electric Fuel System,A/T,Black,Black,None reported,Yes,29900,23097
3749,Ferrari,GTC4Lusso T,2018,Gasoline,602.0HP 3.9L 8 Cylinder Engine Gasoline Fuel,A/T,White,Red,None reported,Yes,197499,31000
3750,BMW,X5 M50i,2021,Gasoline,523.0HP 4.4L 8 Cylinder Engine Gasoline Fuel,A/T,Black,Orange,None reported,Yes,71000,28898
3751,Mazda,MX-5 Miata RF Club,2022,Gasoline,181.0HP 2.0L 4 Cylinder Engine Gasoline Fuel,6-Speed M/T,Gray,Black,None reported,Yes,35619,7250
3752,Ford,F-250 XLT,2014,Diesel,400.0HP 6.7L 8 Cylinder Engine Diesel Fuel,6-Speed A/T,Black,Silver,At least 1 accident or damage reported,Yes,40999,59459
3753,Jeep,Wrangler Sahara,2012,Gasoline,285.0HP 3.6L V6 Cylinder Engine Gasoline Fuel,5-Speed A/T,Beige,Black,At least 1 accident or damage reported,Yes,22000,78000
3754,RAM,1500 Laramie,2021,Gasoline,395.0HP 5.7L 8 Cylinder Engine Gasoline Fuel,8-Speed A/T,White,Black,None reported,Yes,46500,24213
3755,RAM,1500 Laramie,2020,Gasoline,5.7L V8 16V MPFI OHV,8-Speed Automatic,Bright White Clearcoat,Black,None reported,,46105,21165
3756,GMC,Yukon Denali,2016,Gasoline,420.0HP 6.2L 8 Cylinder Engine Gasoline Fuel,8-Speed A/T,Black,Black,None reported,Yes,35500,107750
3757,Ford,F-150 Lariat,2016,Gasoline,365.0HP 3.5L V6 Cylinder Engine Gasoline Fuel,A/T,White,Black,None reported,Yes,26500,117000
3758,Chevrolet,Corvette Base,2006,Gasoline,400.0HP 6.0L 8 Cylinder Engine Gasoline Fuel,Transmission w/Dual Shift Mode,Red,Beige,None reported,Yes,35000,39132
3759,BMW,Z4 2.5i,2004,Gasoline,184.0HP 2.5L Straight 6 Cylinder Engine Gasoline Fuel,5-Speed M/T,Gray,Black,None reported,Yes,9000,94500
3760,Subaru,Crosstrek 2.0i Premium,2017,Gasoline,148.0HP 2.0L 4 Cylinder Engine Gasoline Fuel,A/T,Red,Beige,At least 1 accident or damage reported,Yes,21495,50011
3761,Lexus,GX 470 Base,2004,Gasoline,235.0HP 4.7L 8 Cylinder Engine Gasoline Fuel,5-Speed A/T,White,Beige,At least 1 accident or damage reported,Yes,7350,215000
3762,RAM,1500 Laramie,2022,Gasoline,5.7L V8 16V MPFI OHV,8-Speed Automatic,Diamond Black,Black,None reported,,45999,16616
3763,Ford,F-150 XLT,2022,Gasoline,5.0L V8 32V PDI DOHC,Automatic,Agate Black Metallic,Black,None reported,Yes,46552,33818
3764,Jeep,Wagoneer Series III,2022,Gasoline,5.7L V8 16V MPFI OHV,8-Speed Automatic,Velvet Red Pearlcoat,Global Black,None reported,Yes,68362,9099
3765,Volkswagen,GTI Base,2008,Gasoline,200.0HP 2.0L 4 Cylinder Engine Gasoline Fuel,6-Speed M/T,White,Black,None reported,Yes,9850,95798
3766,Mercedes-Benz,AMG GLE AMG GLE 63 S-Model 4MATIC,2016,Gasoline,577.0HP 5.5L 8 Cylinder Engine Gasoline Fuel,7-Speed A/T,Black,White,None reported,Yes,51700,35943
3767,Mazda,Mazda6 iSport VE,2008,Gasoline,156.0HP 2.3L 4 Cylinder Engine Gasoline Fuel,5-Speed A/T,Black,Beige,None reported,Yes,4300,106000
3768,Kia,Telluride EX X-Line,2023,Gasoline,291.0HP 3.8L V6 Cylinder Engine Gasoline Fuel,8-Speed A/T,Green,Green,None reported,Yes,48000,10400
3769,Chevrolet,Tahoe LT,2022,Gasoline,355.0HP 5.3L 8 Cylinder Engine Gasoline Fuel,10-Speed A/T,Blue,Beige,None reported,Yes,63900,2894
3770,Dodge,Durango GT,2022,Gasoline,3.6L V6 24V MPFI DOHC,8-Speed Automatic,DB Black Clearcoat,Black,None reported,Yes,39985,15592
3771,Mercedes-Benz,AMG C 63 Base,2020,Gasoline,469.0HP 4.0L 8 Cylinder Engine Gasoline Fuel,9-Speed A/T,Silver,Black,None reported,Yes,57999,33548
3772,BMW,320 i xDrive,2016,Gasoline,180.0HP 2.0L 4 Cylinder Engine Gasoline Fuel,8-Speed A/T,Black,Beige,At least 1 accident or damage reported,Yes,7500,185000
3773,Porsche,Macan GTS,2023,Gasoline,2.9L V6 24V GDI DOHC Twin Turbo,7-Speed Automatic with Auto-Shift,Chalk,Black,None reported,,96900,6483
3774,Honda,Pilot EX-L,2020,Gasoline,3.5L V6 24V GDI SOHC,6-Speed Automatic,Gray,Gray,,,35645,28886
3775,Mercedes-Benz,GLE 350 Base,2020,Gasoline,2.0 Liter Turbo,Automatic,designo Diamond White Bright,Macchiato/Magmagrey,None reported,,49998,26293
3776,Chevrolet,Camaro 2SS,2017,Gasoline,455.0HP 6.2L 8 Cylinder Engine Gasoline Fuel,Transmission w/Dual Shift Mode,Blue,Black,None reported,Yes,34500,62000
3777,Jaguar,XF 35t Prestige,2017,Gasoline,340.0HP 3.0L V6 Cylinder Engine Gasoline Fuel,A/T,White,Beige,At least 1 accident or damage reported,Yes,18500,101453
3778,RAM,3500 Laramie,2013,Diesel,385.0HP 6.7L Straight 6 Cylinder Engine Diesel Fuel,6-Speed A/T,White,Black,At least 1 accident or damage reported,Yes,42900,106385
3779,BMW,335 is,2012,Gasoline,320.0HP 3.0L Straight 6 Cylinder Engine Gasoline Fuel,7-Speed A/T,White,Red,None reported,Yes,20995,86629
3780,Audi,S6 4.0T Premium Plus,2018,Gasoline,450.0HP 4.0L 8 Cylinder Engine Gasoline Fuel,7-Speed A/T,White,Black,None reported,Yes,49999,61258
3781,Chrysler,300 S,2014,Gasoline,363.0HP 5.7L 8 Cylinder Engine Gasoline Fuel,5-Speed A/T,Blue,Black,None reported,Yes,15999,121500
3782,GMC,Sierra 1500 AT4,2022,Diesel,277.0HP 3.0L Straight 6 Cylinder Engine Diesel Fuel,10-Speed A/T,White,Black,None reported,Yes,62499,100
3783,Chrysler,200 C,2015,E85 Flex Fuel,295.0HP 3.6L V6 Cylinder Engine Flex Fuel Capability,9-Speed A/T,Silver,Black,At least 1 accident or damage reported,Yes,5995,170000
3784,Ford,F-150 XLT SuperCab,2010,Gasoline,292.0HP 4.6L 8 Cylinder Engine Gasoline Fuel,A/T,Blue,Gray,None reported,Yes,3000,232000
3785,MINI,Cooper S Base,2006,Gasoline,168.0HP 1.6L 4 Cylinder Engine Gasoline Fuel,6-Speed M/T,Gray,–,None reported,Yes,12500,95000
3786,Toyota,Venza XLE,2013,Gasoline,268.0HP 3.5L V6 Cylinder Engine Gasoline Fuel,A/T,White,Gray,At least 1 accident or damage reported,Yes,14200,103466
3787,Toyota,Camry Hybrid Base,2011,Hybrid,147.0HP 2.4L 4 Cylinder Engine Gas/Electric Hybrid,A/T,White,White,At least 1 accident or damage reported,Yes,7900,133121
3788,Chevrolet,Tahoe LT,2012,E85 Flex Fuel,320.0HP 5.3L 8 Cylinder Engine Flex Fuel Capability,A/T,Brown,Gray,None reported,Yes,14500,162731
3789,Mercedes-Benz,CLS-Class CLS 63 AMG S-Model 4MATIC,2014,Gasoline,577.0HP 5.5L 8 Cylinder Engine Gasoline Fuel,7-Speed A/T,Silver,Black,,,37500,64500
3790,Ford,Shelby GT500 Base,2021,Gasoline,760.0HP 5.2L 8 Cylinder Engine Gasoline Fuel,7-Speed A/T,Orange,Black,None reported,Yes,90788,568
3791,Lexus,RX 300 4WD,1999,Gasoline,220.0HP 3.0L V6 Cylinder Engine Gasoline Fuel,A/T,Red,Beige,At least 1 accident or damage reported,Yes,3500,249083
3792,Porsche,Macan S,2015,Gasoline,340.0HP 3.0L V6 Cylinder Engine Gasoline Fuel,7-Speed A/T,Gray,Beige,None reported,Yes,23999,80300
3793,Ford,F-150 XLT SuperCab,2004,Gasoline,300.0HP 5.4L 8 Cylinder Engine Gasoline Fuel,A/T,Beige,Beige,None reported,Yes,6299,187000
3794,Subaru,Outback 2.5 i Special Edition,2009,Gasoline,169.0HP 2.5L 4 Cylinder Engine Gasoline Fuel,A/T,Black,Black,None reported,Yes,6500,181870
3795,GMC,Sierra 2500 AT4,2022,Diesel,6.6L V8 32V DDI OHV Turbo Diesel,Automatic,Ebony Twilight Metallic,Jet Black,,,76740,22600
3796,BMW,X5 xDrive40i,2020,Gasoline,335.0HP 3.0L Straight 6 Cylinder Engine Gasoline Fuel,8-Speed A/T,Black,Black,At least 1 accident or damage reported,Yes,50000,37000
3797,Porsche,Taycan Base,2022,,375.0HP Electric Motor Electric Fuel System,A/T,White,Beige,None reported,Yes,89000,9728
3798,Lexus,GX 470 Base,2006,Gasoline,263.0HP 4.7L 8 Cylinder Engine Gasoline Fuel,A/T,Blue,Gray,At least 1 accident or damage reported,Yes,13995,152000
3799,Ford,F-150 Heritage XL SuperCab Flareside,2004,Gasoline,380.0HP 5.4L 8 Cylinder Engine Gasoline Fuel,4-Speed A/T,Blue,Gray,At least 1 accident or damage reported,Yes,30500,60260
3800,Mazda,MazdaSpeed Miata MX-5 Base,2004,Gasoline,178.0HP 1.8L 4 Cylinder Engine Gasoline Fuel,6-Speed M/T,Silver,Black,At least 1 accident or damage reported,Yes,17599,33362
3801,GMC,Acadia Denali,2021,Gasoline,3.6L V6 24V GDI DOHC,9-Speed Automatic,Ebony Twilight Metallic,Jet Black,None reported,Yes,38436,47907
3802,Mercedes-Benz,Metris Base,2016,Gasoline,208.0HP 2.0L 4 Cylinder Engine Gasoline Fuel,A/T,White,Black,None reported,Yes,29000,17340
3803,Cadillac,DeVille Base,1994,–,–,A/T,White,Blue,None reported,Yes,7900,85000
3804,Ford,Expedition EL XLT,2011,E85 Flex Fuel,310.0HP 5.4L 8 Cylinder Engine Flex Fuel Capability,6-Speed A/T,White,Beige,None reported,Yes,8999,195500
3805,Chevrolet,Monte Carlo SS,2000,Gasoline,200.0HP 3.8L V6 Cylinder Engine Gasoline Fuel,4-Speed A/T,Red,–,None reported,Yes,4700,74000
3806,RAM,1500 Big Horn,2015,Gasoline,395.0HP 5.7L 8 Cylinder Engine Gasoline Fuel,8-Speed A/T,Red,Gray,At least 1 accident or damage reported,Yes,14000,140500
3807,Jeep,Commander Base,2006,Gasoline,210.0HP 3.7L V6 Cylinder Engine Gasoline Fuel,A/T,Black,Gray,None reported,Yes,6500,212500
3808,Lexus,IS-F Base,2010,Gasoline,416.0HP 5.0L 8 Cylinder Engine Gasoline Fuel,8-Speed A/T,White,Red,At least 1 accident or damage reported,Yes,34500,77400
3809,Ford,Utility Police Interceptor Base,2017,Gasoline,365.0HP 3.5L V6 Cylinder Engine Gasoline Fuel,6-Speed A/T,Black,Black,None reported,Yes,15000,118000
3810,Porsche,Carrera GT Base,2005,Gasoline,605.0HP 5.7L 10 Cylinder Engine Gasoline Fuel,6-Speed M/T,Gray,Black,None reported,Yes,1599000,4400
3811,Cadillac,Escalade ESV Luxury,2016,Gasoline,420.0HP 6.2L 8 Cylinder Engine Gasoline Fuel,8-Speed A/T,White,Beige,None reported,Yes,24500,146200
3812,Tesla,Model Y Performance,2020,,455.0HP Electric Motor Electric Fuel System,1-Speed A/T,Silver,Black,None reported,Yes,43000,39000
3813,Chevrolet,Avalanche 1500 LS,2005,E85 Flex Fuel,295.0HP 5.3L 8 Cylinder Engine Flex Fuel Capability,A/T,Red,Gray,None reported,Yes,7200,130000
3814,Ford,F-150 Lariat,2021,Gasoline,325.0HP 2.7L V6 Cylinder Engine Gasoline Fuel,10-Speed A/T,White,Black,None reported,Yes,47850,33080
3815,Mercedes-Benz,GLB 250 Base 4MATIC,2023,Gasoline,2.0L I4 16V GDI DOHC Turbo,Automatic,Midnight Black,Classic Red,None reported,,46479,1219
3816,Jeep,Wrangler Sport,2016,Gasoline,285.0HP 3.6L V6 Cylinder Engine Gasoline Fuel,5-Speed A/T,White,Black,None reported,Yes,25000,41000
3817,Nissan,350Z Touring,2004,Gasoline,287.0HP 3.5L V6 Cylinder Engine Gasoline Fuel,6-Speed M/T,Black,Orange,At least 1 accident or damage reported,Yes,11500,110897
3818,Chevrolet,Corvette Z06,2016,Gasoline,650.0HP 6.2L 8 Cylinder Engine Gasoline Fuel,7-Speed M/T,Orange,–,None reported,Yes,75000,49000
3819,Pontiac,Solstice GXP,2007,Gasoline,260.0HP 2.0L 4 Cylinder Engine Gasoline Fuel,5-Speed M/T,Black,Black,None reported,Yes,13300,47000
3820,Hyundai,Sonata SE,2018,Gasoline,185.0HP 2.4L 4 Cylinder Engine Gasoline Fuel,A/T,Gray,Gray,At least 1 accident or damage reported,Yes,15900,57690
3821,Mercedes-Benz,SLS AMG Base,2012,Gasoline,6.2L V8 32V MPFI DOHC,7-Speed Automatic with Auto-Shift,Iridium Silver Metallic,Red,None reported,Yes,226000,17941
3822,Lincoln,Navigator Reserve,2018,Gasoline,450.0HP 3.5L V6 Cylinder Engine Gasoline Fuel,10-Speed A/T,Brown,Orange,At least 1 accident or damage reported,Yes,46500,54000
3823,Nissan,Maxima SL,2007,Gasoline,255.0HP 3.5L V6 Cylinder Engine Gasoline Fuel,A/T,Silver,Black,None reported,Yes,6700,101600
3824,Ford,Ranger XLT,2021,Gasoline,270.0HP 2.3L 4 Cylinder Engine Gasoline Fuel,10-Speed A/T,Black,Black,None reported,Yes,34000,89000
3825,Tesla,Model 3 Long Range,2021,,Electric Motor Electric Fuel System,A/T,Black,Black,None reported,Yes,42500,18000
3826,Jaguar,XE 35t Premium,2017,Gasoline,340.0HP 3.0L V6 Cylinder Engine Gasoline Fuel,A/T,Gray,Black,None reported,Yes,25000,55000
3827,Lincoln,MKZ Reserve,2017,Gasoline,240.0HP 2.0L 4 Cylinder Engine Gasoline Fuel,6-Speed A/T,Blue,Black,None reported,Yes,18750,71964
3828,Cadillac,Escalade ESV Platinum,2020,Gasoline,420.0HP 6.2L 8 Cylinder Engine Gasoline Fuel,A/T,Black,Black,None reported,Yes,50000,92000
3829,Ford,Fusion SE,2012,E85 Flex Fuel,240.0HP 3.0L V6 Cylinder Engine Flex Fuel Capability,A/T,Gray,Black,None reported,Yes,4500,160000
3830,Mercedes-Benz,E-Class E 350,2012,Gasoline,302.0HP 3.5L V6 Cylinder Engine Gasoline Fuel,7-Speed A/T,White,Beige,None reported,Yes,12000,95816
3831,Jeep,Wrangler Unlimited Sport,2014,Gasoline,285.0HP 3.6L V6 Cylinder Engine Gasoline Fuel,5-Speed A/T,White,–,At least 1 accident or damage reported,Yes,17000,132600
3833,Jeep,Wrangler Sport,2010,Gasoline,202.0HP 3.8L V6 Cylinder Engine Gasoline Fuel,4-Speed A/T,Black,Black,None reported,Yes,10700,149460
3834,Jeep,Wrangler Sport,2011,Gasoline,3.8L V6 12V MPFI OHV,4-Speed Automatic,Mango Tango Pearlcoat,Black,None reported,,16998,109646
3835,Acura,MDX 3.5L w/Technology Package,2019,Gasoline,3.5 Liter,Automatic,White,Parchment,None reported,,27698,90605
3836,Volkswagen,Jetta 1.4T S,2019,Gasoline,147.0HP 1.4L 4 Cylinder Engine Gasoline Fuel,A/T,Gray,Black,None reported,Yes,17000,59000
3837,Chevrolet,Camaro Z28,2002,Gasoline,310.0HP 5.7L 8 Cylinder Engine Gasoline Fuel,A/T,White,Black,None reported,Yes,21999,48000
3838,Chevrolet,Corvette Z06,2016,Gasoline,650.0HP 6.2L 8 Cylinder Engine Gasoline Fuel,7-Speed M/T,White,Black,None reported,Yes,66000,41500
3839,Porsche,Cayman R,2012,Gasoline,330.0HP 3.4L Flat 6 Cylinder Engine Gasoline Fuel,7-Speed A/T,Black,Gray,None reported,Yes,75000,54000
3840,Porsche,Cayenne Base,2018,Gasoline,300.0HP 3.6L V6 Cylinder Engine Gasoline Fuel,8-Speed A/T,White,Black,None reported,Yes,45855,70455
3841,Subaru,Crosstrek 2.0i Limited,2018,Gasoline,152.0HP 2.0L 4 Cylinder Engine Gasoline Fuel,CVT Transmission,Gray,Black,None reported,Yes,21499,84054
3842,BMW,750 Li,2007,Gasoline,360.0HP 4.8L 8 Cylinder Engine Gasoline Fuel,A/T,Black,Black,None reported,Yes,9000,114528
3843,Jeep,Wrangler Sahara,2013,Gasoline,285.0HP 3.6L V6 Cylinder Engine Gasoline Fuel,A/T,Red,Black,At least 1 accident or damage reported,Yes,26500,111850
3844,GMC,Sierra 2500 AT4,2020,Diesel,445.0HP 6.6L 8 Cylinder Engine Diesel Fuel,6-Speed A/T,Black,Beige,None reported,Yes,69500,52673
3845,BMW,X3 M AWD,2021,Gasoline,473.0HP 3.0L Straight 6 Cylinder Engine Gasoline Fuel,8-Speed A/T,Black,Black,None reported,Yes,54500,31500
3846,BMW,335 i,2011,Gasoline,300.0HP 3.0L Straight 6 Cylinder Engine Gasoline Fuel,Transmission w/Dual Shift Mode,Red,Beige,None reported,Yes,16000,73000
3847,Jeep,Wrangler Unlimited Sahara,2019,Gasoline,285.0HP 3.6L V6 Cylinder Engine Gasoline Fuel,8-Speed A/T,Gray,Black,None reported,Yes,35900,59692
3848,Toyota,Corolla S Plus,2016,Gasoline,132.0HP 1.8L 4 Cylinder Engine Gasoline Fuel,Transmission w/Dual Shift Mode,White,Black,None reported,Yes,16000,68364
3849,Land,Rover Discovery HSE LUXURY,2017,Gasoline,340.0HP 3.0L V6 Cylinder Engine Gasoline Fuel,8-Speed A/T,Black,Beige,At least 1 accident or damage reported,Yes,29000,47200
3850,Mercedes-Benz,E-Class E 450 4MATIC,2021,Hybrid,362.0HP 3.0L Straight 6 Cylinder Engine Gasoline/Mild Electric Hybrid,9-Speed A/T,Gray,Black,At least 1 accident or damage reported,Yes,62000,18000
3851,Ford,Fusion Hybrid Base,2012,Hybrid,191.0HP 2.5L 4 Cylinder Engine Gas/Electric Hybrid,A/T,Gray,Black,At least 1 accident or damage reported,Yes,8250,158366
3852,BMW,X1 xDrive 28i,2017,Gasoline,228.0HP 2.0L 4 Cylinder Engine Gasoline Fuel,8-Speed A/T,Blue,Black,None reported,Yes,26000,49700
3853,GMC,Terrain SLE,2010,Gasoline,182.0HP 2.4L 4 Cylinder Engine Gasoline Fuel,A/T,Brown,Gray,None reported,Yes,12250,81500
3854,BMW,i3 120Ah w/Range Extender,2019,,170.0HP 0.65L Electric Motor Electric Fuel System,A/T,Black,Black,None reported,Yes,26990,16975
3855,Porsche,911 GT3,2018,Gasoline,"4L H-6 gasoline direct injection, DOHC, VarioCam Plus variable v","Manual, 6-Spd",GT SILVER,BLACK,None reported,,209000,5989
3856,Ford,Mustang SVT Cobra,2003,Gasoline,390.0HP 4.6L 8 Cylinder Engine Gasoline Fuel,M/T,Red,Beige,None reported,Yes,35500,16100
3857,Land,Rover Range Rover Supercharged LWB,2020,Gasoline,518.0HP 5.0L 8 Cylinder Engine Gasoline Fuel,A/T,White,White,None reported,Yes,67500,54225
3858,RAM,2500 Big Horn,2016,Gasoline,410.0HP 6.4L 8 Cylinder Engine Gasoline Fuel,A/T,Black,Gray,None reported,Yes,35000,89500
3859,Ford,E250 Cargo,2013,E85 Flex Fuel,225.0HP 4.6L 8 Cylinder Engine Flex Fuel Capability,4-Speed A/T,White,Gray,At least 1 accident or damage reported,Yes,17777,87501
3860,MINI,Countryman Cooper S ALL4,2018,Gasoline,189.0HP 2.0L 4 Cylinder Engine Gasoline Fuel,8-Speed A/T,Blue,Black,None reported,Yes,28900,12370
3861,RAM,1500 Classic Tradesman,2019,Gasoline,395.0HP 5.7L 8 Cylinder Engine Gasoline Fuel,8-Speed A/T,Gray,Gray,None reported,Yes,28995,12466
3862,Volvo,C70 T5,2011,Gasoline,227.0HP 2.5L 5 Cylinder Engine Gasoline Fuel,Transmission w/Dual Shift Mode,Red,Beige,At least 1 accident or damage reported,Yes,5500,199000
3863,Mercedes-Benz,SL-Class SL600 Roadster,2007,Gasoline,510.0HP 5.5L 12 Cylinder Engine Gasoline Fuel,5-Speed A/T,Black,Brown,At least 1 accident or damage reported,Yes,22999,78200
3864,Toyota,Camry Hybrid XLE,2018,Hybrid,208.0HP 2.5L 4 Cylinder Engine Gas/Electric Hybrid,A/T,White,Beige,None reported,Yes,29500,22000
3865,GMC,Acadia SLE-2,2016,Gasoline,3.6L V6 24V GDI DOHC,6-Speed Automatic,White Frost Tri-Coat,Ebony,At least 1 accident or damage reported,Yes,12995,100795
3866,Chevrolet,Impala 1LT,2019,Gasoline,3.6L V6 24V GDI DOHC,6-Speed Automatic,Silver Ice Metallic,Jet Black,None reported,Yes,17816,99941
3867,Jeep,Grand Cherokee L Laredo,2021,Gasoline,3.6L V6 24V MPFI DOHC,8-Speed Automatic,Metallic,Global Black,,,38633,23588
3868,Jeep,Liberty Sport,2003,Gasoline,210.0HP 3.7L V6 Cylinder Engine Gasoline Fuel,A/T,Black,Gray,None reported,Yes,5200,103000
3869,Jaguar,XF Luxury,2009,Gasoline,300.0HP 4.2L 8 Cylinder Engine Gasoline Fuel,6-Speed A/T,Blue,Beige,None reported,Yes,7000,91491
3870,Honda,Civic Sport,2020,Gasoline,2.0L I4 16V MPFI DOHC,Automatic CVT,Crystal Black Pearl,Black,At least 1 accident or damage reported,,23739,23131
3871,Subaru,Outback 2.5i Premium,2019,Gasoline,175.0HP 2.5L 4 Cylinder Engine Gasoline Fuel,CVT Transmission,Gray,Gray,At least 1 accident or damage reported,Yes,18749,77000
3872,Land,Rover Range Rover Sport HSE Dynamic,2019,Gasoline,380.0HP 3.0L V6 Cylinder Engine Gasoline Fuel,A/T,White,White,None reported,Yes,76000,20500
3873,Tesla,Model Y Long Range,2022,,425.0HP Electric Motor Electric Fuel System,A/T,White,Black,None reported,Yes,45900,500
3874,Lexus,ES 350 Base,2019,Gasoline,302.0HP 3.5L V6 Cylinder Engine Gasoline Fuel,8-Speed A/T,Gray,Black,At least 1 accident or damage reported,Yes,33900,49810
3875,Honda,CR-V Touring,2022,Gasoline,1.5L I4 16V GDI DOHC Turbo,Automatic CVT,Black,Black,None reported,,36727,20229
3876,Alfa,Romeo Giulia Quadrifoglio,2021,Gasoline,505.0HP 2.9L V6 Cylinder Engine Gasoline Fuel,8-Speed A/T,White,Black,None reported,Yes,75000,10558
3877,BMW,330 i,2005,Gasoline,225.0HP 3.0L Straight 6 Cylinder Engine Gasoline Fuel,M/T,Red,Black,None reported,Yes,30900,59300
3878,Maybach,Type 57 Base,2004,Gasoline,543.0HP 5.5L 12 Cylinder Engine Gasoline Fuel,5-Speed A/T,Brown,–,None reported,Yes,64250,34254
3879,Lexus,ES 250 Base,2021,Gasoline,2.5 Liter,Automatic,Eminent White Pearl,Chateau,None reported,,37998,24364
3880,Mercedes-Benz,Sprinter 2500,2016,Diesel,161.0HP 2.1L 4 Cylinder Engine Diesel Fuel,A/T,White,Black,At least 1 accident or damage reported,Yes,22000,139200
3881,Mercedes-Benz,E-Class E 350,2012,Gasoline,302.0HP 3.5L V6 Cylinder Engine Gasoline Fuel,7-Speed A/T,Black,Beige,None reported,Yes,13999,82046
3882,Dodge,Dakota Sport,1997,Gasoline,230.0HP 5.2L 8 Cylinder Engine Gasoline Fuel,4-Speed A/T,White,Gray,None reported,Yes,6399,285000
3883,RAM,1500 Tradesman/Express,2017,E85 Flex Fuel,3.6L V6 24V MPFI DOHC Flexible Fuel,8-Speed Automatic,Bright White Clearcoat,Black,At least 1 accident or damage reported,,25307,26269
3884,Mazda,CX-9 Touring,2016,Gasoline,227.0HP 2.5L 4 Cylinder Engine Gasoline Fuel,A/T,Brown,–,At least 1 accident or damage reported,Yes,16770,127131
3885,Porsche,911 Turbo S,2019,Gasoline,580.0HP 3.8L Flat 6 Cylinder Engine Gasoline Fuel,Transmission w/Dual Shift Mode,White,Black,None reported,Yes,179900,31000
3886,BMW,X3 xDrive30i,2021,Gasoline,248.0HP 2.0L 4 Cylinder Engine Gasoline Fuel,8-Speed A/T,Black,Brown,None reported,Yes,38400,27000
3887,Jeep,Grand Cherokee Limited,2015,E85 Flex Fuel,290.0HP 3.6L V6 Cylinder Engine Flex Fuel Capability,A/T,White,Black,None reported,Yes,18900,93400
3888,BMW,X7 xDrive40i,2021,Hybrid,335.0HP 3.0L Straight 6 Cylinder Engine Gasoline/Mild Electric Hybrid,8-Speed A/T,White,Brown,At least 1 accident or damage reported,Yes,71200,9200
3889,Mercedes-Benz,SL-Class SL 550,2014,Gasoline,429.0HP 4.7L 8 Cylinder Engine Gasoline Fuel,7-Speed A/T,Brown,Beige,At least 1 accident or damage reported,Yes,32999,76850
3890,Bentley,Continental GT W12,2016,Gasoline,582.0HP 6.0L 12 Cylinder Engine Gasoline Fuel,A/T,Black,Black,At least 1 accident or damage reported,Yes,98000,61160
3891,Jeep,Wrangler Unlimited,2005,Gasoline,190.0HP 4.0L Straight 6 Cylinder Engine Gasoline Fuel,A/T,Red,Black,At least 1 accident or damage reported,Yes,15900,146000
3892,Tesla,Model S 100D,2017,,Electric Motor Electric Fuel System,1-Speed A/T,Silver,Beige,None reported,Yes,46750,38957
3893,Volkswagen,Golf SportWagen TSI SE,2017,Gasoline,170.0HP 1.8L 4 Cylinder Engine Gasoline Fuel,6-Speed A/T,Blue,Beige,None reported,Yes,16500,33850
3894,Jeep,Wrangler Unlimited Sahara,2020,Gasoline,2.0L I4 16V GDI DOHC Turbo,8-Speed Automatic,Granite Crystal Clearcoat Metallic,Black,At least 1 accident or damage reported,,39860,61830
3895,Kia,Sorento SXL,2017,Gasoline,3.3L V6 24V GDI DOHC,6-Speed Automatic,Titanium Silver,Satin Black,None reported,,15998,108559
3896,Lexus,LS 430 Base,2006,Gasoline,278.0HP 4.3L 8 Cylinder Engine Gasoline Fuel,6-Speed A/T,Silver,Gray,At least 1 accident or damage reported,Yes,7390,192000
3897,Mercedes-Benz,E-Class E 350 4MATIC,2014,Gasoline,302.0HP 3.5L V6 Cylinder Engine Gasoline Fuel,7-Speed A/T,Black,Black,None reported,Yes,15500,83112
3898,Tesla,Model X 75D,2016,,518.0HP Electric Motor Electric Fuel System,A/T,Black,Beige,None reported,Yes,52000,52000
3899,RAM,1500 Rebel,2020,Gasoline,395.0HP 5.7L 8 Cylinder Engine Gasoline Fuel,8-Speed A/T,Black,Black,None reported,Yes,43500,57300
3900,MINI,Cooper Base,2008,Gasoline,118.0HP 1.6L 4 Cylinder Engine Gasoline Fuel,6-Speed A/T,Red,Black,At least 1 accident or damage reported,Yes,4100,104500
3901,Jeep,Cherokee Sport,1996,Gasoline,190.0HP 4.0L Straight 6 Cylinder Engine Gasoline Fuel,4-Speed A/T,Black,Gray,At least 1 accident or damage reported,Yes,6500,170552
3902,Ford,Mustang GT Premium,2013,Gasoline,412.0HP 5.0L 8 Cylinder Engine Gasoline Fuel,6-Speed A/T,Silver,Black,None reported,Yes,29000,18000
3903,Lincoln,Navigator Reserve,2019,Gasoline,450.0HP 3.5L V6 Cylinder Engine Gasoline Fuel,10-Speed A/T,Black,Black,None reported,Yes,51999,39000
3904,Jeep,Gladiator Rubicon,2020,Gasoline,285.0HP 3.6L V6 Cylinder Engine Gasoline Fuel,8-Speed A/T,Black,Black,None reported,Yes,45000,38000
3905,Porsche,Cayman GT4,2016,Gasoline,385.0HP 3.8L Flat 6 Cylinder Engine Gasoline Fuel,6-Speed M/T,White,Black,None reported,Yes,115000,15168
3906,Honda,Civic EX,2012,Gasoline,140.0HP 1.8L 4 Cylinder Engine Gasoline Fuel,A/T,Black,–,None reported,Yes,6500,167506
3907,Jeep,Grand Cherokee Laredo,2012,E85 Flex Fuel,290.0HP 3.6L V6 Cylinder Engine Flex Fuel Capability,A/T,White,Gray,At least 1 accident or damage reported,Yes,13000,166000
3908,Ford,Shelby GT500 Base,2021,Gasoline,760.0HP 5.2L 8 Cylinder Engine Gasoline Fuel,Transmission w/Dual Shift Mode,Black,Black,None reported,Yes,82950,19200
3909,Land,Rover Defender SE,2022,Hybrid,395.0HP 3.0L Straight 6 Cylinder Engine Gasoline/Mild Electric Hybrid,8-Speed A/T,Green,Beige,None reported,Yes,75000,46000
3910,Hummer,H3 Base,2007,Gasoline,242.0HP 3.7L 5 Cylinder Engine Gasoline Fuel,A/T,White,Black,At least 1 accident or damage reported,Yes,7200,201000
3911,Kia,Sportage LX,2014,Gasoline,182.0HP 2.4L 4 Cylinder Engine Gasoline Fuel,A/T,Black,Black,At least 1 accident or damage reported,Yes,8900,87000
3912,GMC,Yukon XL 1500 SLT,2015,Gasoline,355.0HP 5.3L 8 Cylinder Engine Gasoline Fuel,6-Speed A/T,White,Beige,None reported,Yes,24950,145000
3913,Jeep,Wrangler Unlimited Sport,2020,Gasoline,285.0HP 3.6L V6 Cylinder Engine Gasoline Fuel,8-Speed A/T,White,Black,None reported,Yes,36500,33060
3914,Ford,Bronco XLT,1995,–,–,A/T,Blue,Gray,None reported,Yes,15000,195000
3915,Tesla,Model S Long Range Plus,2021,,557.0HP Electric Motor Electric Fuel System,A/T,Gray,Black,None reported,Yes,67800,10550
3916,Audi,A6 3.0T Prestige,2014,Gasoline,310.0HP 3.0L V6 Cylinder Engine Gasoline Fuel,Transmission w/Dual Shift Mode,Gray,Black,None reported,Yes,18000,89500
3917,Jeep,Wrangler 80th Anniversary,2021,Hybrid,285.0HP 3.6L V6 Cylinder Engine Gasoline/Mild Electric Hybrid,8-Speed A/T,Red,Black,None reported,Yes,37500,27000
3918,Jeep,Wrangler Sport,2010,Gasoline,202.0HP 3.8L V6 Cylinder Engine Gasoline Fuel,6-Speed M/T,Blue,Black,None reported,Yes,18500,87250
3919,Volkswagen,CC 2.0T Sport,2016,Gasoline,200.0HP 2.0L 4 Cylinder Engine Gasoline Fuel,A/T,White,Black,At least 1 accident or damage reported,Yes,13000,76495
3920,Cadillac,SRX Luxury Collection,2016,Gasoline,308.0HP 3.6L V6 Cylinder Engine Gasoline Fuel,6-Speed A/T,Silver,Beige,None reported,Yes,15500,70503
3921,Porsche,Cayenne Turbo,2009,Gasoline,500.0HP 4.8L 8 Cylinder Engine Gasoline Fuel,Transmission w/Dual Shift Mode,Black,Beige,At least 1 accident or damage reported,Yes,35000,41965
3922,Toyota,4Runner 4WD,1999,Gasoline,150.0HP 2.7L 4 Cylinder Engine Gasoline Fuel,5-Speed M/T,Silver,Beige,At least 1 accident or damage reported,Yes,8000,267000
3923,Mitsubishi,Eclipse GT,2003,Gasoline,200.0HP 3.0L V6 Cylinder Engine Gasoline Fuel,4-Speed A/T,Gray,Black,At least 1 accident or damage reported,Yes,4200,146000
3924,Chevrolet,Corvette Stingray w/1LT,2023,Gasoline,490.0HP 6.2L 8 Cylinder Engine Gasoline Fuel,8-Speed A/T,White,White,None reported,Yes,82500,9000
3925,Toyota,GR86 Premium,2022,Gasoline,228.0HP 2.4L 4 Cylinder Engine Gasoline Fuel,6-Speed A/T,Gray,Black,None reported,Yes,40000,1050
3926,Land,Rover Range Rover P525 Westminster,2021,Gasoline,5.0L V8 32V GDI DOHC Supercharged,8-Speed Automatic,Gray,Ebony,None reported,,89900,22270
3927,Ford,Mustang GT Premium,2012,Gasoline,412.0HP 5.0L 8 Cylinder Engine Gasoline Fuel,6-Speed A/T,White,Black,None reported,Yes,26500,19900
3928,Tesla,Model Y Long Range,2020,,425.0HP Electric Motor Electric Fuel System,1-Speed A/T,White,White,None reported,Yes,44990,19800
3929,RAM,1500 Sport,2012,Gasoline,390.0HP 5.7L 8 Cylinder Engine Gasoline Fuel,A/T,Black,Black,None reported,Yes,17900,113500
3930,Lamborghini,Gallardo LP550-2,2013,Gasoline,550.0HP 5.2L 10 Cylinder Engine Gasoline Fuel,6-Speed A/T,Black,Black,None reported,Yes,150000,22000
3931,INFINITI,Q60 3.0t Red Sport 400,2022,Gasoline,400.0HP 3.0L V6 Cylinder Engine Gasoline Fuel,Transmission w/Dual Shift Mode,Red,Black,None reported,Yes,54000,3300
3932,Volkswagen,e-Golf SE,2016,,115.0HP Electric Motor Electric Fuel System,1-Speed A/T,Blue,Gray,None reported,Yes,12000,41615
3933,Tesla,Model X Long Range,2022,,670.0HP Electric Motor Electric Fuel System,A/T,White,White,None reported,Yes,92500,11860
3934,BMW,M5 Base,2015,Gasoline,560.0HP 4.4L 8 Cylinder Engine Gasoline Fuel,7-Speed A/T,Black,Black,None reported,Yes,52500,27000
3935,Kia,K5 GT-Line,2022,Gasoline,1.6L I4 16V GDI DOHC Turbo,8-Speed Automatic,Glacial White Pearl,Black,At least 1 accident or damage reported,Yes,29430,22101
3936,Chevrolet,Caprice Classic Base,1996,Gasoline,260.0HP 5.7L 8 Cylinder Engine Gasoline Fuel,A/T,Purple,Gray,,,18500,60000
3937,Subaru,BRZ Limited,2013,Gasoline,200.0HP 2.0L 4 Cylinder Engine Gasoline Fuel,6-Speed M/T,Gray,Black,None reported,Yes,22888,46452
3938,Lincoln,MKZ Reserve I,2019,Gasoline,245.0HP 2.0L 4 Cylinder Engine Gasoline Fuel,6-Speed A/T,White,Beige,None reported,Yes,26500,36000
3939,Chevrolet,Corvette Grand Sport,2019,Gasoline,460.0HP 6.2L 8 Cylinder Engine Gasoline Fuel,7-Speed M/T,Silver,Red,None reported,Yes,61950,13100
3940,Audi,Q5 2.0T Premium Plus,2019,Gasoline,248.0HP 2.0L 4 Cylinder Engine Gasoline Fuel,7-Speed A/T,White,Beige,At least 1 accident or damage reported,Yes,27000,50000
3941,Mazda,CX-9 Signature,2018,Gasoline,227.0HP 2.5L 4 Cylinder Engine Gasoline Fuel,Transmission w/Dual Shift Mode,White,Brown,None reported,Yes,32250,19500
3942,Ford,Mustang GT,2016,Gasoline,435.0HP 5.0L 8 Cylinder Engine Gasoline Fuel,6-Speed M/T,Orange,Black,At least 1 accident or damage reported,Yes,31000,36000
3943,Rolls-Royce,Wraith Base,2016,Gasoline,624.0HP 6.6L 12 Cylinder Engine Gasoline Fuel,A/T,Brown,Black,,,217000,21000
3944,Chevrolet,Camaro 1SS,2022,Gasoline,455.0HP 6.2L 8 Cylinder Engine Gasoline Fuel,A/T,Orange,Black,None reported,Yes,51999,6640
3945,BMW,X5 xDrive35i,2016,Gasoline,300.0HP 3.0L Straight 6 Cylinder Engine Gasoline Fuel,A/T,White,Brown,At least 1 accident or damage reported,Yes,21900,74850
3946,Nissan,Maxima SV,2014,Gasoline,290.0HP 3.5L V6 Cylinder Engine Gasoline Fuel,Transmission w/Dual Shift Mode,White,Black,At least 1 accident or damage reported,Yes,10900,117000
3947,Toyota,Tundra TRD Pro,2016,E85 Flex Fuel,381.0HP 5.7L 8 Cylinder Engine Flex Fuel Capability,6-Speed A/T,Black,Black,,,39900,51400
3948,INFINITI,QX60 AUTOGRAPH,2022,Gasoline,295.0HP 3.5L V6 Cylinder Engine Gasoline Fuel,9-Speed A/T,Gold,Brown,None reported,Yes,57999,6000
3949,Mitsubishi,Lancer Evolution MR,2006,Gasoline,286.0HP 2.0L 4 Cylinder Engine Gasoline Fuel,6-Speed M/T,Silver,Black,None reported,Yes,37999,128000
3950,BMW,X3 xDrive30i,2021,Gasoline,248.0HP 2.0L 4 Cylinder Engine Gasoline Fuel,Transmission w/Dual Shift Mode,White,Brown,None reported,Yes,39995,15000
3951,Toyota,Tundra SR5,2016,Gasoline,381.0HP 5.7L 8 Cylinder Engine Gasoline Fuel,6-Speed A/T,Red,Black,None reported,Yes,29950,119000
3952,Lincoln,Mark LT Base,2006,Gasoline,300.0HP 5.4L 8 Cylinder Engine Gasoline Fuel,A/T,Silver,Black,At least 1 accident or damage reported,Yes,12999,87500
3953,Ford,Flex SEL,2011,Gasoline,262.0HP 3.5L V6 Cylinder Engine Gasoline Fuel,6-Speed A/T,Black,Beige,None reported,Yes,7999,149000
3954,Audi,Q5 2.0T Premium Plus,2015,E85 Flex Fuel,220.0HP 2.0L 4 Cylinder Engine Flex Fuel Capability,8-Speed A/T,Gray,Brown,At least 1 accident or damage reported,Yes,20995,54700
3955,Ford,F-150 XL,2021,Gasoline,3.5L V6 24V PDI DOHC Twin Turbo,10-Speed Automatic,Agate Black Metallic,Black,None reported,Yes,38532,45979
3956,Lincoln,Continental Reserve,2017,Gasoline,335.0HP 2.7L V6 Cylinder Engine Gasoline Fuel,Transmission w/Dual Shift Mode,White,Beige,None reported,Yes,29000,56846
3957,Tesla,Model X 75D,2017,,518.0HP Electric Motor Electric Fuel System,A/T,Black,Orange,At least 1 accident or damage reported,Yes,49900,94100
3958,Jeep,Grand Cherokee Limited,2017,Gasoline,293.0HP 3.6L V6 Cylinder Engine Gasoline Fuel,8-Speed A/T,Blue,Black,At least 1 accident or damage reported,Yes,22500,80150
3959,GMC,Terrain SLT-1,2013,Gasoline,182.0HP 2.4L 4 Cylinder Engine Gasoline Fuel,A/T,Blue,Black,At least 1 accident or damage reported,Yes,12300,11563
3960,Tesla,Model X Long Range,2022,,670.0HP Electric Motor Electric Fuel System,A/T,Silver,Black,None reported,Yes,84000,7500
3961,Mercedes-Benz,AMG E 53 Base 4MATIC,2021,Hybrid,429.0HP 3.0L Straight 6 Cylinder Engine Gasoline/Mild Electric Hybrid,9-Speed A/T,Gray,Black,None reported,Yes,78000,15615
3962,Subaru,Impreza WRX Base,2013,Gasoline,265.0HP 2.5L 4 Cylinder Engine Gasoline Fuel,5-Speed M/T,Blue,Black,At least 1 accident or damage reported,Yes,16000,113000
3963,Kia,Optima S,2018,Gasoline,185.0HP 2.4L 4 Cylinder Engine Gasoline Fuel,6-Speed A/T,White,Black,None reported,Yes,15000,74000
3964,Mercedes-Benz,M-Class ML 350,2011,Gasoline,268.0HP 3.5L V6 Cylinder Engine Gasoline Fuel,A/T,Black,Black,None reported,Yes,11900,99200
3965,Volkswagen,Beetle 2.0T S,2018,Gasoline,174.0HP 2.0L 4 Cylinder Engine Gasoline Fuel,6-Speed A/T,Red,Red,None reported,Yes,23999,36824
3966,Acura,RSX Base,2005,Gasoline,160.0HP 2.0L 4 Cylinder Engine Gasoline Fuel,A/T,Gray,Beige,At least 1 accident or damage reported,Yes,6700,186040
3967,GMC,Acadia SLE,2020,Gasoline,310.0HP 3.6L V6 Cylinder Engine Gasoline Fuel,9-Speed A/T,Black,Black,None reported,Yes,27700,58000
3968,Ford,F-150 Lariat,2020,Gasoline,325.0HP 2.7L V6 Cylinder Engine Gasoline Fuel,A/T,Blue,Gray,None reported,Yes,42500,31250
3969,Jeep,Gladiator Overland,2020,Gasoline,285.0HP 3.6L V6 Cylinder Engine Gasoline Fuel,A/T,White,Beige,None reported,Yes,46500,43000
3970,Toyota,Tacoma TRD Sport,2020,Gasoline,3.5 Liter,6 Speed Mt,Black,Black/Gun Metal,None reported,,41598,41199
3971,Kia,EV6 GT-Line,2022,,320.0HP Electric Motor Electric Fuel System,1-Speed A/T,Gray,Black,None reported,Yes,45000,22000
3972,Genesis,GV70 3.5T Sport,2022,Gasoline,375.0HP 3.5L V6 Cylinder Engine Gasoline Fuel,8-Speed A/T,Gray,White,None reported,Yes,53000,12900
3973,Ford,Explorer ST,2022,Gasoline,400.0HP 3.0L V6 Cylinder Engine Gasoline Fuel,Transmission w/Dual Shift Mode,Black,Black,,,50000,10500
3974,MINI,Countryman Cooper,2020,Gasoline,1.5L I3 12V GDI DOHC Turbo,7-Speed Automatic with Auto-Shift,Black,Black,None reported,Yes,21612,74725
3975,Mazda,CX-5 Grand Touring,2021,Gasoline,2.5L I4 16V GDI DOHC,6-Speed Automatic,Sonic Silver Metallic,Black,None reported,Yes,26485,61117
3976,BMW,325 i,2003,Gasoline,184.0HP 2.5L Straight 6 Cylinder Engine Gasoline Fuel,5-Speed M/T,Silver,Black,At least 1 accident or damage reported,Yes,4800,142000
3977,Ford,Mustang EcoBoost Premium,2019,–,–,6-Speed M/T,Gray,Black,None reported,Yes,34700,31000
3978,Toyota,Yaris L,2012,Gasoline,106.0HP 1.5L 4 Cylinder Engine Gasoline Fuel,4-Speed A/T,Black,Gray,At least 1 accident or damage reported,Yes,7950,129355
3979,Chevrolet,Express 1500 Base,2010,E85 Flex Fuel,310.0HP 5.3L 8 Cylinder Engine Flex Fuel Capability,4-Speed A/T,White,Gray,At least 1 accident or damage reported,Yes,4900,204000
3980,Lincoln,Navigator L Select,2016,Gasoline,380.0HP 3.5L V6 Cylinder Engine Gasoline Fuel,6-Speed A/T,Black,Black,None reported,Yes,22500,115600
3981,Jeep,Wrangler Sahara Altitude,2023,Hybrid,285.0HP 3.6L V6 Cylinder Engine Gasoline/Mild Electric Hybrid,A/T,Gray,Black,None reported,Yes,62500,1563
3982,Bentley,Continental GT Base,2007,Gasoline,552.0HP 6.0L 12 Cylinder Engine Gasoline Fuel,A/T,Black,Black,At least 1 accident or damage reported,Yes,35995,72166
3983,Lexus,RX 350 F Sport,2018,Gasoline,295.0HP 3.5L V6 Cylinder Engine Gasoline Fuel,8-Speed A/T,Gray,Red,None reported,Yes,37899,26100
3984,BMW,430 i,2017,Gasoline,248.0HP 2.0L 4 Cylinder Engine Gasoline Fuel,8-Speed A/T,White,Brown,None reported,Yes,21000,58880
3985,Cadillac,Escalade Sport Platinum,2021,Gasoline,420.0HP 6.2L 8 Cylinder Engine Gasoline Fuel,10-Speed A/T,Black,Black,None reported,Yes,104000,26000
3986,Honda,Civic EX,2008,Gasoline,140.0HP 1.8L 4 Cylinder Engine Gasoline Fuel,5-Speed M/T,Silver,Silver,At least 1 accident or damage reported,Yes,5500,190640
3987,Porsche,Cayenne AWD,2020,Gasoline,335.0HP 3.0L V6 Cylinder Engine Gasoline Fuel,8-Speed A/T,White,Black,None reported,Yes,59900,37500
3988,Ford,Mustang Mach-E GT,2022,,480.0HP Electric Motor Electric Fuel System,1-Speed A/T,White,Black,None reported,Yes,54000,13856
3989,Cadillac,ATS 2.5L Luxury,2013,Gasoline,202.0HP 2.5L 4 Cylinder Engine Gasoline Fuel,6-Speed A/T,Blue,Black,None reported,Yes,13600,225000
3990,Lexus,LS 460 Base,2014,Gasoline,386.0HP 4.6L 8 Cylinder Engine Gasoline Fuel,8-Speed A/T,White,Beige,None reported,Yes,24995,123256
3991,Cadillac,Escalade Premium Luxury,2021,Gasoline,420.0HP 6.2L 8 Cylinder Engine Gasoline Fuel,10-Speed A/T,White,Brown,None reported,Yes,88900,11459
3992,Mercedes-Benz,C-Class C 300 4MATIC Sport,2016,Gasoline,241.0HP 2.0L 4 Cylinder Engine Gasoline Fuel,7-Speed A/T,White,Gray,None reported,Yes,20490,67289
3993,Hyundai,Veloster Base,2013,Gasoline,132.0HP 1.6L 4 Cylinder Engine Gasoline Fuel,Transmission w/Dual Shift Mode,Silver,Black,At least 1 accident or damage reported,Yes,10500,56837
3994,Chevrolet,Corvette Base,2002,Gasoline,350.0HP 5.7L 8 Cylinder Engine Gasoline Fuel,4-Speed A/T,Orange,Black,None reported,Yes,30000,44168
3995,Mercedes-Benz,C-Class C 300 4MATIC,2019,Gasoline,2.0L I4 16V GDI DOHC Turbo,9-Speed Automatic,Lunar Blue Metallic,Macchiato,None reported,,26900,59766
3996,Kia,Stinger GT,2018,Gasoline,365.0HP 3.3L V6 Cylinder Engine Gasoline Fuel,A/T,Silver,Black,None reported,Yes,29950,56300
3997,Volvo,S60 R,2004,Gasoline,300.0HP 2.5L 5 Cylinder Engine Gasoline Fuel,6-Speed M/T,Black,Beige,None reported,Yes,8000,167000
3998,Chevrolet,Silverado 2500 LT,2015,E85 Flex Fuel,360.0HP 6.0L 8 Cylinder Engine Flex Fuel Capability,A/T,Brown,Black,None reported,Yes,27499,122770
3999,Land,Rover Range Rover 3.0L V6 Supercharged HSE,2019,Gasoline,380.0HP 3.0L V6 Cylinder Engine Gasoline Fuel,A/T,Black,Black,None reported,Yes,54995,59271
4000,GMC,Sierra 1500 SLE,2015,Gasoline,355.0HP 5.3L 8 Cylinder Engine Gasoline Fuel,6-Speed A/T,Silver,Black,At least 1 accident or damage reported,Yes,24500,102000
4001,Chevrolet,Silverado 1500 RST,2020,Gasoline,5.3L V8 16V GDI OHV,Automatic,Cajun Red Tintcoat,Jet Black,At least 1 accident or damage reported,Yes,44800,40929
4002,Porsche,911 Turbo S,2019,Gasoline,580.0HP 3.8L Flat 6 Cylinder Engine Gasoline Fuel,7-Speed A/T,White,Beige,None reported,Yes,174900,22000
4003,Chevrolet,Suburban Z71,2022,Gasoline,420.0HP 6.2L 8 Cylinder Engine Gasoline Fuel,10-Speed A/T,White,Black,None reported,Yes,69790,19200
4004,Mercedes-Benz,G-Class G 550 4MATIC,2019,Gasoline,416.0HP 4.0L 8 Cylinder Engine Gasoline Fuel,A/T,Black,Black,None reported,Yes,128000,32376
4005,Porsche,911 Carrera,2023,Gasoline,379.0HP 3.0L Flat 6 Cylinder Engine Gasoline Fuel,8-Speed A/T,Silver,Black,None reported,Yes,134900,19800
4006,Land,Rover Range Rover Sport HSE,2011,Gasoline,375.0HP 5.0L 8 Cylinder Engine Gasoline Fuel,A/T,Black,Black,None reported,Yes,10000,105000
4007,Ford,F-250 Lariat,2016,Diesel,440.0HP 6.7L 8 Cylinder Engine Diesel Fuel,6-Speed A/T,Gray,Black,None reported,Yes,38900,122650
4008,Subaru,BRZ Limited,2022,Gasoline,228.0HP 2.4L 4 Cylinder Engine Gasoline Fuel,6-Speed M/T,White,Black,None reported,Yes,34999,14000
4009,Lexus,LS 460 Base,2008,Gasoline,380.0HP 4.6L 8 Cylinder Engine Gasoline Fuel,8-Speed A/T,Black,Beige,None reported,Yes,15397,100868
4010,Land,Rover Range Rover Sport HSE,2013,Gasoline,375.0HP 5.0L 8 Cylinder Engine Gasoline Fuel,6-Speed A/T,Black,Black,At least 1 accident or damage reported,Yes,15000,111000
4011,Cadillac,Escalade Sport Platinum,2021,Gasoline,420.0HP 6.2L 8 Cylinder Engine Gasoline Fuel,A/T,White,Black,At least 1 accident or damage reported,Yes,94995,38500
4012,Nissan,Pathfinder S,2020,Gasoline,284.0HP 3.5L V6 Cylinder Engine Gasoline Fuel,CVT Transmission,White,–,None reported,Yes,21865,41250
4013,MINI,Cooper S Base,2006,Gasoline,168.0HP 1.6L 4 Cylinder Engine Gasoline Fuel,6-Speed A/T,Orange,Black,None reported,Yes,5500,99600
4014,Acura,ILX 2.0L w/Premium Package,2013,Gasoline,150.0HP 2.0L 4 Cylinder Engine Gasoline Fuel,Transmission w/Dual Shift Mode,White,Black,At least 1 accident or damage reported,Yes,11000,198000
4015,Lexus,RX 350 Base,2021,Gasoline,3.5L V6 24V PDI DOHC,8-Speed Automatic,Atomic Silver,Gray,At least 1 accident or damage reported,,42599,20598
4016,Porsche,911 Carrera S,2013,Gasoline,400.0HP 3.8L Flat 6 Cylinder Engine Gasoline Fuel,7-Speed M/T,White,Gray,None reported,Yes,76500,52044
4017,MINI,Hardtop Cooper S,2022,Gasoline,189.0HP 2.0L 4 Cylinder Engine Gasoline Fuel,6-Speed M/T,Gray,Black,None reported,Yes,30000,23777
4018,Ford,F-150 Platinum,2018,Gasoline,375.0HP 3.5L V6 Cylinder Engine Gasoline Fuel,A/T,Gold,Black,At least 1 accident or damage reported,Yes,46900,60660
4019,BMW,i3 Base,2015,,170.0HP 0.65L Electric Motor Electric Fuel System,1-Speed A/T,White,Beige,None reported,Yes,14999,26000
4020,Mazda,CX-5 Touring,2018,Gasoline,187.0HP 2.5L 4 Cylinder Engine Gasoline Fuel,Transmission w/Dual Shift Mode,Gray,Black,None reported,Yes,21800,61000
4021,Lexus,RX 350 F Sport Performance,2020,Gasoline,295.0HP 3.5L V6 Cylinder Engine Gasoline Fuel,A/T,Black,Red,None reported,Yes,32600,53750
4022,BMW,X5 M50i,2023,Gasoline,4.4L V8 32V GDI DOHC Twin Turbo,8-Speed Automatic,Black Sapphire Metallic,Black,None reported,,77897,13735
4023,Mercedes-Benz,E-Class E 300,2019,Gasoline,2.0 Liter Turbo,Automatic,Obsidian Black Metallic,Beige,None reported,,33998,32580
4024,Porsche,911 Carrera Cabriolet,2006,Gasoline,325.0HP 3.6L Flat 6 Cylinder Engine Gasoline Fuel,6-Speed M/T,Silver,Black,At least 1 accident or damage reported,Yes,52500,96275
4025,Ford,F-350 Lariat,2015,Diesel,440.0HP 6.7L 8 Cylinder Engine Diesel Fuel,Transmission w/Dual Shift Mode,Red,Beige,None reported,Yes,32000,162000
4026,BMW,X3 xDrive30i,2019,Gasoline,2.0L I4 16V GDI DOHC Turbo,8-Speed Automatic,Alpine White,Black,None reported,Yes,24999,92040
4027,RAM,1500 SLT,2017,Gasoline,395.0HP 5.7L 8 Cylinder Engine Gasoline Fuel,8-Speed A/T,Blue,Gray,At least 1 accident or damage reported,Yes,27000,73690
4028,Toyota,Tacoma Base,2009,Gasoline,159.0HP 2.7L 4 Cylinder Engine Gasoline Fuel,M/T,Brown,Silver,None reported,Yes,17900,48750
4029,Cadillac,SRX Performance Collection,2011,Gasoline,265.0HP 3.0L V6 Cylinder Engine Gasoline Fuel,6-Speed A/T,Gray,Beige,None reported,Yes,8450,124542
4030,Ford,Mustang GT Premium,2010,Gasoline,315.0HP 4.6L 8 Cylinder Engine Gasoline Fuel,5-Speed A/T,White,Black,None reported,Yes,20000,69000
4031,Dodge,Ram 2500 Laramie Quad Cab,2004,Diesel,250.0HP 5.9L Straight 6 Cylinder Engine Diesel Fuel,4-Speed A/T,Black,Beige,None reported,Yes,19000,148000
4032,BMW,650 i,2006,Gasoline,360.0HP 4.8L 8 Cylinder Engine Gasoline Fuel,6-Speed M/T,Silver,Black,None reported,Yes,10500,122141
4033,Subaru,Impreza WRX,2012,Gasoline,265.0HP 2.5L 4 Cylinder Engine Gasoline Fuel,M/T,Black,Black,None reported,Yes,15000,106000
4034,Ford,Edge Titanium,2017,Gasoline,245.0HP 2.0L 4 Cylinder Engine Gasoline Fuel,6-Speed A/T,Gray,Black,At least 1 accident or damage reported,Yes,16500,113294
4035,Kia,Telluride SX,2021,Gasoline,3.8L V6 24V GDI DOHC,8-Speed Automatic,Black,Black,None reported,,44315,24423
4036,Tesla,Model S Long Range,2022,,670.0HP Electric Motor Electric Fuel System,1-Speed A/T,Gray,White,None reported,Yes,68750,28000
4037,RAM,1500 Rebel,2018,Gasoline,395.0HP 5.7L 8 Cylinder Engine Gasoline Fuel,A/T,White,Black,At least 1 accident or damage reported,Yes,37050,54800
4038,Ford,Explorer XLT,2017,Gasoline,290.0HP 3.5L V6 Cylinder Engine Gasoline Fuel,6-Speed A/T,Gray,Black,None reported,Yes,17500,161000
4039,Mercedes-Benz,AMG GLE 43 4MATIC Coupe,2019,Gasoline,385.0HP 3.0L V6 Cylinder Engine Gasoline Fuel,9-Speed A/T,Black,Black,None reported,Yes,61350,28755
4040,Audi,Q5 2.0T Premium Plus,2016,E85 Flex Fuel,220.0HP 2.0L 4 Cylinder Engine Flex Fuel Capability,A/T,White,Beige,At least 1 accident or damage reported,Yes,20499,52105
4041,Nissan,Armada Platinum,2018,Gasoline,390.0HP 5.6L 8 Cylinder Engine Gasoline Fuel,Transmission w/Dual Shift Mode,Black,Black,None reported,Yes,20999,119950
4042,Mercedes-Benz,SL-Class SL500 Roadster,2003,Gasoline,302.0HP 5.0L 8 Cylinder Engine Gasoline Fuel,5-Speed A/T,White,Beige,None reported,Yes,12500,80081
4043,Bentley,Bentayga V8,2021,Gasoline,542.0HP 4.0L 8 Cylinder Engine Gasoline Fuel,8-Speed A/T,White,White,None reported,Yes,165000,24500
4044,Jeep,Gladiator Overland,2021,Gasoline,285.0HP 3.6L V6 Cylinder Engine Gasoline Fuel,A/T,Black,Black,None reported,Yes,55000,4100
4045,BMW,M2 CS,2020,Gasoline,444.0HP 3.0L Straight 6 Cylinder Engine Gasoline Fuel,Transmission w/Dual Shift Mode,Blue,Black,None reported,Yes,103500,9670
4046,Dodge,Charger SE,2017,Gasoline,292.0HP 3.6L V6 Cylinder Engine Gasoline Fuel,A/T,Red,Black,None reported,Yes,18650,63250
4047,Lincoln,MKX Black Label,2017,Gasoline,335.0HP 2.7L V6 Cylinder Engine Gasoline Fuel,6-Speed A/T,Silver,Black,None reported,Yes,26500,69431
4048,Toyota,Tundra SR5,2015,Gasoline,5.7L V8 32V MPFI DOHC,6-Speed Automatic,Black,–,None reported,Yes,31380,108044
4049,BMW,335 i,2008,Gasoline,300.0HP 3.0L Straight 6 Cylinder Engine Gasoline Fuel,Transmission w/Dual Shift Mode,Black,Brown,None reported,Yes,13998,98000
4050,BMW,X1 xDrive28i,2019,Gasoline,228.0HP 2.0L 4 Cylinder Engine Gasoline Fuel,Transmission w/Dual Shift Mode,White,Black,None reported,Yes,34500,52253
4051,Ford,F-350 Platinum,2022,Diesel,475.0HP 6.7L 8 Cylinder Engine Diesel Fuel,10-Speed A/T,Silver,Black,None reported,Yes,99750,23850
4052,Mercedes-Benz,Sprinter High Roof,2015,Diesel,188.0HP 3.0L V6 Cylinder Engine Diesel Fuel,A/T,White,Gray,None reported,Yes,39500,1500
4053,Dodge,Challenger GT,2021,Gasoline,303.0HP 3.6L V6 Cylinder Engine Gasoline Fuel,A/T,Black,Black,None reported,Yes,32500,40000
4054,Audi,S4 3.0 Prestige,2012,Gasoline,333.0HP 3.0L V6 Cylinder Engine Gasoline Fuel,7-Speed A/T,Black,Black,None reported,Yes,31000,38718
4055,Toyota,Tacoma TRD Sport,2018,Gasoline,3.5 Liter,Automatic,Magnetic Gray Metallic,Graphite w/Gun Metal,None reported,,35998,84184
4056,Mercedes-Benz,Sprinter 2500 Standard Roof,2021,Diesel,188.0HP 3.0L V6 Cylinder Engine Diesel Fuel,7-Speed A/T,Red,Black,None reported,Yes,56500,13344
4057,INFINITI,Q50 3.0t Red Sport 400,2018,Gasoline,400.0HP 3.0L V6 Cylinder Engine Gasoline Fuel,Transmission w/Dual Shift Mode,Black,Black,None reported,Yes,28900,51850
4058,Porsche,911 Carrera 4S,2002,Gasoline,320.0HP 3.6L Flat 6 Cylinder Engine Gasoline Fuel,6-Speed M/T,Black,Black,At least 1 accident or damage reported,Yes,36995,119500
4059,Ford,Expedition Max Limited,2021,Gasoline,375.0HP 3.5L V6 Cylinder Engine Gasoline Fuel,10-Speed A/T,White,Beige,None reported,Yes,51999,30918
4060,Chevrolet,Corvette Stingray w/3LT,2023,Gasoline,490.0HP 6.2L 8 Cylinder Engine Gasoline Fuel,8-Speed A/T,Gray,Beige,None reported,Yes,92000,1100
4061,Mercedes-Benz,C-Class C 300,2019,Gasoline,255.0HP 2.0L 4 Cylinder Engine Gasoline Fuel,A/T,Blue,Black,None reported,Yes,27900,40000
4062,Jeep,Grand Cherokee Limited,2005,Gasoline,325.0HP 5.7L 8 Cylinder Engine Gasoline Fuel,A/T,Black,Gray,None reported,Yes,9998,100500
4063,Dodge,Charger SRT Hellcat,2020,Gasoline,707.0HP 6.2L 8 Cylinder Engine Gasoline Fuel,8-Speed A/T,Gray,Black,At least 1 accident or damage reported,Yes,67000,54320
4064,Mercedes-Benz,C-Class C 300 4MATIC,2018,Gasoline,241.0HP 2.0L 4 Cylinder Engine Gasoline Fuel,A/T,Black,Black,None reported,Yes,23450,49000
4065,Porsche,911 Carrera S,2020,Gasoline,443.0HP 3.0L Flat 6 Cylinder Engine Gasoline Fuel,8-Speed A/T,Gray,Black,None reported,Yes,134999,28000
4066,Porsche,911 GT3,2022,Gasoline,502.0HP 4.0L Flat 6 Cylinder Engine Gasoline Fuel,7-Speed A/T,White,Black,None reported,Yes,275000,1750
4067,Cadillac,DTS Luxury,2007,Gasoline,275.0HP 4.6L 8 Cylinder Engine Gasoline Fuel,A/T,Gold,Beige,At least 1 accident or damage reported,Yes,3499,130000
4068,Maserati,Grecale Modena,2023,Gasoline,2.0L I4 16V GDI DOHC Turbo,8-Speed Automatic,White,Red,None reported,Yes,69645,3721
4069,Mercedes-Benz,S-Class S 550,2016,Gasoline,449.0HP 4.7L 8 Cylinder Engine Gasoline Fuel,7-Speed A/T,Black,Black,None reported,Yes,34500,78101
4070,Chevrolet,Malibu 1LT,2017,Gasoline,160.0HP 1.5L 4 Cylinder Engine Gasoline Fuel,A/T,Gray,Gray,At least 1 accident or damage reported,Yes,16000,54000
4071,Nissan,Quest SL,2011,Gasoline,260.0HP 3.5L V6 Cylinder Engine Gasoline Fuel,A/T,White,Gray,At least 1 accident or damage reported,Yes,7500,185000
4072,Mercedes-Benz,SLK-Class SLK 250,2015,Gasoline,201.0HP 1.8L 4 Cylinder Engine Gasoline Fuel,7-Speed A/T,Blue,Beige,None reported,Yes,23500,49000
4073,GMC,Sierra 2500 Denali,2024,Gasoline,401.0HP 6.6L 8 Cylinder Engine Gasoline Fuel,10-Speed A/T,White,Black,None reported,Yes,81500,2043
4074,Lexus,RX 350 Base,2016,Gasoline,295.0HP 3.5L V6 Cylinder Engine Gasoline Fuel,8-Speed A/T,Black,Brown,None reported,Yes,28000,71750
4075,Chevrolet,Corvette Stingray w/3LT,2020,Gasoline,6.2L V8 16V GDI OHV,8-Speed Automatic with Auto-Shift,Arctic White,Tension,None reported,,87500,5194
4076,BMW,330 i,2019,Gasoline,255.0HP 2.0L 4 Cylinder Engine Gasoline Fuel,8-Speed A/T,White,Black,None reported,Yes,27500,42200
4077,Mercedes-Benz,GLC 300 Base,2020,Gasoline,255.0HP 2.0L 4 Cylinder Engine Gasoline Fuel,A/T,Gold,Beige,None reported,Yes,33500,42717
4078,Tesla,Model S 75D,2016,,518.0HP Electric Motor Electric Fuel System,1-Speed A/T,White,Black,None reported,Yes,31300,102260
4079,Chevrolet,Corvette Stingray w/2LT,2022,Gasoline,6.2L V8 16V GDI OHV,8-Speed Manual,Silver Flare Metallic,Adrenaline Red,None reported,,80900,11089
4080,Jaguar,XF 25t Prestige,2018,Gasoline,247.0HP 2.0L 4 Cylinder Engine Gasoline Fuel,Transmission w/Dual Shift Mode,Black,Black,None reported,Yes,32500,37777
4081,Ford,F-150 XLT,2021,Gasoline,2.7L V6 24V PDI DOHC Twin Turbo,10-Speed Automatic,Antimatter Blue Metallic,Black,None reported,,42995,35921
4082,Ford,Bronco Outer Banks,2023,Gasoline,275.0HP 2.3L 4 Cylinder Engine Gasoline Fuel,10-Speed A/T,Gray,Blue,,,54900,1800
4083,Scion,FR-S Monogram,2014,Gasoline,200.0HP 2.0L 4 Cylinder Engine Gasoline Fuel,6-Speed M/T,Black,Black,At least 1 accident or damage reported,Yes,8900,163019
4084,Mercedes-Benz,C-Class C 300 4MATIC,2020,Gasoline,255.0HP 2.0L 4 Cylinder Engine Gasoline Fuel,9-Speed A/T,Blue,Beige,None reported,Yes,35500,14220
4085,Chevrolet,Tahoe Premier,2019,Gasoline,5.3L V8 16V GDI OHV,Automatic,Silver Ice Metallic,Jet Black,None reported,,49573,48879
4086,BMW,M3 Base,2002,Gasoline,333.0HP 3.2L Straight 6 Cylinder Engine Gasoline Fuel,6-Speed A/T,Black,Black,None reported,Yes,15000,117200
4087,Ford,F-150 Lariat,2016,E85 Flex Fuel,385.0HP 5.0L 8 Cylinder Engine Flex Fuel Capability,6-Speed A/T,Gray,Black,None reported,Yes,65000,25000
4088,BMW,i3 Base w/Range Extender,2014,,170.0HP 0.65L Electric Motor Electric Fuel System,A/T,White,Gray,None reported,Yes,11499,74500
4089,INFINITI,G37 Journey,2013,Gasoline,328.0HP 3.7L V6 Cylinder Engine Gasoline Fuel,A/T,Gray,Black,None reported,Yes,21990,33300
4090,Ford,Expedition XLT,2007,Gasoline,300.0HP 5.4L 8 Cylinder Engine Gasoline Fuel,6-Speed A/T,White,Beige,None reported,Yes,6900,123921
4091,BMW,X3 sDrive30i,2021,Gasoline,248.0HP 2.0L 4 Cylinder Engine Gasoline Fuel,A/T,Blue,Blue,None reported,Yes,39990,12800
4092,Aston,Martin Vantage GT Base,2015,Gasoline,430.0HP 4.7L 8 Cylinder Engine Gasoline Fuel,6-Speed M/T,Black,Black,None reported,Yes,80000,21100
4093,Chevrolet,Tahoe LT,2009,E85 Flex Fuel,320.0HP 5.3L 8 Cylinder Engine Flex Fuel Capability,6-Speed A/T,Black,Black,None reported,Yes,15000,104733
4094,Ford,Transit-250 Base,2020,Gasoline,310.0HP 3.5L V6 Cylinder Engine Gasoline Fuel,A/T,White,Black,At least 1 accident or damage reported,Yes,38500,53000
4095,Lexus,ES 250 Base,2021,Gasoline,2.5 Liter,Automatic,Emin White,Black,None reported,,39998,17570
4096,RAM,1500 Rebel,2020,Hybrid,395.0HP 5.7L 8 Cylinder Engine Gasoline/Mild Electric Hybrid,8-Speed A/T,Gray,Black,At least 1 accident or damage reported,Yes,41900,63875
4097,Ford,Maverick XL,2023,Hybrid,191.0HP 2.5L 4 Cylinder Engine Gas/Electric Hybrid,A/T,Silver,Black,None reported,Yes,29999,12500
4098,BMW,Z3 3.0i Roadster,2001,Gasoline,225.0HP 3.0L Straight 6 Cylinder Engine Gasoline Fuel,5-Speed M/T,Black,Beige,None reported,Yes,10500,103990
4099,Chevrolet,Camaro 1SS,2022,Gasoline,455.0HP 6.2L 8 Cylinder Engine Gasoline Fuel,6-Speed M/T,Blue,Black,None reported,Yes,50000,7000
4100,Chevrolet,Corvette Stingray w/3LT,2023,Gasoline,490.0HP 6.2L 8 Cylinder Engine Gasoline Fuel,8-Speed A/T,Blue,Black,None reported,Yes,92000,9000
4101,Pontiac,Solstice GXP,2007,Gasoline,260.0HP 2.0L 4 Cylinder Engine Gasoline Fuel,5-Speed A/T,Silver,Black,None reported,Yes,19000,7800
4102,Cadillac,XTS Luxury,2017,Gasoline,304.0HP 3.6L V6 Cylinder Engine Gasoline Fuel,6-Speed A/T,Gray,Black,At least 1 accident or damage reported,Yes,20997,69289
4230,Tesla,Model 3 Long Range,2022,,Electric,Automatic,Midnight Silver Metallic,Black,None reported,,40036,22457
4103,Toyota,Highlander Limited,2011,Gasoline,270.0HP 3.5L V6 Cylinder Engine Gasoline Fuel,5-Speed A/T,White,Gray,At least 1 accident or damage reported,Yes,16600,106000
4104,Lincoln,Navigator Reserve,2020,Gasoline,450.0HP 3.5L V6 Cylinder Engine Gasoline Fuel,10-Speed A/T,Black,Gray,At least 1 accident or damage reported,Yes,55999,68000
4105,Toyota,Highlander Hybrid Limited Platinum,2019,Hybrid,306.0HP 3.5L V6 Cylinder Engine Gas/Electric Hybrid,CVT Transmission,Blue,Black,None reported,Yes,43000,13828
4106,Audi,A3 2.0T Tech Premium,2018,Gasoline,220.0HP 2.0L 4 Cylinder Engine Gasoline Fuel,Transmission w/Dual Shift Mode,White,Black,None reported,Yes,26999,39600
4107,Jeep,Wrangler SE,2003,Gasoline,150.0HP 2.4L 4 Cylinder Engine Gasoline Fuel,M/T,Gold,Black,None reported,Yes,12500,92000
4108,Toyota,Tacoma SR,2022,Gasoline,278.0HP 3.5L V6 Cylinder Engine Gasoline Fuel,A/T,Black,Gray,None reported,Yes,36500,5020
4109,Chevrolet,Trailblazer SS,2007,Gasoline,395.0HP 6.0L 8 Cylinder Engine Gasoline Fuel,A/T,Black,Black,At least 1 accident or damage reported,Yes,15000,107800
4110,Audi,A5 2.0T Premium Plus,2019,Gasoline,248.0HP 2.0L 4 Cylinder Engine Gasoline Fuel,7-Speed A/T,Gray,Black,None reported,Yes,34995,23827
4111,Audi,A6 55 Premium,2020,Hybrid,335.0HP 3.0L V6 Cylinder Engine Gasoline/Mild Electric Hybrid,7-Speed A/T,White,Beige,None reported,Yes,39900,25300
4112,Mercedes-Benz,Sprinter 2500,2016,Diesel,188.0HP 3.0L V6 Cylinder Engine Diesel Fuel,5-Speed A/T,Silver,–,At least 1 accident or damage reported,Yes,24500,399000
4113,Porsche,911 Carrera,2005,Gasoline,325.0HP 3.6L Flat 6 Cylinder Engine Gasoline Fuel,6-Speed M/T,Silver,Black,None reported,Yes,49999,46200
4114,Chevrolet,Corvette Stingray w/2LT,2022,Gasoline,490.0HP 6.2L 8 Cylinder Engine Gasoline Fuel,8-Speed A/T,Red,Red,None reported,Yes,85989,3158
4115,GMC,Acadia SLE,2021,Gasoline,228.0HP 2.0L 4 Cylinder Engine Gasoline Fuel,A/T,White,Black,None reported,Yes,30900,26000
4116,Porsche,911 Carrera,2020,Gasoline,379.0HP 3.0L Flat 6 Cylinder Engine Gasoline Fuel,8-Speed A/T,Silver,Black,None reported,Yes,107900,12758
4117,Chevrolet,Corvette Base,2007,Gasoline,400.0HP 6.0L 8 Cylinder Engine Gasoline Fuel,Transmission w/Dual Shift Mode,Red,Beige,At least 1 accident or damage reported,Yes,27000,123500
4118,Ford,Mustang GT Premium,2018,Gasoline,460.0HP 5.0L 8 Cylinder Engine Gasoline Fuel,6-Speed M/T,White,Black,None reported,Yes,42500,26840
4119,Ford,Edge SEL,2021,Gasoline,2.0L I4 16V GDI DOHC Turbo,8-Speed Automatic,Silver,Ebony,None reported,Yes,31933,17836
4120,Cadillac,Escalade Luxury,2012,E85 Flex Fuel,403.0HP 6.2L 8 Cylinder Engine Flex Fuel Capability,A/T,Black,Black,None reported,Yes,16100,114500
4121,Chevrolet,Corvette Stingray w/3LT,2022,Gasoline,490.0HP 6.2L 8 Cylinder Engine Gasoline Fuel,8-Speed A/T,White,Black,None reported,Yes,89900,5400
4122,Toyota,Corolla LE,2016,Gasoline,132.0HP 1.8L 4 Cylinder Engine Gasoline Fuel,A/T,Red,Gray,None reported,Yes,15100,17500
4123,Chevrolet,Express 2500 Work Van,2017,Gasoline,285.0HP 4.8L 8 Cylinder Engine Gasoline Fuel,A/T,Blue,–,None reported,Yes,44600,56000
4124,Chevrolet,Trax LS,2020,Gasoline,138.0HP 1.4L 4 Cylinder Engine Gasoline Fuel,6-Speed A/T,Black,Beige,None reported,Yes,19000,20800
4125,Volkswagen,Golf Auto TSI S,2015,Gasoline,170.0HP 1.8L 4 Cylinder Engine Gasoline Fuel,Transmission w/Dual Shift Mode,Black,Black,None reported,Yes,13200,107543
4126,Nissan,Pathfinder Silver,2012,Gasoline,266.0HP 4.0L V6 Cylinder Engine Gasoline Fuel,Transmission w/Dual Shift Mode,Black,Black,None reported,Yes,5000,206000
4127,Ford,F-150 Platinum,2018,E85 Flex Fuel,395.0HP 5.0L 8 Cylinder Engine Flex Fuel Capability,10-Speed A/T,Black,Black,None reported,Yes,46000,37100
4128,Land,Rover Range Rover Velar P380 SE R-Dynamic,2019,Gasoline,380.0HP 3.0L V6 Cylinder Engine Gasoline Fuel,8-Speed A/T,Silver,Beige,None reported,Yes,51900,19813
4129,Kia,Sportage LX,2010,Gasoline,173.0HP 2.7L V6 Cylinder Engine Gasoline Fuel,A/T,White,Beige,None reported,Yes,3500,208321
4130,Lexus,LS 460 Base,2012,Gasoline,380.0HP 4.6L 8 Cylinder Engine Gasoline Fuel,Transmission w/Dual Shift Mode,White,Beige,At least 1 accident or damage reported,Yes,9995,200000
4131,MINI,Cooper S Base,2012,Gasoline,181.0HP 1.6L 4 Cylinder Engine Gasoline Fuel,6-Speed A/T,White,Black,None reported,Yes,10999,66000
4132,Bentley,Bentayga Activity Edition,2018,Gasoline,600.0HP 6.0L 12 Cylinder Engine Gasoline Fuel,8-Speed A/T,Gray,Gray,None reported,Yes,113000,41000
4133,Volvo,XC60 T6 Inscription,2019,Gasoline,330.0HP 2.0L 4 Cylinder Engine Gasoline Fuel,A/T,Silver,Black,None reported,Yes,36800,20623
4134,Ford,Explorer Limited,2018,Gasoline,290.0HP 3.5L V6 Cylinder Engine Gasoline Fuel,Transmission w/Dual Shift Mode,Black,Black,None reported,Yes,26900,86000
4135,Porsche,Cayenne Turbo GT,2022,Gasoline,4.0L,Automatic,Custom Color,Black,None reported,,209995,1766
4136,Mercedes-Benz,G-Class G 550 4MATIC,2016,Gasoline,416.0HP 4.0L 8 Cylinder Engine Gasoline Fuel,7-Speed A/T,Blue,Black,None reported,Yes,73000,51354
4137,Jeep,Wrangler Unlimited Rubicon 392,2021,Gasoline,470.0HP 6.4L 8 Cylinder Engine Gasoline Fuel,Transmission w/Dual Shift Mode,Gray,Black,None reported,Yes,72980,38000
4138,Toyota,Avalon Hybrid XLE Premium,2015,Hybrid,200.0HP 2.5L 4 Cylinder Engine Gas/Electric Hybrid,CVT Transmission,Blue,Gray,None reported,Yes,11500,161000
4139,Nissan,Juke SL,2012,Gasoline,188.0HP 1.6L 4 Cylinder Engine Gasoline Fuel,CVT Transmission,Black,Black,None reported,Yes,12500,74750
4140,Porsche,911 Carrera 4,2013,Gasoline,350.0HP 3.4L Flat 6 Cylinder Engine Gasoline Fuel,7-Speed A/T,Gray,Black,At least 1 accident or damage reported,Yes,59500,67522
4141,MINI,Cooper S Base,2012,Gasoline,181.0HP 1.6L 4 Cylinder Engine Gasoline Fuel,6-Speed A/T,White,Black,None reported,Yes,9000,152000
4142,Subaru,Ascent Touring 7-Passenger,2019,Gasoline,260.0HP 2.4L 4 Cylinder Engine Gasoline Fuel,CVT Transmission,Black,Brown,None reported,Yes,23900,71273
4143,Subaru,WRX STI Base,2017,Gasoline,305.0HP 2.5L 4 Cylinder Engine Gasoline Fuel,6-Speed M/T,Blue,Black,None reported,Yes,32500,37800
4144,Land,Rover Range Rover Sport HSE,2019,Gasoline,340.0HP 3.0L V6 Cylinder Engine Gasoline Fuel,Transmission w/Dual Shift Mode,White,Black,None reported,Yes,48990,42000
4145,Kia,Sorento Plug-In Hybrid SX Prestige,2022,Plug-In Hybrid,261.0HP 1.6L 4 Cylinder Engine Plug-In Electric/Gas,6-Speed A/T,White,–,None reported,Yes,44990,10101
4146,Chevrolet,Corvette Stingray w/2LT,2022,Gasoline,490.0HP 6.2L 8 Cylinder Engine Gasoline Fuel,8-Speed A/T,White,Red,None reported,Yes,92500,7900
4147,Tesla,Model 3 Performance,2020,,455.0HP Electric Motor Electric Fuel System,1-Speed A/T,Silver,White,None reported,Yes,45999,45468
4148,Nissan,Armada SV,2017,Gasoline,390.0HP 5.6L 8 Cylinder Engine Gasoline Fuel,A/T,Black,Black,None reported,Yes,16995,187141
4149,Porsche,Cayenne Turbo S,2014,Gasoline,550.0HP 4.8L 8 Cylinder Engine Gasoline Fuel,8-Speed A/T,White,Black,None reported,Yes,32000,99100
4150,Subaru,Outback Touring XT,2021,Gasoline,260.0HP 2.4L 4 Cylinder Engine Gasoline Fuel,CVT Transmission,Blue,Brown,None reported,Yes,34000,33500
4151,Acura,RLX Advance Package,2016,Gasoline,310.0HP 3.5L V6 Cylinder Engine Gasoline Fuel,6-Speed A/T,Black,Black,None reported,Yes,15450,102665
4152,Ford,Mustang GT,2001,Gasoline,260.0HP 4.6L 8 Cylinder Engine Gasoline Fuel,5-Speed M/T,Black,Black,None reported,Yes,16995,52675
4153,BMW,330 i xDrive,2017,Gasoline,248.0HP 2.0L 4 Cylinder Engine Gasoline Fuel,A/T,White,–,None reported,Yes,23000,59203
4154,Mercedes-Benz,SL-Class SL550 Roadster,2009,Gasoline,382.0HP 5.5L 8 Cylinder Engine Gasoline Fuel,7-Speed A/T,Black,Black,None reported,Yes,27000,60100
4155,Audi,SQ8 4.0T Premium Plus,2021,Gasoline,500.0HP 4.0L 8 Cylinder Engine Gasoline Fuel,Transmission w/Dual Shift Mode,Black,Red,None reported,Yes,76400,43238
4156,MINI,Cooper S Base,2007,Gasoline,172.0HP 1.6L 4 Cylinder Engine Gasoline Fuel,A/T,Beige,Black,None reported,Yes,3600,118000
4157,Ford,Mustang EcoBoost,2021,Gasoline,310.0HP 2.3L 4 Cylinder Engine Gasoline Fuel,10-Speed A/T,Yellow,Black,None reported,Yes,31000,17300
4158,Audi,RS 7 4.0T Prestige,2016,Gasoline,560.0HP 4.0L 8 Cylinder Engine Gasoline Fuel,8-Speed A/T,White,Brown,None reported,Yes,50000,64800
4159,Mercedes-Benz,GLC 300 GLC 300,2022,Gasoline,2.0 Liter Turbo,Automatic,Lunar Blue Metallic,–,None reported,,46798,1408
4160,Volkswagen,Touareg TDI Lux,2015,Diesel,240.0HP 3.0L V6 Cylinder Engine Diesel Fuel,8-Speed A/T,Gold,Black,None reported,Yes,35000,15167
4161,Porsche,Cayenne GTS,2016,Gasoline,440.0HP 3.6L V6 Cylinder Engine Gasoline Fuel,8-Speed A/T,White,Red,None reported,Yes,41000,64600
4162,Jeep,Grand Wagoneer Series III,2022,Gasoline,471.0HP 6.4L 8 Cylinder Engine Gasoline Fuel,8-Speed A/T,Black,Black,None reported,Yes,83000,31112
4163,Tesla,Model X 100D,2018,,518.0HP Electric Motor Electric Fuel System,1-Speed A/T,Gray,White,None reported,Yes,57000,23250
4164,MINI,Cooper S Base,2011,Gasoline,181.0HP 1.6L 4 Cylinder Engine Gasoline Fuel,6-Speed M/T,Silver,Black,None reported,Yes,10500,63500
4165,RAM,1500 Laramie,2022,Gasoline,5.7L V8 16V MPFI OHV,8-Speed Automatic,Diamond Black,Black,None reported,,46999,13464
4166,Chevrolet,Camaro Base,2001,Gasoline,200.0HP 3.8L V6 Cylinder Engine Gasoline Fuel,A/T,Black,Gray,None reported,Yes,7500,64776
4167,Jeep,Cherokee X,2022,Gasoline,3.2L V6 24V MPFI DOHC,Automatic,Sting Gray Clearcoat,Black,None reported,,33498,9601
4168,BMW,ALPINA B7 xDrive,2013,Gasoline,445.0HP 4.4L 8 Cylinder Engine Gasoline Fuel,A/T,Black,Black,At least 1 accident or damage reported,Yes,14000,135000
4169,Volvo,XC90 3.2 Premier Plus,2013,Gasoline,240.0HP 3.2L Straight 6 Cylinder Engine Gasoline Fuel,6-Speed A/T,White,Beige,At least 1 accident or damage reported,Yes,7500,208864
4170,INFINITI,Q50 3.0T Premium,2016,Gasoline,300.0HP 3.0L V6 Cylinder Engine Gasoline Fuel,7-Speed A/T,Gray,Black,At least 1 accident or damage reported,Yes,21500,49872
4171,MINI,Cooper Base,2009,Gasoline,118.0HP 1.6L 4 Cylinder Engine Gasoline Fuel,6-Speed M/T,Red,Black,None reported,Yes,9250,90367
4172,Porsche,911 Carrera 4S,2014,Gasoline,400.0HP 3.8L Flat 6 Cylinder Engine Gasoline Fuel,Transmission w/Dual Shift Mode,White,Black,None reported,Yes,82499,36670
4173,Jeep,Grand Wagoneer Base,2023,Gasoline,6.4L V8 16V MPFI OHV,8-Speed Automatic,Ember Pearlcoat,Global Black,None reported,Yes,84620,3752
4174,Lexus,RX 350 Base,2021,Gasoline,3.5L V6 24V PDI DOHC,8-Speed Automatic,Eminent White Pearl,Black,None reported,,44950,30761
4175,RAM,1500 Laramie,2022,Gasoline,5.7L V8 16V MPFI OHV,8-Speed Automatic,Diamond Black,Black,None reported,,46599,13438
4176,Jeep,Gladiator Overland,2020,Gasoline,285.0HP 3.6L V6 Cylinder Engine Gasoline Fuel,8-Speed A/T,Red,Black,None reported,Yes,49895,9100
4177,Chrysler,200 Limited,2017,–,–,A/T,Black,Black,None reported,Yes,10000,100600
4178,Ford,Fusion Hybrid Base,2011,Hybrid,156.0HP 2.5L 4 Cylinder Engine Gas/Electric Hybrid,A/T,White,Brown,At least 1 accident or damage reported,Yes,4500,223824
4179,Audi,A6 2.0T Premium Plus,2016,Gasoline,252.0HP 2.0L 4 Cylinder Engine Gasoline Fuel,8-Speed A/T,Black,Black,None reported,Yes,21990,96000
4180,Chevrolet,Silverado 1500 Z71 Extended Cab,2004,Gasoline,295.0HP 5.3L 8 Cylinder Engine Gasoline Fuel,4-Speed A/T,Red,Gray,At least 1 accident or damage reported,Yes,10500,185000
4181,Porsche,Taycan Base,2021,,375.0HP Electric Motor Electric Fuel System,2-Speed A/T,White,Beige,None reported,Yes,79999,6900
4182,Honda,Accord Hybrid Touring,2017,Hybrid,212.0HP 2.0L 4 Cylinder Engine Gas/Electric Hybrid,CVT Transmission,White,Beige,At least 1 accident or damage reported,Yes,18500,96400
4183,RAM,2500 SLT,2018,Gasoline,410.0HP 6.4L 8 Cylinder Engine Gasoline Fuel,6-Speed A/T,White,Gray,None reported,Yes,36500,67865
4287,Chrysler,300M Base,2004,Gasoline,250.0HP 3.5L V6 Cylinder Engine Gasoline Fuel,A/T,Gray,Gray,None reported,Yes,6000,45000
4184,Land,Rover Range Rover Sport Supercharged,2015,E85 Flex Fuel,550.0HP 5.0L 8 Cylinder Engine Flex Fuel Capability,Transmission w/Dual Shift Mode,Blue,Black,None reported,Yes,44850,64300
4185,Chevrolet,Colorado ZR2,2018,Gasoline,308.0HP 3.6L V6 Cylinder Engine Gasoline Fuel,8-Speed A/T,White,Black,None reported,Yes,33500,76500
4186,GMC,Sierra 2500 Denali,2017,Diesel,445.0HP 6.6L 8 Cylinder Engine Diesel Fuel,6-Speed A/T,Blue,Beige,At least 1 accident or damage reported,Yes,53000,96343
4187,Subaru,Crosstrek 2.0i Limited,2018,Gasoline,152.0HP 2.0L 4 Cylinder Engine Gasoline Fuel,Transmission w/Dual Shift Mode,Blue,Black,None reported,Yes,24000,74600
4188,Subaru,Outback 2.5i Limited,2014,Gasoline,2.5L H4 16V MPFI DOHC,Automatic CVT,Twilight Blue Metallic,Black,At least 1 accident or damage reported,Yes,9995,157530
4189,Tesla,Model X Plaid,2022,,1020.0HP Electric Motor Electric Fuel System,A/T,White,White,None reported,Yes,95999,15000
4190,Jeep,Wrangler Unlimited Rubicon,2012,Gasoline,285.0HP 3.6L V6 Cylinder Engine Gasoline Fuel,A/T,Orange,Black,None reported,Yes,30000,80000
4191,Tesla,Model S 100D,2018,,518.0HP Electric Motor Electric Fuel System,1-Speed A/T,Gray,Beige,None reported,Yes,45000,83424
4192,Mercedes-Benz,C-Class C 300 4MATIC,2021,Gasoline,255.0HP 2.0L 4 Cylinder Engine Gasoline Fuel,A/T,Blue,Beige,None reported,Yes,37999,19000
4193,Porsche,911 Carrera S,2013,Gasoline,400.0HP 3.8L Flat 6 Cylinder Engine Gasoline Fuel,7-Speed A/T,Gray,Black,At least 1 accident or damage reported,Yes,67000,64000
4194,Mercedes-Benz,GLS 450 Base 4MATIC,2019,Gasoline,362.0HP 3.0L V6 Cylinder Engine Gasoline Fuel,9-Speed A/T,White,Beige,None reported,Yes,46900,34068
4195,Buick,Envision Preferred,2021,Gasoline,2.0L I4 16V GDI DOHC Turbo,9-Speed Automatic,Burnished Bronze Metallic,Ebony,None reported,Yes,33295,20104
4196,Nissan,Armada Platinum,2022,Gasoline,400.0HP 5.6L 8 Cylinder Engine Gasoline Fuel,7-Speed A/T,Red,Beige,None reported,Yes,59950,8400
4197,Porsche,911 Turbo,2021,Gasoline,572.0HP 3.8L Flat 6 Cylinder Engine Gasoline Fuel,Transmission w/Dual Shift Mode,Black,–,,,209000,11938
4198,Chevrolet,Corvette Stingray w/2LT,2021,Gasoline,490.0HP 6.2L 8 Cylinder Engine Gasoline Fuel,Transmission w/Dual Shift Mode,White,Brown,None reported,Yes,72500,24670
4199,Ford,Mustang Shelby GT500,2013,Gasoline,650.0HP 5.8L 8 Cylinder Engine Gasoline Fuel,6-Speed M/T,White,Black,None reported,Yes,66400,16478
4200,Ford,F-150 XL,2018,E85 Flex Fuel,395.0HP 5.0L 8 Cylinder Engine Flex Fuel Capability,A/T,Gray,Gray,None reported,Yes,35000,52500
4201,Porsche,Cayenne Turbo,2004,Gasoline,450.0HP 4.5L 8 Cylinder Engine Gasoline Fuel,Transmission w/Dual Shift Mode,Silver,Black,None reported,Yes,12000,92500
4202,Mitsubishi,Eclipse Spyder GT,2008,Gasoline,260.0HP 3.8L V6 Cylinder Engine Gasoline Fuel,A/T,Gray,Black,At least 1 accident or damage reported,Yes,10000,62930
4203,Lexus,GX 470 Base,2007,Gasoline,263.0HP 4.7L 8 Cylinder Engine Gasoline Fuel,5-Speed A/T,White,Gray,None reported,Yes,19975,116600
4204,Dodge,Dakota Big Horn/Lone Star,2010,Gasoline,210.0HP 3.7L V6 Cylinder Engine Gasoline Fuel,4-Speed A/T,Red,Brown,At least 1 accident or damage reported,Yes,7500,172024
4205,Jeep,Wrangler Sport,2012,Gasoline,285.0HP 3.6L V6 Cylinder Engine Gasoline Fuel,A/T,Black,Black,None reported,Yes,22500,57237
4206,Subaru,Outback Limited,2020,Gasoline,182.0HP 2.5L 4 Cylinder Engine Gasoline Fuel,CVT Transmission,Silver,Gray,None reported,Yes,28300,44600
4207,Jeep,Wrangler Unlimited Rubicon,2013,Gasoline,285.0HP 3.6L V6 Cylinder Engine Gasoline Fuel,6-Speed M/T,Black,Black,None reported,Yes,21000,181830
4208,Subaru,Ascent Touring 7-Passenger,2021,Gasoline,2.4L H4 16V GDI DOHC Turbo,Automatic CVT,Ice Silver Metallic,Black,None reported,Yes,36791,39948
4209,Ford,F-350 XL,2017,Diesel,440.0HP 6.7L 8 Cylinder Engine Diesel Fuel,6-Speed A/T,White,Beige,None reported,Yes,40000,156453
4210,Porsche,Cayenne Turbo S,2014,Gasoline,550.0HP 4.8L 8 Cylinder Engine Gasoline Fuel,8-Speed A/T,Silver,Black,None reported,Yes,36000,156193
4212,Toyota,4Runner Limited,2014,Gasoline,270.0HP 4.0L V6 Cylinder Engine Gasoline Fuel,5-Speed A/T,Blue,Black,At least 1 accident or damage reported,Yes,24999,146700
4213,GMC,Yukon Denali,2019,Gasoline,420.0HP 6.2L 8 Cylinder Engine Gasoline Fuel,10-Speed A/T,Black,Beige,At least 1 accident or damage reported,Yes,42900,88450
4214,Toyota,C-HR LE,2020,Gasoline,2.0L I4 16V MPFI DOHC,Automatic CVT,Gray,Black,At least 1 accident or damage reported,Yes,27671,14065
4215,Subaru,Outback Limited XT,2020,Gasoline,2.4L H4 16V GDI DOHC Turbo,Automatic CVT,Magnetite Gray Metallic,Black,At least 1 accident or damage reported,,30427,36844
4216,Chevrolet,Silverado 1500 LT Trail Boss,2020,Gasoline,355.0HP 5.3L 8 Cylinder Engine Gasoline Fuel,A/T,White,Black,None reported,Yes,44900,49000
4217,BMW,X5 xDrive50i,2013,Gasoline,400.0HP 4.4L 8 Cylinder Engine Gasoline Fuel,8-Speed A/T,White,Black,None reported,Yes,17900,58000
4218,Audi,A6 55 Prestige,2021,Hybrid,335.0HP 3.0L V6 Cylinder Engine Gasoline/Mild Electric Hybrid,A/T,Blue,Brown,None reported,Yes,52000,22800
4219,Subaru,Outback 2.5i Limited,2014,Gasoline,173.0HP 2.5L 4 Cylinder Engine Gasoline Fuel,A/T,Blue,Black,None reported,Yes,14750,78007
4220,Ford,F-250 King Ranch,2020,Diesel,475.0HP 6.7L 8 Cylinder Engine Diesel Fuel,10-Speed A/T,Gray,Brown,None reported,Yes,69900,36500
4221,Honda,CR-V EX,2004,Gasoline,160.0HP 2.4L 4 Cylinder Engine Gasoline Fuel,A/T,Brown,Beige,At least 1 accident or damage reported,Yes,3990,156350
4222,Lexus,GX 460 Luxury,2021,Gasoline,301.0HP 4.6L 8 Cylinder Engine Gasoline Fuel,A/T,White,Red,None reported,Yes,59000,17710
4223,Ford,Explorer XLT,2013,Gasoline,290.0HP 3.5L V6 Cylinder Engine Gasoline Fuel,A/T,Brown,Beige,At least 1 accident or damage reported,Yes,7850,149000
4336,Dodge,Challenger SRT8 392,2012,–,–,6-Speed M/T,Black,Black,None reported,Yes,33500,33700
4224,Subaru,Forester 2.5i Limited,2015,Gasoline,170.0HP 2.5L 4 Cylinder Engine Gasoline Fuel,CVT Transmission,Silver,Gray,None reported,Yes,16000,90000
4225,Ford,Bronco Wildtrak Advanced,2022,Gasoline,315.0HP 2.7L V6 Cylinder Engine Gasoline Fuel,Transmission w/Dual Shift Mode,Silver,Black,None reported,Yes,64500,9990
4226,Mercedes-Benz,A-Class A 220 4MATIC,2019,Gasoline,2.0L I4 16V GDI DOHC Turbo,7-Speed Automatic with Auto-Shift,Jupiter Red,Black,None reported,,29500,28663
4227,Lexus,NX 200t Base,2015,Gasoline,235.0HP 2.0L 4 Cylinder Engine Gasoline Fuel,A/T,Gray,Orange,At least 1 accident or damage reported,Yes,17900,124250
4228,Ford,F-250 Lariat,2017,Diesel,440.0HP 6.7L 8 Cylinder Engine Diesel Fuel,6-Speed A/T,White,Black,None reported,Yes,61000,50780
4229,Porsche,911 Carrera C4S,2006,Gasoline,355.0HP 3.8L Flat 6 Cylinder Engine Gasoline Fuel,6-Speed M/T,Blue,Gray,,,43000,65000
4231,Toyota,Camry XSE,2022,Gasoline,3.5 Liter,Automatic,Red,Black,None reported,,38298,19361
4232,BMW,i3 94 Ah,2017,,170.0HP 0.65L Electric Motor Electric Fuel System,1-Speed A/T,Black,–,None reported,Yes,16500,43000
4233,Ford,F-250 XL SuperCab H/D,1993,–,–,A/T,Red,Gray,None reported,Yes,21900,115000
4234,Porsche,Taycan Turbo,2020,,Electric,Automatic,Gray,Red,None reported,,115998,2076
4235,Porsche,911 GT3,2018,Gasoline,4.0L H6 24V GDI DOHC,7-Speed Automatic with Auto-Shift,Red,Black,None reported,,188900,9712
4236,Mercedes-Benz,E-Class E55 AMG,2005,Gasoline,469.0HP 5.4L 8 Cylinder Engine Gasoline Fuel,5-Speed A/T,Gray,Black,None reported,Yes,16500,131000
4237,Toyota,Highlander XLE,2022,Gasoline,295.0HP 3.5L V6 Cylinder Engine Gasoline Fuel,Transmission w/Dual Shift Mode,Gray,Gray,None reported,Yes,43000,31000
4238,Volvo,S60 Recharge Plug-In Hybrid T8 Inscription,2021,Plug-In Hybrid,400.0HP 2.0L 4 Cylinder Engine Plug-In Electric/Gas,8-Speed A/T,Gray,Black,None reported,Yes,44900,24158
4239,Audi,A6 3.0T Premium Plus,2016,Gasoline,333.0HP 3.0L V6 Cylinder Engine Gasoline Fuel,A/T,Black,Black,At least 1 accident or damage reported,Yes,22000,72865
4240,Mercedes-Benz,E-Class E 350 4MATIC,2014,Gasoline,302.0HP 3.5L V6 Cylinder Engine Gasoline Fuel,7-Speed A/T,Blue,Black,None reported,Yes,18995,89563
4241,Nissan,Juke SL,2012,Gasoline,188.0HP 1.6L 4 Cylinder Engine Gasoline Fuel,CVT Transmission,Black,Black,At least 1 accident or damage reported,Yes,15000,72639
4242,Mercedes-Benz,CLS-Class CLS 550,2012,Gasoline,402.0HP 4.6L 8 Cylinder Engine Gasoline Fuel,7-Speed A/T,Black,Black,None reported,Yes,19999,79000
4243,Audi,A3 2.0T Premium,2012,Gasoline,200.0HP 2.0L 4 Cylinder Engine Gasoline Fuel,6-Speed A/T,White,Black,None reported,Yes,11200,111564
4244,Lexus,GX 460 Base,2018,Gasoline,301.0HP 4.6L 8 Cylinder Engine Gasoline Fuel,6-Speed A/T,White,Beige,At least 1 accident or damage reported,Yes,38095,75000
4245,Ford,Mustang Premium,2007,Gasoline,210.0HP 4.0L V6 Cylinder Engine Gasoline Fuel,A/T,Black,Black,At least 1 accident or damage reported,Yes,5900,169613
4246,Honda,Pilot EX-L,2011,Gasoline,250.0HP 3.5L V6 Cylinder Engine Gasoline Fuel,5-Speed A/T,Black,Gray,None reported,Yes,9000,175000
4247,BMW,540 i,2017,Gasoline,335.0HP 3.0L Straight 6 Cylinder Engine Gasoline Fuel,8-Speed A/T,Black,Black,None reported,Yes,24500,98500
4248,Chrysler,300 S,2012,Gasoline,292.0HP 3.6L V6 Cylinder Engine Gasoline Fuel,Transmission w/Dual Shift Mode,Black,Black,At least 1 accident or damage reported,Yes,13750,53000
4249,RAM,2500 Longhorn,2015,Diesel,370.0HP 6.7L Straight 6 Cylinder Engine Diesel Fuel,6-Speed A/T,Black,Black,None reported,Yes,52500,72200
4250,Acura,TSX Base,2005,Gasoline,200.0HP 2.4L 4 Cylinder Engine Gasoline Fuel,6-Speed M/T,Black,Black,None reported,Yes,7899,151600
4251,Lotus,Evora 2+2,2011,Gasoline,276.0HP 3.5L V6 Cylinder Engine Gasoline Fuel,6-Speed M/T,White,Red,None reported,Yes,51000,20000
4252,Chevrolet,Avalanche 1500 LT,2010,E85 Flex Fuel,320.0HP 5.3L 8 Cylinder Engine Flex Fuel Capability,A/T,Black,Black,At least 1 accident or damage reported,Yes,9000,170000
4253,Ford,F-150 XLT,2019,E85 Flex Fuel,395.0HP 5.0L 8 Cylinder Engine Flex Fuel Capability,10-Speed A/T,Silver,Gray,None reported,Yes,34600,69800
4254,Toyota,Tundra SR5,2020,Gasoline,381.0HP 5.7L 8 Cylinder Engine Gasoline Fuel,6-Speed A/T,Gray,Gray,At least 1 accident or damage reported,Yes,46199,26300
4255,Honda,Fit Sport,2007,Gasoline,109.0HP 1.5L 4 Cylinder Engine Gasoline Fuel,Transmission w/Dual Shift Mode,Red,Black,At least 1 accident or damage reported,Yes,5200,156111
4256,Chevrolet,Silverado 2500 LTZ,2016,Diesel,397.0HP 6.6L 8 Cylinder Engine Diesel Fuel,A/T,Red,Black,At least 1 accident or damage reported,Yes,32500,172600
4257,Honda,Accord Crosstour EX-L,2010,Gasoline,271.0HP 3.5L V6 Cylinder Engine Gasoline Fuel,A/T,Green,Black,None reported,Yes,9000,145000
4258,Ford,F-250 XLT Super Duty,2001,Gasoline,260.0HP 5.4L 8 Cylinder Engine Gasoline Fuel,A/T,White,Gray,None reported,Yes,7500,64309
4259,RAM,1500 TRX,2021,Gasoline,702.0HP 6.2L 8 Cylinder Engine Gasoline Fuel,8-Speed A/T,Black,Black,None reported,Yes,90000,15183
4260,Buick,Envision Essence,2020,Gasoline,2.5L I4 16V GDI DOHC,6-Speed Automatic,Ebony Twilight Metallic,Ebony,None reported,,32063,28548
4261,Volkswagen,Atlas 3.6L SEL Premium R-Line,2022,Gasoline,276.0HP 3.6L V6 Cylinder Engine Gasoline Fuel,8-Speed A/T,Gray,Black,None reported,Yes,46900,14000
4262,Mercedes-Benz,CLS 450 Base,2019,Hybrid,369.0HP 3.0L Straight 6 Cylinder Engine Gasoline/Mild Electric Hybrid,Transmission w/Dual Shift Mode,Yellow,Black,None reported,Yes,44500,67000
4263,Jeep,Wrangler Unlimited Sport,2017,Gasoline,285.0HP 3.6L V6 Cylinder Engine Gasoline Fuel,5-Speed A/T,Gray,Black,None reported,Yes,23500,84786
4264,Mercedes-Benz,S-Class S 63 AMG,2008,Gasoline,518.0HP 6.2L 8 Cylinder Engine Gasoline Fuel,A/T,Black,Black,None reported,Yes,17800,93000
4265,Hyundai,Genesis Coupe 3.8 Track,2010,Gasoline,306.0HP 3.8L V6 Cylinder Engine Gasoline Fuel,6-Speed M/T,Blue,Black,At least 1 accident or damage reported,Yes,6000,127500
4266,Ford,Mustang Mach-E GT,2022,,480.0HP Electric Motor Electric Fuel System,1-Speed A/T,Blue,Black,None reported,Yes,60999,8000
4267,GMC,Canyon Elevation Standard,2022,Gasoline,308.0HP 3.6L V6 Cylinder Engine Gasoline Fuel,8-Speed A/T,Gray,Gray,None reported,Yes,32900,16500
4268,Jaguar,XK Base,2013,Gasoline,385.0HP 5.0L 8 Cylinder Engine Gasoline Fuel,6-Speed A/T,Black,Black,None reported,Yes,27200,55700
4269,Ford,F-250 LARIAT,2021,Diesel,Intercooled Turbo Diesel V-8 6.7 L/406,Automatic,Agate Black Metallic,Black,None reported,,76598,42245
4270,Toyota,RAV4 Base,2009,Gasoline,179.0HP 2.5L 4 Cylinder Engine Gasoline Fuel,4-Speed A/T,Silver,–,None reported,Yes,12000,78500
4271,Ford,Expedition Platinum,2018,Gasoline,400.0HP 3.5L V6 Cylinder Engine Gasoline Fuel,10-Speed A/T,Gray,White,None reported,Yes,51499,48619
4272,Jeep,Wrangler Unlimited 4xe Sahara,2021,Hybrid,2.0L I4 16V GDI DOHC Turbo Hybrid,8-Speed Automatic,Black Clearcoat,Black,None reported,Yes,42700,51105
4273,Ford,F-150 XLT,2016,E85 Flex Fuel,282.0HP 3.5L V6 Cylinder Engine Flex Fuel Capability,6-Speed A/T,Red,Gray,None reported,Yes,25500,25880
4274,Tesla,Model S Plaid,2021,,1020.0HP Electric Motor Electric Fuel System,A/T,Red,Black,None reported,Yes,69995,20100
4275,Toyota,Tacoma SR5,2018,Gasoline,3.5L V6 24V PDI DOHC,6-Speed Automatic,Red,Gray,At least 1 accident or damage reported,Yes,34955,25083
4276,Audi,TT Roadster quattro,2002,Gasoline,225.0HP 1.8L 4 Cylinder Engine Gasoline Fuel,6-Speed M/T,Gray,Black,At least 1 accident or damage reported,Yes,9995,69300
4277,Toyota,Highlander Hybrid Limited Platinum,2019,Hybrid,306.0HP 3.5L V6 Cylinder Engine Gas/Electric Hybrid,CVT Transmission,Silver,Black,None reported,Yes,40000,46000
4278,Jeep,Liberty Sport,2008,Gasoline,210.0HP 3.7L V6 Cylinder Engine Gasoline Fuel,A/T,Black,Gray,At least 1 accident or damage reported,Yes,6500,141485
4279,Toyota,Sequoia Limited,2018,Gasoline,381.0HP 5.7L 8 Cylinder Engine Gasoline Fuel,6-Speed A/T,White,Gray,At least 1 accident or damage reported,Yes,48000,63990
4280,Ford,Transit-350 Base,2020,Gasoline,310.0HP 3.5L V6 Cylinder Engine Gasoline Fuel,A/T,White,Black,None reported,Yes,58000,19400
4281,Subaru,BRZ Limited,2013,Gasoline,200.0HP 2.0L 4 Cylinder Engine Gasoline Fuel,6-Speed A/T,Silver,Black,At least 1 accident or damage reported,Yes,13490,129858
4282,Volvo,XC60 3.2,2012,Gasoline,240.0HP 3.2L Straight 6 Cylinder Engine Gasoline Fuel,6-Speed A/T,Blue,Beige,None reported,Yes,10800,102000
4283,Subaru,Impreza WRX Sti Special Edition,2010,Gasoline,305.0HP 2.5L 4 Cylinder Engine Gasoline Fuel,6-Speed M/T,Gray,Black,None reported,Yes,39900,8700
4284,Chevrolet,Bolt EV LT,2018,,200.0HP Electric Motor Electric Fuel System,1-Speed A/T,Red,Gray,None reported,Yes,17500,49279
4285,Chevrolet,Monte Carlo Supercharged SS,2004,Gasoline,240.0HP 3.8L V6 Cylinder Engine Gasoline Fuel,A/T,Red,Black,None reported,Yes,6500,148800
4286,Cadillac,Escalade Platinum Edition,2012,E85 Flex Fuel,403.0HP 6.2L 8 Cylinder Engine Flex Fuel Capability,A/T,Black,Black,None reported,Yes,12900,160249
4288,Chevrolet,Silverado 2500 LT H/D Extended Cab,2006,Diesel,360.0HP 6.6L 8 Cylinder Engine Diesel Fuel,6-Speed A/T,White,Gray,None reported,Yes,19500,169000
4289,Mercedes-Benz,AMG C 63 S,2017,Gasoline,503.0HP 4.0L 8 Cylinder Engine Gasoline Fuel,7-Speed A/T,Gray,Black,None reported,Yes,56000,46000
4290,Ferrari,488 Spider Base,2019,Gasoline,660.0HP 3.9L 8 Cylinder Engine Gasoline Fuel,Transmission w/Dual Shift Mode,Red,Black,None reported,Yes,315000,13900
4291,Acura,TLX V6 Tech,2015,Gasoline,290.0HP 3.5L V6 Cylinder Engine Gasoline Fuel,9-Speed A/T,White,Black,None reported,Yes,21900,38000
4292,Chevrolet,Corvette Z06,2006,Gasoline,505.0HP 7.0L 8 Cylinder Engine Gasoline Fuel,6-Speed M/T,Orange,Black,None reported,Yes,42000,42000
4293,Lexus,NX 350h Premium,2024,Hybrid,240.0HP 2.5L 4 Cylinder Engine Gas/Electric Hybrid,A/T,Black,Black,None reported,Yes,50999,300
4294,Mercedes-Benz,SLK-Class SLK 350,2008,Gasoline,268.0HP 3.5L V6 Cylinder Engine Gasoline Fuel,7-Speed A/T,Red,Beige,None reported,Yes,13900,120800
4295,Jeep,Wrangler Unlimited Sahara,2020,Gasoline,2.0L I4 16V GDI DOHC Turbo,8-Speed Automatic,Hellayella Clearcoat,Black,None reported,Yes,35234,76313
4296,Chevrolet,Silverado 1500 LT,2012,E85 Flex Fuel,315.0HP 5.3L 8 Cylinder Engine Flex Fuel Capability,6-Speed A/T,Blue,Gray,At least 1 accident or damage reported,Yes,16500,104000
4297,Lexus,GX 460 Base,2010,Gasoline,301.0HP 4.6L 8 Cylinder Engine Gasoline Fuel,A/T,Red,Beige,At least 1 accident or damage reported,Yes,22000,97097
4298,Jeep,Wrangler Unlimited X,2008,Gasoline,202.0HP 3.8L V6 Cylinder Engine Gasoline Fuel,A/T,Yellow,Gray,None reported,Yes,15900,136731
4299,RAM,1500 Tradesman/Express,2017,Gasoline,395.0HP 5.7L 8 Cylinder Engine Gasoline Fuel,A/T,Blue,Gray,At least 1 accident or damage reported,Yes,24000,40200
4300,Ford,Explorer ST,2021,Gasoline,3.0L V6 24V GDI DOHC Twin Turbo,10-Speed Automatic,Black,–,None reported,Yes,44605,39105
4301,Mercedes-Benz,G 550 4x4 Squared Base,2017,Gasoline,416.0HP 4.0L 8 Cylinder Engine Gasoline Fuel,Transmission w/Dual Shift Mode,White,Black,At least 1 accident or damage reported,Yes,215000,23567
4302,BMW,M4 Competition,2021,Gasoline,503.0HP 3.0L Straight 6 Cylinder Engine Gasoline Fuel,8-Speed A/T,Gray,Blue,At least 1 accident or damage reported,Yes,90000,12500
4303,Chevrolet,Colorado ZR2,2019,Gasoline,308.0HP 3.6L V6 Cylinder Engine Gasoline Fuel,8-Speed A/T,White,Black,None reported,Yes,34700,38900
4304,Lincoln,Navigator L Select,2016,Gasoline,380.0HP 3.5L V6 Cylinder Engine Gasoline Fuel,6-Speed A/T,Black,Black,At least 1 accident or damage reported,Yes,25221,84272
4305,Mercedes-Benz,E-Class E 350,2016,Gasoline,302.0HP 3.5L V6 Cylinder Engine Gasoline Fuel,A/T,White,Beige,None reported,Yes,24999,58375
4306,Ford,Mustang Shelby GT500,2007,Gasoline,500.0HP 5.4L 8 Cylinder Engine Gasoline Fuel,6-Speed M/T,Red,Black,None reported,Yes,40999,7346
4307,Dodge,Charger SRT8,2008,Gasoline,425.0HP 6.1L 8 Cylinder Engine Gasoline Fuel,5-Speed A/T,Blue,Black,At least 1 accident or damage reported,Yes,15500,98231
4308,Jaguar,XK Base,2007,Gasoline,300.0HP 4.2L 8 Cylinder Engine Gasoline Fuel,A/T,White,Beige,None reported,Yes,18000,56000
4309,Honda,Civic EX,2020,Gasoline,174.0HP 1.5L 4 Cylinder Engine Gasoline Fuel,CVT Transmission,Gray,Black,None reported,Yes,26000,13935
4310,Subaru,Impreza 2.0i,2019,Gasoline,152.0HP 2.0L 4 Cylinder Engine Gasoline Fuel,CVT Transmission,Gray,Black,At least 1 accident or damage reported,Yes,21250,30000
4311,Saab,9-3 Aero,2009,Gasoline,280.0HP 2.8L V6 Cylinder Engine Gasoline Fuel,6-Speed A/T,Red,Black,None reported,Yes,12950,106000
4312,BMW,650 Gran Coupe i xDrive,2014,Gasoline,445.0HP 4.4L 8 Cylinder Engine Gasoline Fuel,8-Speed A/T,Black,White,None reported,Yes,18700,82978
4313,Jeep,Wrangler Unlimited Sport,2018,Gasoline,285.0HP 3.6L V6 Cylinder Engine Gasoline Fuel,8-Speed A/T,Black,Black,None reported,Yes,35000,58500
4314,Ford,F-350 King Ranch,2015,Diesel,440.0HP 6.7L 8 Cylinder Engine Diesel Fuel,6-Speed A/T,White,Brown,None reported,Yes,51900,92421
4315,Mazda,CX-30 Preferred,2020,Gasoline,2.5L I4 16V GDI DOHC,6-Speed Automatic,Snowflake White Pearl,Black,None reported,Yes,27518,9927
4316,Jeep,Wrangler Sport,2000,Gasoline,181.0HP 4.0L Straight 6 Cylinder Engine Gasoline Fuel,5-Speed M/T,Beige,Brown,None reported,Yes,13900,122945
4317,Lexus,RX 330 Base,2006,Gasoline,230.0HP 3.3L V6 Cylinder Engine Gasoline Fuel,A/T,White,Beige,None reported,Yes,11000,110250
4318,INFINITI,QX56 Base,2011,Gasoline,400.0HP 5.6L 8 Cylinder Engine Gasoline Fuel,7-Speed A/T,Black,Beige,None reported,Yes,13500,103010
4319,Hyundai,Veloster Value Edition,2017,Gasoline,1.6L I4 16V GDI DOHC,6-Speed Automatic with Auto-Shift,Ironman Silver,Black,None reported,,15599,55359
4320,Chevrolet,Silverado 1500 LT Extended Cab,2002,Gasoline,285.0HP 5.3L 8 Cylinder Engine Gasoline Fuel,A/T,Silver,Black,At least 1 accident or damage reported,Yes,5900,118500
4321,Rivian,R1S Launch Edition,2022,,835.0HP Electric Motor Electric Fuel System,1-Speed A/T,Green,Black,None reported,Yes,92500,7800
4322,Land,Rover Range Rover HSE SWB,2020,Hybrid,395.0HP 3.0L Straight 6 Cylinder Engine Gasoline/Mild Electric Hybrid,8-Speed A/T,Gray,Gray,None reported,Yes,68000,41500
4323,BMW,M4 Base,2020,Gasoline,425.0HP 3.0L Straight 6 Cylinder Engine Gasoline Fuel,7-Speed A/T,White,White,None reported,Yes,59900,28000
4324,Mercedes-Benz,E-Class E 350,2014,Gasoline,302.0HP 3.5L V6 Cylinder Engine Gasoline Fuel,A/T,Black,Brown,None reported,Yes,24500,53500
4325,Honda,Accord Hybrid Base,2021,Hybrid,2.0L I4 16V MPFI DOHC Hybrid,Automatic CVT,Lunar Silver Metallic,Gray,None reported,,28748,33523
4326,Toyota,Prius v Three,2016,Hybrid,134.0HP 1.8L 4 Cylinder Engine Gas/Electric Hybrid,A/T,Gray,Black,At least 1 accident or damage reported,Yes,18000,86300
4327,Subaru,WRX Premium,2022,Gasoline,271.0HP 2.4L 4 Cylinder Engine Gasoline Fuel,Transmission w/Dual Shift Mode,Orange,Black,At least 1 accident or damage reported,Yes,33000,7738
4328,Bentley,Bentayga Speed,2020,Gasoline,6.0L W12 48V PDI DOHC Twin Turbo,8-Speed Automatic,Beluga Black,Hotspur Hide,None reported,Yes,173995,22001
4329,Ford,Explorer ST,2022,Gasoline,400.0HP 3.0L V6 Cylinder Engine Gasoline Fuel,10-Speed A/T,Black,Black,None reported,Yes,51500,14361
4330,Chevrolet,Suburban LT,2016,E85 Flex Fuel,355.0HP 5.3L 8 Cylinder Engine Flex Fuel Capability,Transmission Overdrive Switch,Gray,Gray,At least 1 accident or damage reported,Yes,30000,98000
4331,Chevrolet,Silverado 1500 Limited Custom,2022,Gasoline,2.7 Liter DOHC Turbo,Automatic,Summit White,Jet Black,None reported,,37698,30455
4332,Ford,Explorer Platinum,2020,Gasoline,3.0L V6 24V GDI DOHC Twin Turbo,10-Speed Automatic,Iconic Silver Metallic,Ebony,At least 1 accident or damage reported,Yes,36750,64552
4333,Lexus,RX 350 Base,2017,Gasoline,295.0HP 3.5L V6 Cylinder Engine Gasoline Fuel,8-Speed A/T,Beige,Beige,At least 1 accident or damage reported,Yes,24700,103866
4334,Land,Rover Range Rover 3.0L V6 Supercharged HSE,2019,Gasoline,380.0HP 3.0L V6 Cylinder Engine Gasoline Fuel,8-Speed A/T,Black,Black,At least 1 accident or damage reported,Yes,57999,35650
4335,Ford,Explorer Platinum,2021,Gasoline,3.0L V6 24V GDI DOHC Twin Turbo,10-Speed Automatic,Black,Light Slate,None reported,Yes,39979,64957
4337,Chevrolet,Equinox 2LT,2012,Gasoline,264.0HP 3.0L V6 Cylinder Engine Gasoline Fuel,6-Speed A/T,Black,Brown,At least 1 accident or damage reported,Yes,7500,96653
4338,Dodge,Challenger SXT,2022,Gasoline,303.0HP 3.6L V6 Cylinder Engine Gasoline Fuel,8-Speed A/T,Gray,Black,None reported,Yes,31000,29500
4339,Porsche,911 Carrera,2021,Gasoline,379.0HP 3.0L Flat 6 Cylinder Engine Gasoline Fuel,8-Speed A/T,Red,Black,,,116999,7400
4340,Volvo,XC70 T6 Platinum,2012,Gasoline,300.0HP 3.0L Straight 6 Cylinder Engine Gasoline Fuel,A/T,Silver,Black,At least 1 accident or damage reported,Yes,15900,69000
4341,Lexus,GX 470 Base,2005,Gasoline,270.0HP 4.7L 8 Cylinder Engine Gasoline Fuel,5-Speed A/T,Gray,Gray,At least 1 accident or damage reported,Yes,15500,198000
4342,Porsche,911 Carrera GTS,2015,Gasoline,430.0HP 3.8L Flat 6 Cylinder Engine Gasoline Fuel,7-Speed M/T,Red,Black,None reported,Yes,132900,23600
4343,Volvo,XC70 3.2,2008,Gasoline,235.0HP 3.2L Straight 6 Cylinder Engine Gasoline Fuel,6-Speed A/T,White,Beige,None reported,Yes,7000,170000
4344,Nissan,350Z NISMO,2008,Gasoline,306.0HP 3.5L V6 Cylinder Engine Gasoline Fuel,6-Speed M/T,Silver,Red,At least 1 accident or damage reported,Yes,28000,76500
4345,Porsche,911 Turbo,2007,Gasoline,480.0HP 3.6L Flat 6 Cylinder Engine Gasoline Fuel,5-Speed A/T,Black,Black,None reported,Yes,75499,73500
4346,Land,Rover Range Rover SWB,2020,Hybrid,355.0HP 3.0L Straight 6 Cylinder Engine Gasoline/Mild Electric Hybrid,A/T,Black,Black,None reported,Yes,70000,29000
4347,Porsche,Cayenne E-Hybrid S Platinum Edition,2017,Plug-In Hybrid,416.0HP 3.0L V6 Cylinder Engine Plug-In Electric/Gas,8-Speed A/T,Black,Beige,At least 1 accident or damage reported,Yes,29500,69404
4348,Lexus,IS 350 Base,2007,Gasoline,306.0HP 3.5L V6 Cylinder Engine Gasoline Fuel,6-Speed A/T,Red,Beige,At least 1 accident or damage reported,Yes,12900,103000
4349,Porsche,Macan S,2015,Gasoline,340.0HP 3.0L V6 Cylinder Engine Gasoline Fuel,Transmission w/Dual Shift Mode,Silver,Black,At least 1 accident or damage reported,Yes,26500,70500
4350,Land,Rover Range Rover 5.0L Supercharged,2016,Gasoline,510.0HP 5.0L 8 Cylinder Engine Gasoline Fuel,Transmission w/Dual Shift Mode,White,White,None reported,Yes,36995,64000
4351,GMC,Savana 2500 Work Van,2018,E85 Flex Fuel,341.0HP 6.0L 8 Cylinder Engine Flex Fuel Capability,A/T,White,Beige,None reported,Yes,33000,63460
4352,Toyota,4Runner SR5,2018,Gasoline,270.0HP 4.0L V6 Cylinder Engine Gasoline Fuel,A/T,Silver,Black,None reported,Yes,35500,32199
4353,Hyundai,Palisade SEL,2020,Gasoline,291.0HP 3.8L V6 Cylinder Engine Gasoline Fuel,A/T,White,Black,None reported,Yes,32000,69487
4354,GMC,Sierra 2500 Denali,2015,Diesel,397.0HP 6.6L 8 Cylinder Engine Diesel Fuel,A/T,Gray,Brown,None reported,Yes,49000,86000
4355,Genesis,GV70 3.5T Sport,2022,Gasoline,3.5L V6 24V PDI DOHC Twin Turbo,8-Speed Automatic,Alta White,Red,None reported,,48219,8730
4356,Dodge,Ram Van 1500,2002,Gasoline,175.0HP 3.9L V6 Cylinder Engine Gasoline Fuel,A/T,Red,Beige,At least 1 accident or damage reported,Yes,8000,70000
4357,Chevrolet,Impala 1LT,2017,Gasoline,305.0HP 3.6L V6 Cylinder Engine Gasoline Fuel,6-Speed A/T,White,Gray,At least 1 accident or damage reported,Yes,17900,70000
4358,Audi,A4 2.0T Premium Plus,2015,E85 Flex Fuel,220.0HP 2.0L 4 Cylinder Engine Flex Fuel Capability,8-Speed A/T,Red,Gray,At least 1 accident or damage reported,Yes,16000,83420
4359,Nissan,Altima 2.5 S,2003,Gasoline,175.0HP 2.5L 4 Cylinder Engine Gasoline Fuel,A/T,Silver,Beige,At least 1 accident or damage reported,Yes,2899,189000
4360,Porsche,911 Carrera 4S,2017,Gasoline,420.0HP 3.0L Flat 6 Cylinder Engine Gasoline Fuel,7-Speed A/T,Blue,Red,None reported,Yes,97555,31500
4361,BMW,X1 xDrive 28i,2015,Gasoline,240.0HP 2.0L 4 Cylinder Engine Gasoline Fuel,A/T,Gray,Black,None reported,Yes,13000,85766
4362,GMC,Yukon Denali,2018,Gasoline,420.0HP 6.2L 8 Cylinder Engine Gasoline Fuel,10-Speed A/T,White,Black,None reported,Yes,34000,92800
4363,Land,Rover Defender SE,2021,Hybrid,395.0HP 3.0L Straight 6 Cylinder Engine Gasoline/Mild Electric Hybrid,A/T,Gray,Black,None reported,Yes,75500,13970
4364,Porsche,911 Turbo S,2023,Gasoline,3.8L H6 24V GDI DOHC Twin Turbo,8-Speed Automatic with Auto-Shift,Python Green,Black,None reported,,274900,154
4365,Toyota,Land Cruiser Base,2000,Gasoline,230.0HP 4.7L 8 Cylinder Engine Gasoline Fuel,4-Speed A/T,Black,Beige,None reported,Yes,15500,265000
4366,Scion,xB Base,2011,Gasoline,158.0HP 2.4L 4 Cylinder Engine Gasoline Fuel,A/T,Green,Gray,None reported,Yes,8000,95426
4367,Honda,S2000 Base,2001,Gasoline,240.0HP 2.0L 4 Cylinder Engine Gasoline Fuel,6-Speed M/T,Black,Red,At least 1 accident or damage reported,Yes,18000,119900
4368,Mazda,CX-30 Select,2020,Gasoline,2.5L I4 16V GDI DOHC,6-Speed Automatic,Soul Red Crystal Metallic,Black,None reported,Yes,25495,23162
4369,BMW,M4 Competition,2023,Gasoline,503.0HP 3.0L Straight 6 Cylinder Engine Gasoline Fuel,A/T,White,Blue,None reported,Yes,83500,3950
4370,Porsche,911 Carrera 4S,2006,Gasoline,355.0HP 3.8L Flat 6 Cylinder Engine Gasoline Fuel,6-Speed M/T,Black,Beige,None reported,Yes,43000,80000
4371,Ford,F-250 Lariat,2015,E85 Flex Fuel,385.0HP 6.2L 8 Cylinder Engine Flex Fuel Capability,A/T,White,Black,At least 1 accident or damage reported,Yes,32500,94634
4372,Chevrolet,Corvette Base,2007,Gasoline,400.0HP 6.0L 8 Cylinder Engine Gasoline Fuel,6-Speed A/T,Silver,Beige,At least 1 accident or damage reported,Yes,33885,65000
4373,Lexus,LS 460 L,2008,Gasoline,380.0HP 4.6L 8 Cylinder Engine Gasoline Fuel,A/T,Black,Black,At least 1 accident or damage reported,Yes,11500,100000
4374,Toyota,Sienna XSE 25th Anniversary,2023,Hybrid,245.0HP 2.5L 4 Cylinder Engine Gas/Electric Hybrid,A/T,White,Black,None reported,Yes,59500,500
4375,Mercedes-Benz,AMG G 63 Base,2021,Gasoline,4.0L V8 32V GDI DOHC Twin Turbo,9-Speed Automatic,China Blue,Black,None reported,Yes,425000,7856
4376,Audi,A4 2.0T Premium quattro,2011,Gasoline,211.0HP 2.0L 4 Cylinder Engine Gasoline Fuel,A/T,White,Black,None reported,Yes,5500,181000
4377,Mercedes-Benz,GLC 300 Base 4MATIC,2018,Gasoline,241.0HP 2.0L 4 Cylinder Engine Gasoline Fuel,9-Speed A/T,Blue,Brown,None reported,Yes,27900,48700
4378,Porsche,911 Turbo Cabriolet,2009,Gasoline,480.0HP 3.6L Flat 6 Cylinder Engine Gasoline Fuel,6-Speed M/T,Gray,Black,None reported,Yes,130000,13500
4379,Toyota,86 860 Special Edition,2017,Gasoline,200.0HP 2.0L 4 Cylinder Engine Gasoline Fuel,6-Speed A/T,Silver,Black,None reported,Yes,20000,87500
4380,Jaguar,XJ8 L,2000,Gasoline,290.0HP 4.0L 8 Cylinder Engine Gasoline Fuel,A/T,Silver,Beige,None reported,Yes,12500,45000
4381,Chevrolet,Corvette Base,1996,Gasoline,300.0HP 5.7L 8 Cylinder Engine Gasoline Fuel,4-Speed A/T,Silver,Black,None reported,Yes,14500,85760
4382,Tesla,Model 3 Long Range,2018,,271.0HP Electric Motor Electric Fuel System,1-Speed A/T,White,Black,None reported,Yes,28895,36187
4383,Hyundai,Tucson SEL,2022,Gasoline,2.5L I4 16V PDI DOHC,8-Speed Automatic,Portofino Gray,Black,None reported,,27999,13666
4384,Porsche,911 Carrera S,2007,Gasoline,355.0HP 3.8L Flat 6 Cylinder Engine Gasoline Fuel,6-Speed M/T,Silver,Black,None reported,Yes,56000,50500
4385,Lincoln,Nautilus Reserve,2021,Gasoline,2.0L I4 16V GDI DOHC Turbo,8-Speed Automatic,Black,Ebony,None reported,,44340,19291
4386,Ford,Mustang Boss 302,2012,Gasoline,444.0HP 5.0L 8 Cylinder Engine Gasoline Fuel,M/T,Silver,Black,None reported,Yes,49990,1295
4387,Cadillac,Escalade Premium Luxury,2017,Gasoline,420.0HP 6.2L 8 Cylinder Engine Gasoline Fuel,8-Speed A/T,White,Beige,At least 1 accident or damage reported,Yes,49900,55000
4388,MINI,Cooper Base,2010,Gasoline,118.0HP 1.6L 4 Cylinder Engine Gasoline Fuel,6-Speed M/T,Yellow,Black,None reported,Yes,9650,74000
4389,Dodge,Durango R/T,2022,Gasoline,5.7L V8 16V MPFI OHV,8-Speed Automatic,White Knuckle Clearcoat,Black,None reported,Yes,49999,14976
4390,BMW,X5 xDrive35i,2018,Gasoline,3.0L I6 24V GDI DOHC Turbo,8-Speed Automatic,Imperial Blue Metallic,Black,At least 1 accident or damage reported,,33889,25348
4391,Chevrolet,Corvette Base,2010,Gasoline,430.0HP 6.2L 8 Cylinder Engine Gasoline Fuel,6-Speed M/T,White,Black,None reported,Yes,35000,23133
4392,Jaguar,XE 20d Prestige,2018,Diesel,2.0 Liter,Automatic,Blue,Beige,None reported,,29998,34322
4393,Dodge,Challenger R/T,2021,Gasoline,375.0HP 5.7L 8 Cylinder Engine Gasoline Fuel,8-Speed A/T,White,Gray,At least 1 accident or damage reported,Yes,28500,39960
4394,BMW,550 i xDrive,2016,Gasoline,445.0HP 4.4L 8 Cylinder Engine Gasoline Fuel,8-Speed A/T,Black,Black,At least 1 accident or damage reported,Yes,31300,76400
4395,Ford,Explorer XLT,2022,Gasoline,2.3L I4 16V GDI DOHC Turbo,10-Speed Automatic,White,Ebony,None reported,Yes,38978,18533
4396,GMC,Yukon XL Denali,2023,Gasoline,420.0HP 6.2L 8 Cylinder Engine Gasoline Fuel,10-Speed A/T,Gray,Black,None reported,Yes,92888,7500
4397,INFINITI,QX80 SENSORY,2022,Gasoline,400.0HP 5.6L 8 Cylinder Engine Gasoline Fuel,7-Speed A/T,Blue,Brown,At least 1 accident or damage reported,Yes,64000,26520
4398,Land,Rover Range Rover 3.0L Supercharged,2014,E85 Flex Fuel,340.0HP 3.0L V6 Cylinder Engine Flex Fuel Capability,A/T,Red,Black,None reported,Yes,33800,59500
4399,Honda,Pilot EX-L,2020,Gasoline,280.0HP 3.5L V6 Cylinder Engine Gasoline Fuel,A/T,White,Black,None reported,Yes,34999,44000
4400,Pontiac,Firebird Base,2001,Gasoline,200.0HP 3.8L V6 Cylinder Engine Gasoline Fuel,A/T,White,Gray,None reported,Yes,11000,111000
4401,Toyota,4Runner Limited,2016,Gasoline,4.0L V6 24V MPFI DOHC,5-Speed Automatic,Nautical Blue Pearl,Black,None reported,Yes,31906,82260
4402,Porsche,911 Carrera Cabriolet,2006,Gasoline,325.0HP 3.6L Flat 6 Cylinder Engine Gasoline Fuel,Transmission w/Dual Shift Mode,Gray,Black,At least 1 accident or damage reported,Yes,37500,52744
4403,BMW,i8 Base,2019,Plug-In Hybrid,369.0HP 1.5L 3 Cylinder Engine Plug-In Electric/Gas,Transmission w/Dual Shift Mode,Gray,Beige,At least 1 accident or damage reported,Yes,79950,28200
4404,Nissan,Maxima GLE,2000,Gasoline,222.0HP 3.0L V6 Cylinder Engine Gasoline Fuel,A/T,Blue,Beige,At least 1 accident or damage reported,Yes,2300,194277
4405,Pontiac,Firebird Trans Am,2001,Gasoline,310.0HP 5.7L 8 Cylinder Engine Gasoline Fuel,A/T,Green,Black,None reported,Yes,12850,91812
4406,Chevrolet,Suburban Premier,2018,Gasoline,5.3L V8 16V GDI OHV,6-Speed Automatic,Tungsten Metallic,Jet Black,None reported,Yes,43775,84224
4407,BMW,X2 xDrive28i,2018,Gasoline,228.0HP 2.0L 4 Cylinder Engine Gasoline Fuel,Transmission w/Dual Shift Mode,Gray,Black,At least 1 accident or damage reported,Yes,24900,66690
4408,Mercedes-Benz,AMG C 43 Base 4MATIC,2018,Gasoline,362.0HP 3.0L V6 Cylinder Engine Gasoline Fuel,9-Speed A/T,White,Brown,At least 1 accident or damage reported,Yes,39848,41500
4409,BMW,750 i xDrive,2014,Gasoline,445.0HP 4.4L 8 Cylinder Engine Gasoline Fuel,8-Speed A/T,Black,Brown,At least 1 accident or damage reported,Yes,24900,85095
4410,Volvo,S60 T5 Premier Plus,2015,Gasoline,250.0HP 2.5L 5 Cylinder Engine Gasoline Fuel,Transmission w/Dual Shift Mode,Silver,Gray,At least 1 accident or damage reported,Yes,17900,39000
4411,Tesla,Model Y Long Range,2022,,425.0HP Electric Motor Electric Fuel System,1-Speed A/T,Gray,Black,None reported,Yes,46500,20500
4412,Ford,F-350 Platinum,2019,Diesel,450.0HP 6.7L 8 Cylinder Engine Diesel Fuel,6-Speed A/T,Black,Black,None reported,Yes,61995,112000
4413,Volkswagen,ID.4 Pro S,2023,,Battery Electric,Automatic,Gray,Gray w/Blue Bolsters,None reported,,39998,1716
4414,Audi,A3 2.0T Premium,2016,Gasoline,220.0HP 2.0L 4 Cylinder Engine Gasoline Fuel,A/T,Black,Black,At least 1 accident or damage reported,Yes,15499,90360
4415,Ford,Explorer Limited,2020,Gasoline,2.3L I4 16V GDI DOHC Turbo,10-Speed Automatic,Gray,Ebony,None reported,Yes,30825,82146
4416,Ford,Mustang GT Premium,2020,Gasoline,460.0HP 5.0L 8 Cylinder Engine Gasoline Fuel,10-Speed A/T,Blue,Black,At least 1 accident or damage reported,Yes,41000,16850
4417,Honda,S2000 Base,2003,Gasoline,240.0HP 2.0L 4 Cylinder Engine Gasoline Fuel,6-Speed M/T,Silver,Black,None reported,Yes,28000,101000
4418,BMW,M235 i,2015,Gasoline,320.0HP 3.0L Straight 6 Cylinder Engine Gasoline Fuel,6-Speed M/T,Red,Black,None reported,Yes,25999,68750
4419,Lamborghini,Aventador S Base,2018,Gasoline,729.0HP 6.5L 12 Cylinder Engine Gasoline Fuel,7-Speed A/T,White,Gray,None reported,Yes,491836,5858
4420,Dodge,Durango SLT,2004,Gasoline,335.0HP 5.7L 8 Cylinder Engine Gasoline Fuel,A/T,Beige,Beige,None reported,Yes,3200,143000
4421,Nissan,Armada LE,2005,Gasoline,305.0HP 5.6L 8 Cylinder Engine Gasoline Fuel,A/T,Green,Beige,At least 1 accident or damage reported,Yes,6900,152270
4422,Kia,Sorento S,2021,Gasoline,2.5L I4 16V PDI DOHC,8-Speed Automatic,Glacial White Pearl,Black,None reported,,33591,19605
4423,Chevrolet,Silverado 1500 RST,2020,Gasoline,355.0HP 5.3L 8 Cylinder Engine Gasoline Fuel,10-Speed A/T,Gray,Black,None reported,Yes,69999,19200
4424,Chevrolet,Impala Base,2004,Gasoline,180.0HP 3.4L V6 Cylinder Engine Gasoline Fuel,A/T,Beige,Beige,None reported,Yes,5900,64500
4425,Toyota,Tacoma PreRunner,2011,Gasoline,236.0HP 4.0L V6 Cylinder Engine Gasoline Fuel,A/T,Black,Beige,None reported,Yes,18995,149000
4426,McLaren,570S Spider,2018,Gasoline,3.8L V8 32V MPFI DOHC Twin Turbo,7-Speed Automatic with Auto-Shift,Silician Yellow,Jet Black,None reported,,179900,5918
4427,Pontiac,Firebird Trans Am,1997,Gasoline,285.0HP 5.7L 8 Cylinder Engine Gasoline Fuel,A/T,Red,Beige,At least 1 accident or damage reported,Yes,7200,134033
4428,Kia,Stinger GT1,2019,Gasoline,"3.3L V-6 gasoline direct injection, DOHC, D-CVVT variable valve",Automatic,Snow White Pearl,Black,None reported,,34998,37226
4429,Ford,Escape SE,2017,Gasoline,179.0HP 1.5L 4 Cylinder Engine Gasoline Fuel,A/T,Beige,Beige,None reported,Yes,13700,71924
4430,Lamborghini,Huracan EVO Coupe,2021,Gasoline,"5.2L V-10 gasoline direct injection, DOHC, variable valve contro",Automatic,Arancio Borealis,Nero Ade,None reported,,279991,5718
4431,Jeep,Wrangler Unlimited Sport,2014,Gasoline,285.0HP 3.6L V6 Cylinder Engine Gasoline Fuel,A/T,Orange,Black,At least 1 accident or damage reported,Yes,21500,122200
4432,Land,Rover Range Rover Sport HST MHEV,2020,Hybrid,395.0HP 3.0L Straight 6 Cylinder Engine Gasoline/Mild Electric Hybrid,8-Speed A/T,Silver,Black,None reported,Yes,54500,37248
4433,Chevrolet,Silverado 1500 Base,1999,Gasoline,255.0HP 4.8L 8 Cylinder Engine Gasoline Fuel,A/T,White,Gray,None reported,Yes,6800,88750
4434,Cadillac,XLR V,2008,Gasoline,443.0HP 4.4L 8 Cylinder Engine Gasoline Fuel,6-Speed A/T,Black,Black,,,24700,64800
4435,Ford,Fusion Hybrid Titanium,2014,Hybrid,2.0L I4 16V MPFI DOHC Hybrid,Automatic CVT,White,Charcoal Black,None reported,,12599,112180
4436,RAM,2500 SLT,2015,Diesel,350.0HP 6.7L Straight 6 Cylinder Engine Diesel Fuel,6-Speed A/T,White,Black,At least 1 accident or damage reported,Yes,35000,149130
4437,Tesla,Model Y Long Range,2020,,425.0HP Electric Motor Electric Fuel System,1-Speed A/T,Gray,White,None reported,Yes,35500,88000
4438,Toyota,Highlander XLE,2018,Gasoline,295.0HP 3.5L V6 Cylinder Engine Gasoline Fuel,8-Speed A/T,White,Black,None reported,Yes,27950,74000
4439,Ford,F-150 XLT,2019,Gasoline,325.0HP 2.7L V6 Cylinder Engine Gasoline Fuel,10-Speed A/T,Red,Gray,None reported,Yes,34500,44460
4440,GMC,Acadia SLE-2,2015,Gasoline,281.0HP 3.6L V6 Cylinder Engine Gasoline Fuel,6-Speed A/T,Blue,Beige,None reported,Yes,17000,96000
4441,Porsche,Boxster Base,2005,Gasoline,240.0HP 2.7L Flat 6 Cylinder Engine Gasoline Fuel,5-Speed M/T,Silver,Black,,,17500,75000
4442,Dodge,Charger R/T,2014,Gasoline,370.0HP 5.7L 8 Cylinder Engine Gasoline Fuel,Transmission w/Dual Shift Mode,Black,Black,None reported,Yes,17900,95000
4443,Land,Rover Range Rover Sport Supercharged HSE,2016,Gasoline,340.0HP 3.0L V6 Cylinder Engine Gasoline Fuel,A/T,Brown,Brown,None reported,Yes,37500,49799
4444,Ford,Mustang GT,2006,Gasoline,300.0HP 4.6L 8 Cylinder Engine Gasoline Fuel,5-Speed M/T,Silver,Red,None reported,Yes,21750,27407
4445,Alfa,Romeo Giulia Ti,2020,Gasoline,2.0L I4 16V GDI SOHC Turbo,8-Speed Automatic,Rosso,Black,,,34645,23339
4446,Tesla,Model S 90D,2016,,417.0HP Electric Motor Electric Fuel System,A/T,Black,Black,None reported,Yes,35900,74122
4447,Jaguar,XK8 Base,1997,Gasoline,290.0HP 4.0L 8 Cylinder Engine Gasoline Fuel,A/T,White,Beige,None reported,Yes,6000,50000
4448,Mercedes-Benz,GLC 300 GLC 300,2021,Gasoline,2.0 Liter Turbo,Automatic,Graphite Grey,–,None reported,,38998,14745
4449,Chevrolet,Corvette Stingray w/3LT,2021,Gasoline,490.0HP 6.2L 8 Cylinder Engine Gasoline Fuel,Transmission w/Dual Shift Mode,Blue,Blue,None reported,Yes,85950,2700
4450,Buick,Regal Turbo - Premium 1,2012,Gasoline,220.0HP 2.0L 4 Cylinder Engine Gasoline Fuel,6-Speed A/T,Beige,Beige,At least 1 accident or damage reported,Yes,6000,190000
4451,Audi,A4 2.0T Premium,2014,E85 Flex Fuel,220.0HP 2.0L 4 Cylinder Engine Flex Fuel Capability,Transmission w/Dual Shift Mode,Gray,Black,None reported,Yes,9999,90236
4452,Jeep,Gladiator Overland,2020,Gasoline,285.0HP 3.6L V6 Cylinder Engine Gasoline Fuel,8-Speed A/T,Silver,Black,None reported,Yes,50000,4000
4453,Land,Rover Range Rover Westminster SWB,2022,Hybrid,395.0HP 3.0L Straight 6 Cylinder Engine Gasoline/Mild Electric Hybrid,8-Speed A/T,Blue,White,None reported,Yes,115999,2220
4454,GMC,Yukon XL Denali,2017,Gasoline,420.0HP 6.2L 8 Cylinder Engine Gasoline Fuel,8-Speed A/T,Gray,Beige,At least 1 accident or damage reported,Yes,32000,124000
4455,Ford,Ranger Lariat,2019,Gasoline,2.3L I4 16V GDI DOHC Turbo,10-Speed Automatic,Red,–,None reported,Yes,35690,45163
4456,Volkswagen,Passat 2.0T SE,2020,Gasoline,174.0HP 2.0L 4 Cylinder Engine Gasoline Fuel,6-Speed A/T,Black,Brown,None reported,Yes,20900,49400
4457,Porsche,911 Carrera,2020,Gasoline,379.0HP 3.0L Flat 6 Cylinder Engine Gasoline Fuel,8-Speed A/T,Red,Black,None reported,Yes,124900,11256
4458,Chevrolet,Corvette Stingray w/1LT,2021,Gasoline,490.0HP 6.2L 8 Cylinder Engine Gasoline Fuel,A/T,White,Red,None reported,Yes,75000,13700
4459,Land,Rover Range Rover HSE,2011,Gasoline,230.0HP 3.2L Straight 6 Cylinder Engine Gasoline Fuel,6-Speed A/T,Black,Black,None reported,Yes,9500,174678
4460,Lexus,RX 450h F Sport Handling,2022,Hybrid,308.0HP 3.5L V6 Cylinder Engine Gas/Electric Hybrid,A/T,White,Black,None reported,Yes,59000,1600
4461,Porsche,911 GT3 RS,2019,Gasoline,4.0L H6 24V GDI DOHC,7-Speed Automatic with Auto-Shift,Lizard Green,Black,None reported,,229900,15509
4462,Ford,Expedition Platinum,2020,Gasoline,3.5L V6 24V GDI DOHC Twin Turbo,10-Speed Automatic,Red,Ebony,None reported,Yes,48149,69849
4463,Toyota,Tacoma PreRunner,2008,Gasoline,236.0HP 4.0L V6 Cylinder Engine Gasoline Fuel,A/T,White,–,At least 1 accident or damage reported,Yes,17000,160000
4464,Toyota,Mirai Base,2016,not supported,151.0HP Electric Motor Hydrogen Fuel,A/T,Silver,Black,None reported,Yes,9500,40000
4465,Ford,Explorer Sport Trac XLT,2007,Gasoline,292.0HP 4.6L 8 Cylinder Engine Gasoline Fuel,A/T,Red,Beige,At least 1 accident or damage reported,Yes,3850,228000
4466,GMC,Sierra 1500 SLE1 Extended Cab,2008,–,–,4-Speed A/T,Red,Gray,At least 1 accident or damage reported,Yes,6100,187000
4467,Mercedes-Benz,C-Class C 300 Luxury,2015,Gasoline,241.0HP 2.0L 4 Cylinder Engine Gasoline Fuel,7-Speed A/T,Black,Black,None reported,Yes,17000,102000
4468,Cadillac,SRX Standard,2016,Gasoline,308.0HP 3.6L V6 Cylinder Engine Gasoline Fuel,6-Speed A/T,White,Black,At least 1 accident or damage reported,Yes,24995,48000
4469,Chrysler,Town & Country Touring-L,2012,E85 Flex Fuel,283.0HP 3.6L V6 Cylinder Engine Flex Fuel Capability,6-Speed A/T,Gray,Beige,None reported,Yes,5949,163500
4470,Porsche,911 Carrera,2023,Gasoline,379.0HP 3.0L Flat 6 Cylinder Engine Gasoline Fuel,A/T,Silver,Black,None reported,Yes,149000,1500
4471,Porsche,718 Cayman GT4,2021,Gasoline,414.0HP 4.0L Flat 6 Cylinder Engine Gasoline Fuel,6-Speed M/T,Yellow,Black,,,136900,2100
4472,Ford,F-350 Lariat,2018,Diesel,450.0HP 6.7L 8 Cylinder Engine Diesel Fuel,Transmission w/Dual Shift Mode,Gray,Black,None reported,Yes,63500,66281
4473,Ford,Mustang Mach-E Select,2021,,266.0HP Electric Motor Electric Fuel System,A/T,Blue,Black,None reported,Yes,39499,18000
4474,Ford,F-150 XL,2014,Gasoline,365.0HP 3.5L V6 Cylinder Engine Gasoline Fuel,6-Speed A/T,Gray,Gray,None reported,Yes,21500,27300
4475,Mazda,CX-30 Base,2020,Gasoline,2.5L I4 16V GDI DOHC,6-Speed Automatic,Snowflake White Pearl,Black,At least 1 accident or damage reported,Yes,24899,19319
4476,Mercedes-Benz,AMG G AMG G 63 4MATIC,2016,Gasoline,563.0HP 5.5L 8 Cylinder Engine Gasoline Fuel,Transmission w/Dual Shift Mode,White,Beige,At least 1 accident or damage reported,Yes,90000,32936
4477,BMW,M4 Base,2017,Gasoline,425.0HP 3.0L Straight 6 Cylinder Engine Gasoline Fuel,Transmission w/Dual Shift Mode,White,Black,None reported,Yes,52999,30450
4478,Jeep,Wrangler Sport,2017,Gasoline,285.0HP 3.6L V6 Cylinder Engine Gasoline Fuel,A/T,Red,–,None reported,Yes,29500,38200
4479,Jeep,Wrangler Sport,2020,Gasoline,2.0L I4 16V GDI DOHC Turbo,8-Speed Automatic,Black Clearcoat,Black,None reported,Yes,31871,26315
4480,Chevrolet,Silverado 1500 LS,2003,Gasoline,270.0HP 4.8L 8 Cylinder Engine Gasoline Fuel,A/T,Green,Beige,None reported,Yes,8900,110000
4481,MINI,Hardtop Cooper,2014,Gasoline,189.0HP 2.0L 4 Cylinder Engine Gasoline Fuel,6-Speed A/T,Silver,Black,None reported,Yes,13500,19700
4482,Honda,Element EX,2008,Gasoline,166.0HP 2.4L 4 Cylinder Engine Gasoline Fuel,5-Speed A/T,Black,Gray,At least 1 accident or damage reported,Yes,11000,192000
4483,Porsche,911 Carrera 4S,2017,Gasoline,420.0HP 3.0L Flat 6 Cylinder Engine Gasoline Fuel,Transmission w/Dual Shift Mode,Gray,Red,None reported,Yes,116911,26000
4484,Subaru,Impreza Outback Sport Wagon,2008,Gasoline,170.0HP 2.5L 4 Cylinder Engine Gasoline Fuel,4-Speed A/T,Silver,Gray,None reported,Yes,7495,98313
4485,Cadillac,XT5 Premium Luxury,2021,Gasoline,310.0HP 3.6L V6 Cylinder Engine Gasoline Fuel,A/T,Silver,Black,None reported,Yes,28500,66500
4486,Nissan,Kicks S,2022,Gasoline,1.6L I4 16V MPFI DOHC,Automatic CVT,Super Black,Charcoal,None reported,,18999,19877
4487,Kia,Seltos S,2021,Gasoline,146.0HP 2.0L 4 Cylinder Engine Gasoline Fuel,A/T,Blue,Black,None reported,Yes,25500,16100
4488,GMC,Yukon SLE,2016,Gasoline,355.0HP 5.3L 8 Cylinder Engine Gasoline Fuel,6-Speed A/T,Blue,Gray,At least 1 accident or damage reported,Yes,27633,83858
4489,Mercedes-Benz,GLE 350 Base 4MATIC,2020,Gasoline,255.0HP 2.0L 4 Cylinder Engine Gasoline Fuel,9-Speed A/T,Black,Black,None reported,Yes,56000,24108
4490,Ford,Explorer XLT,2020,Gasoline,2.3L I4 16V GDI DOHC Turbo,10-Speed Automatic,Magnetic Metallic,Ebony,At least 1 accident or damage reported,Yes,32107,42609
4491,Subaru,Impreza 2.0i Premium,2017,Gasoline,152.0HP 2.0L 4 Cylinder Engine Gasoline Fuel,A/T,White,Beige,At least 1 accident or damage reported,Yes,7750,160000
4492,INFINITI,QX80 Base,2017,Gasoline,400.0HP 5.6L 8 Cylinder Engine Gasoline Fuel,A/T,Black,Black,At least 1 accident or damage reported,Yes,28500,121525
4493,Kia,Telluride S,2023,Gasoline,291.0HP 3.8L V6 Cylinder Engine Gasoline Fuel,A/T,Gray,Black,None reported,Yes,42500,6423
4494,Pontiac,Solstice Base,2007,Gasoline,177.0HP 2.4L 4 Cylinder Engine Gasoline Fuel,5-Speed A/T,Gray,Black,None reported,Yes,12900,62310
4495,Mazda,Mazda6 Carbon Edition,2021,Gasoline,2.5L I4 16V,6-Speed Automatic,Polymetal Gray Metallic,Red,None reported,Yes,29995,21444
4496,Ford,Transit-350 Base,2015,Gasoline,310.0HP 3.5L V6 Cylinder Engine Gasoline Fuel,A/T,White,Gray,At least 1 accident or damage reported,Yes,29500,112000
4497,Hyundai,Genesis Coupe 3.8 Grand Touring,2013,Gasoline,344.0HP 3.8L V6 Cylinder Engine Gasoline Fuel,A/T,White,–,None reported,Yes,16500,60000
4498,Dodge,Dart SE,2013,Gasoline,160.0HP 1.4L 4 Cylinder Engine Gasoline Fuel,6-Speed A/T,Silver,Black,None reported,Yes,4399,153250
4499,Jeep,Wrangler Unlimited Sahara,2019,Gasoline,285.0HP 3.6L V6 Cylinder Engine Gasoline Fuel,8-Speed A/T,Gray,Black,None reported,Yes,39900,57000
4500,Chevrolet,Tahoe LTZ,2011,E85 Flex Fuel,320.0HP 5.3L 8 Cylinder Engine Flex Fuel Capability,6-Speed A/T,Red,Beige,At least 1 accident or damage reported,Yes,16000,140401
4501,Ford,F-150 Tremor,2023,Gasoline,400.0HP 3.5L V6 Cylinder Engine Gasoline Fuel,10-Speed A/T,Gray,Black,None reported,Yes,70000,5500
4502,Chevrolet,Corvette Stingray w/2LT,2022,Gasoline,490.0HP 6.2L 8 Cylinder Engine Gasoline Fuel,Transmission w/Dual Shift Mode,Gray,Brown,None reported,Yes,89000,2010
4503,Tesla,Model 3 Long Range,2018,,271.0HP Electric Motor Electric Fuel System,A/T,Black,White,None reported,Yes,31500,24360
4504,Audi,A4 2.0T Premium,2013,Gasoline,211.0HP 2.0L 4 Cylinder Engine Gasoline Fuel,A/T,Gray,Black,At least 1 accident or damage reported,Yes,11000,96800
4505,Cadillac,CTS Performance,2014,Gasoline,318.0HP 3.6L V6 Cylinder Engine Gasoline Fuel,6-Speed A/T,Red,Black,None reported,Yes,21500,34988
4506,Nissan,Frontier SV,2012,Gasoline,261.0HP 4.0L V6 Cylinder Engine Gasoline Fuel,A/T,Black,Gray,At least 1 accident or damage reported,Yes,15995,65750
4507,Chevrolet,Silverado 1500 LTZ,2019,Gasoline,6.2L V8 16V GDI OHV,Automatic,Cajun Red Tintcoat,Jet Black,None reported,Yes,43860,56654
4508,Lincoln,MKT Base,2016,Gasoline,303.0HP 3.7L V6 Cylinder Engine Gasoline Fuel,6-Speed A/T,Black,Black,None reported,Yes,10500,140200
4509,Chevrolet,Cruze LT Automatic,2016,Gasoline,1.4L I4 16V GDI DOHC Turbo,6-Speed Automatic,Kinetic Blue,Jet Black,At least 1 accident or damage reported,Yes,12999,122971
4510,Nissan,Xterra S,2008,Gasoline,261.0HP 4.0L V6 Cylinder Engine Gasoline Fuel,5-Speed A/T,Gray,Gray,None reported,Yes,3850,227010
4511,Ford,F-150 Lariat SuperCrew,2004,Gasoline,300.0HP 5.4L 8 Cylinder Engine Gasoline Fuel,A/T,Red,Beige,At least 1 accident or damage reported,Yes,9500,271000
4512,Porsche,911 Turbo,2022,Gasoline,572.0HP 3.8L Flat 6 Cylinder Engine Gasoline Fuel,8-Speed A/T,Gray,Red,None reported,Yes,234000,13800
4513,Dodge,Ram 2500 Quad Cab,2001,Diesel,245.0HP 5.9L Straight 6 Cylinder Engine Diesel Fuel,A/T,Silver,Gray,None reported,Yes,27500,171079
4514,Chevrolet,Colorado ZR2,2021,Gasoline,3.6L V6 24V GDI DOHC,Automatic,Satin Steel Metallic,Jet Black,None reported,,44791,24915
4515,Nissan,Kicks S,2022,Gasoline,1.6L I4 16V MPFI DOHC,Automatic CVT,Electric Blue Metallic,Charcoal,None reported,,19599,15577
4516,Audi,S4 3.0T Premium Plus,2014,Gasoline,333.0HP 3.0L V6 Cylinder Engine Gasoline Fuel,7-Speed A/T,Gray,Black,None reported,Yes,21373,102370
4517,Lamborghini,Gallardo LP570-4 Superleggera,2011,Gasoline,562.0HP 5.2L 10 Cylinder Engine Gasoline Fuel,Transmission w/Dual Shift Mode,Yellow,Black,None reported,Yes,229000,16000
4518,Mercedes-Benz,C-Class C 250 Luxury,2012,Gasoline,201.0HP 1.8L 4 Cylinder Engine Gasoline Fuel,7-Speed A/T,White,White,None reported,Yes,15000,122000
4519,FIAT,500X Trekking Plus,2016,Gasoline,180.0HP 2.4L 4 Cylinder Engine Gasoline Fuel,A/T,Yellow,Brown,None reported,Yes,15999,48500
4520,Ford,F-150 XLT,2018,Gasoline,325.0HP 2.7L V6 Cylinder Engine Gasoline Fuel,10-Speed A/T,Brown,Beige,At least 1 accident or damage reported,Yes,31500,53500
4521,Ford,F-250 XL Crew Cab Super Duty,2004,Diesel,325.0HP 6.0L 8 Cylinder Engine Diesel Fuel,A/T,White,Gray,None reported,Yes,9200,315000
4522,Ford,E350 Super Duty Base,2006,Gasoline,305.0HP 6.8L 10 Cylinder Engine Gasoline Fuel,A/T,White,Gray,At least 1 accident or damage reported,Yes,8500,158000
4523,Kia,Sorento SXL,2019,Gasoline,290.0HP 3.3L V6 Cylinder Engine Gasoline Fuel,8-Speed A/T,Black,Black,At least 1 accident or damage reported,Yes,30000,43850
4524,Mercedes-Benz,C-Class C 300 4MATIC Sport,2015,Gasoline,241.0HP 2.0L 4 Cylinder Engine Gasoline Fuel,7-Speed A/T,White,Black,None reported,Yes,19000,73500
4525,Nissan,Altima 2.5 SL,2014,Gasoline,182.0HP 2.5L 4 Cylinder Engine Gasoline Fuel,A/T,Black,Black,At least 1 accident or damage reported,Yes,9000,153350
4526,Volkswagen,Tiguan 2.0T SEL Premium R-Line,2019,Gasoline,184.0HP 2.0L 4 Cylinder Engine Gasoline Fuel,A/T,White,Silver,None reported,Yes,25500,74000
4527,BMW,328 i xDrive,2013,Gasoline,240.0HP 2.0L 4 Cylinder Engine Gasoline Fuel,Transmission w/Dual Shift Mode,White,Beige,None reported,Yes,17500,52000
4528,Audi,Q4 e-tron 50 Premium Plus,2022,,295.0HP Electric Motor Electric Fuel System,1-Speed A/T,Gray,Black,None reported,Yes,52000,250
4529,Nissan,Pathfinder S,2017,Gasoline,284.0HP 3.5L V6 Cylinder Engine Gasoline Fuel,A/T,Silver,Gray,At least 1 accident or damage reported,Yes,8500,145000
4530,Subaru,Ascent Touring 7-Passenger,2020,Gasoline,260.0HP 2.4L 4 Cylinder Engine Gasoline Fuel,Transmission w/Dual Shift Mode,Blue,Brown,None reported,Yes,32500,40971
4531,Ford,E350 Super Duty XLT,2010,E85 Flex Fuel,255.0HP 5.4L 8 Cylinder Engine Flex Fuel Capability,A/T,Silver,Beige,At least 1 accident or damage reported,Yes,14000,248000
4532,GMC,HUMMER EV Edition 1,2023,,Electric Motor Electric Fuel System,A/T,White,Black,,,146000,940
4533,BMW,M3 CS,2018,Gasoline,453.0HP 3.0L Straight 6 Cylinder Engine Gasoline Fuel,A/T,White,Black,None reported,Yes,60500,38000
4534,Acura,TLX V6 Advance,2016,Gasoline,290.0HP 3.5L V6 Cylinder Engine Gasoline Fuel,A/T,Gray,Black,None reported,Yes,19500,128000
4535,Chevrolet,Silverado 1500 ZR2,2022,Gasoline,6.2L V8 16V GDI OHV,Automatic,Glacier Blue Metallic,Jet Black,None reported,,68990,7455
4536,Jeep,Wrangler SE,1999,Gasoline,120.0HP 2.5L 4 Cylinder Engine Gasoline Fuel,5-Speed M/T,Red,–,None reported,Yes,12000,137790
4539,Nissan,Murano SL,2021,Gasoline,3.5L V6 24V MPFI DOHC,Automatic CVT,Magnetic Black,Graphite,At least 1 accident or damage reported,,29725,43875
4540,Pontiac,G8 GT,2009,Gasoline,355.0HP 6.0L 8 Cylinder Engine Gasoline Fuel,Transmission w/Dual Shift Mode,Black,Black,None reported,Yes,17500,81327
4541,Mercedes-Benz,E-Class E 350,2021,Gasoline,255.0HP 2.0L 4 Cylinder Engine Gasoline Fuel,9-Speed A/T,White,Beige,None reported,Yes,41000,72836
4542,McLaren,720S Performance,2020,Gasoline,4.0L V8 32V MPFI DOHC Twin Turbo,7-Speed Automatic with Auto-Shift,Black,Red,None reported,Yes,279950,5072
4543,Jeep,Commander Sport,2007,E85 Flex Fuel,235.0HP 4.7L 8 Cylinder Engine Flex Fuel Capability,A/T,Blue,Gray,At least 1 accident or damage reported,Yes,4800,161900
4544,Audi,A5 45 S line Premium Plus,2022,Hybrid,261.0HP 2.0L 4 Cylinder Engine Gasoline/Mild Electric Hybrid,Transmission w/Dual Shift Mode,White,Black,None reported,Yes,47000,24500
4545,BMW,M550 i xDrive,2018,Gasoline,456.0HP 4.4L 8 Cylinder Engine Gasoline Fuel,8-Speed A/T,Gray,Black,None reported,Yes,44900,14993
4546,Volkswagen,Jetta 1.4T R-Line,2019,Gasoline,147.0HP 1.4L 4 Cylinder Engine Gasoline Fuel,A/T,Orange,White,At least 1 accident or damage reported,Yes,14980,96000
4547,Porsche,Taycan 4S,2022,,482.0HP Electric Motor Electric Fuel System,2-Speed A/T,Red,–,None reported,Yes,108000,7900
4548,Cadillac,CTS 2.0L Turbo Luxury,2019,Gasoline,265.0HP 2.0L 4 Cylinder Engine Gasoline Fuel,8-Speed A/T,White,Beige,At least 1 accident or damage reported,Yes,26000,35566
4549,Lexus,IS-F Base,2008,Gasoline,416.0HP 5.0L 8 Cylinder Engine Gasoline Fuel,8-Speed A/T,Black,Black,At least 1 accident or damage reported,Yes,34000,113000
4550,Ford,Explorer XLT,2022,Gasoline,300.0HP 2.3L 4 Cylinder Engine Gasoline Fuel,A/T,Red,Black,None reported,Yes,46000,20678
4551,Porsche,911 Turbo Cabriolet,2008,Gasoline,480.0HP 3.6L Flat 6 Cylinder Engine Gasoline Fuel,6-Speed M/T,Black,Black,None reported,Yes,129000,10900
4552,Buick,LaCrosse Leather,2012,Hybrid,182.0HP 2.4L 4 Cylinder Engine Gasoline/Mild Electric Hybrid,6-Speed A/T,Gold,Beige,None reported,Yes,15995,19079
4553,Mazda,RX-8 Sport,2008,Gasoline,212.0HP 1.3L Rotary engine Gasoline Fuel,A/T,Blue,Black,At least 1 accident or damage reported,Yes,6800,155500
4554,Ford,Mustang GT Premium,2019,Gasoline,460.0HP 5.0L 8 Cylinder Engine Gasoline Fuel,10-Speed A/T,White,Black,None reported,Yes,32300,35500
4555,Mazda,Mazda6 Touring,2021,Gasoline,2.5L I4 16V GDI DOHC,6-Speed Automatic,Snowflake White Pearl,Black,At least 1 accident or damage reported,Yes,25215,52253
4556,Ford,Ranger Edge SuperCab,2004,Gasoline,148.0HP 3.0L V6 Cylinder Engine Gasoline Fuel,A/T,White,Gray,At least 1 accident or damage reported,Yes,8500,110000
4557,Volkswagen,Golf GTI 2.0T SE w/Performance Package 4-Door,2016,Gasoline,220.0HP 2.0L 4 Cylinder Engine Gasoline Fuel,Transmission w/Dual Shift Mode,Gray,Black,None reported,Yes,18999,59250
4558,Ford,Thunderbird Deluxe,2004,Gasoline,280.0HP 3.9L 8 Cylinder Engine Gasoline Fuel,A/T,Black,Beige,,,22000,39000
4559,Hummer,H2 Base,2008,Gasoline,393.0HP 6.2L 8 Cylinder Engine Gasoline Fuel,6-Speed A/T,Green,Black,At least 1 accident or damage reported,Yes,37000,155000
4560,BMW,X5 sDrive35i,2017,Gasoline,300.0HP 3.0L Straight 6 Cylinder Engine Gasoline Fuel,A/T,Black,Beige,None reported,Yes,28900,39250
4561,BMW,X3 xDrive30i,2020,Gasoline,2.0L I4 16V GDI DOHC Turbo,8-Speed Automatic,Black Sapphire Metallic,Canberra Beige,None reported,Yes,37998,23647
4562,Hyundai,Accent GLS,2014,Gasoline,138.0HP 1.6L 4 Cylinder Engine Gasoline Fuel,A/T,Silver,Gray,None reported,Yes,7500,127941
4563,RAM,1500 Big Horn,2014,Gasoline,395.0HP 5.7L 8 Cylinder Engine Gasoline Fuel,8-Speed A/T,Black,Black,None reported,Yes,24850,124000
4564,Ford,Bronco Heritage Edition Advanced,2023,Gasoline,275.0HP 2.3L 4 Cylinder Engine Gasoline Fuel,7-Speed M/T,Red,–,None reported,Yes,60000,1500
4565,MINI,Countryman Cooper S ALL4,2014,Gasoline,181.0HP 1.6L 4 Cylinder Engine Gasoline Fuel,6-Speed A/T,White,Black,None reported,Yes,15750,70700
4566,Cadillac,Escalade Premium,2013,E85 Flex Fuel,403.0HP 6.2L 8 Cylinder Engine Flex Fuel Capability,6-Speed A/T,Beige,Beige,At least 1 accident or damage reported,Yes,18800,113395
4567,Mercedes-Benz,GLE 350 GLE 350,2022,Gasoline,2.0 Liter Turbo,Automatic,Black,Black,None reported,,61998,18815
4568,Toyota,4Runner Limited,2014,Gasoline,270.0HP 4.0L V6 Cylinder Engine Gasoline Fuel,A/T,Gray,Red,None reported,Yes,27999,65000
4569,Audi,A8 L 55,2019,Hybrid,335.0HP 3.0L V6 Cylinder Engine Gasoline/Mild Electric Hybrid,Transmission w/Dual Shift Mode,Black,Brown,None reported,Yes,48000,23350
4570,Lexus,ES 350 Base,2019,Gasoline,302.0HP 3.5L V6 Cylinder Engine Gasoline Fuel,Transmission w/Dual Shift Mode,Black,Red,At least 1 accident or damage reported,Yes,34000,39000
4571,Toyota,4Runner Limited Nightshade,2019,Gasoline,4.0L V6 24V MPFI DOHC,5-Speed Automatic,White,–,At least 1 accident or damage reported,Yes,39857,48842
4572,FIAT,500 Sport,2015,Gasoline,101.0HP 1.4L 4 Cylinder Engine Gasoline Fuel,A/T,Black,Black,At least 1 accident or damage reported,Yes,11500,47800
4573,Ford,Maverick XLT,2022,Hybrid,191.0HP 2.5L 4 Cylinder Engine Gas/Electric Hybrid,CVT Transmission,Blue,Gray,None reported,Yes,28000,52000
4574,Ford,Mustang GT,2006,Gasoline,300.0HP 4.6L 8 Cylinder Engine Gasoline Fuel,5-Speed A/T,Silver,Black,None reported,Yes,22000,16000
4575,Jeep,Wrangler Sport,2023,Gasoline,2.0L I4 16V GDI DOHC Turbo,8-Speed Automatic,Bright White Clearcoat,Black,None reported,Yes,40995,7102
4576,Jeep,Grand Cherokee Limited,2015,E85 Flex Fuel,290.0HP 3.6L V6 Cylinder Engine Flex Fuel Capability,A/T,White,Black,None reported,Yes,17000,157000
4577,Ford,Mustang Mach-E GT,2023,,480.0HP Electric Motor Electric Fuel System,A/T,Orange,Gray,None reported,Yes,59000,9095
4578,Jeep,Compass Sport,2010,Gasoline,172.0HP 2.4L 4 Cylinder Engine Gasoline Fuel,A/T,Black,Gray,At least 1 accident or damage reported,Yes,4500,179700
4579,Lexus,LS 430 Base,2006,Gasoline,278.0HP 4.3L 8 Cylinder Engine Gasoline Fuel,A/T,Silver,Gray,None reported,Yes,7500,170000
4580,Rolls-Royce,Cullinan,2022,Gasoline,6.7L V12 48V GDI DOHC Twin Turbo,8-Speed Automatic,Red,Black,None reported,Yes,399950,3420
4581,Ford,F-250 King Ranch,2021,Diesel,475.0HP 6.7L 8 Cylinder Engine Diesel Fuel,10-Speed A/T,Red,Brown,,,69995,93400
4582,BMW,X5 xDrive50i,2011,Gasoline,400.0HP 4.4L 8 Cylinder Engine Gasoline Fuel,Transmission w/Dual Shift Mode,White,Blue,At least 1 accident or damage reported,Yes,12000,110000
4583,Porsche,911 Carrera,2016,Gasoline,350.0HP 3.4L Flat 6 Cylinder Engine Gasoline Fuel,A/T,Gray,Beige,None reported,Yes,78000,22500
4584,Ford,Focus ST Base,2013,Gasoline,252.0HP 2.0L 4 Cylinder Engine Gasoline Fuel,6-Speed M/T,Yellow,Gray,None reported,Yes,19795,20800
4585,Lexus,ES 300h Base,2018,Hybrid,200.0HP 2.5L 4 Cylinder Engine Gas/Electric Hybrid,CVT Transmission,White,Beige,At least 1 accident or damage reported,Yes,23400,100868
4586,Volkswagen,CC Sport,2012,Gasoline,200.0HP 2.0L 4 Cylinder Engine Gasoline Fuel,M/T,White,Black,At least 1 accident or damage reported,Yes,9000,131986
4587,Volkswagen,Golf SportWagen TSI S 4-Door,2016,Gasoline,170.0HP 1.8L 4 Cylinder Engine Gasoline Fuel,5-Speed M/T,White,Beige,None reported,Yes,13800,127770
4588,Porsche,911 Carrera S,2013,Gasoline,400.0HP 3.8L Flat 6 Cylinder Engine Gasoline Fuel,7-Speed A/T,Blue,Gray,None reported,Yes,65900,56985
4589,Toyota,Prius Plug-in Base,2014,Plug-In Hybrid,134.0HP 1.8L 4 Cylinder Engine Plug-In Electric/Gas,A/T,Green,Beige,At least 1 accident or damage reported,Yes,11800,106000
4590,Ford,F-250 XLT,2019,Diesel,450.0HP 6.7L 8 Cylinder Engine Diesel Fuel,A/T,Black,Black,At least 1 accident or damage reported,Yes,50000,92671
4591,Mercedes-Benz,S-Class S 560 4MATIC,2019,Gasoline,463.0HP 4.0L 8 Cylinder Engine Gasoline Fuel,A/T,Black,Beige,None reported,Yes,55900,49500
4592,Porsche,911 Carrera,2020,Gasoline,379.0HP 3.0L Flat 6 Cylinder Engine Gasoline Fuel,A/T,Green,Black,None reported,Yes,112500,16741
4593,Ford,Mustang GT,2011,Gasoline,412.0HP 5.0L 8 Cylinder Engine Gasoline Fuel,6-Speed M/T,Black,Black,None reported,Yes,23500,133504
4594,Cadillac,CTS 2.0L Turbo Luxury,2019,Gasoline,2.0L I4 16V GDI DOHC Turbo,8-Speed Automatic,Red Obsession,Very Light Cashmere,None reported,,30599,20296
4595,Volkswagen,Jetta 1.4T R-Line,2019,Gasoline,1.4L I4 16V GDI DOHC Turbo,8-Speed Automatic,Platinum Gray Metallic,Black / Gray,None reported,,19290,55234
4596,Jeep,Wrangler X,2005,Gasoline,190.0HP 4.0L Straight 6 Cylinder Engine Gasoline Fuel,6-Speed M/T,Orange,Gray,None reported,Yes,11000,162482
4597,Lincoln,LS V8,2002,Gasoline,252.0HP 3.9L 8 Cylinder Engine Gasoline Fuel,A/T,Silver,Black,At least 1 accident or damage reported,Yes,11000,42000
4598,Ford,F-150 Lightning LARIAT,2022,,563.0HP Electric Motor Electric Fuel System,1-Speed A/T,White,Gray,None reported,Yes,71900,470
4599,Mercedes-Benz,C-Class C55 AMG Sport,2006,Gasoline,362.0HP 5.4L 8 Cylinder Engine Gasoline Fuel,Transmission w/Dual Shift Mode,Black,Black,At least 1 accident or damage reported,Yes,15900,98300
4600,Audi,S6 4.0T Prestige,2013,Gasoline,420.0HP 4.0L 8 Cylinder Engine Gasoline Fuel,7-Speed A/T,Black,Black,,,27450,53900
4601,BMW,335 i xDrive,2013,Gasoline,300.0HP 3.0L Straight 6 Cylinder Engine Gasoline Fuel,8-Speed A/T,Red,Black,None reported,Yes,19999,82849
4602,Porsche,911 Carrera 4S Cabriolet,2009,Gasoline,385.0HP 3.8L Flat 6 Cylinder Engine Gasoline Fuel,6-Speed M/T,Black,Black,None reported,Yes,79995,25500
4603,Kia,Forte LXS,2020,Gasoline,147.0HP 2.0L 4 Cylinder Engine Gasoline Fuel,A/T,Silver,Black,At least 1 accident or damage reported,Yes,16995,53452
4604,Chevrolet,Corvette Base,2004,Gasoline,350.0HP 5.7L 8 Cylinder Engine Gasoline Fuel,4-Speed A/T,Red,Black,None reported,Yes,23500,40011
4605,Hyundai,Santa Fe Sport 2.0L Turbo,2018,Gasoline,240.0HP 2.0L 4 Cylinder Engine Gasoline Fuel,A/T,Silver,Black,At least 1 accident or damage reported,Yes,20900,45800
4606,RAM,1500 Laramie,2022,Gasoline,5.7L V8 16V MPFI OHV,8-Speed Automatic,Flame Red Clearcoat,Black,None reported,,45999,15741
4607,Kia,Sorento SX Prestige,2023,Gasoline,281.0HP 2.5L 4 Cylinder Engine Gasoline Fuel,Transmission w/Dual Shift Mode,White,Black,None reported,Yes,40200,11100
4608,Ford,F-250 XL,2020,E85 Flex Fuel,385.0HP 6.2L 8 Cylinder Engine Flex Fuel Capability,A/T,White,Gray,None reported,Yes,44000,36000
4609,BMW,X5 xDrive35i,2013,Gasoline,300.0HP 3.0L Straight 6 Cylinder Engine Gasoline Fuel,8-Speed A/T,White,Brown,At least 1 accident or damage reported,Yes,15999,69750
4610,Mercedes-Benz,C-Class C 300 4MATIC,2021,Gasoline,255.0HP 2.0L 4 Cylinder Engine Gasoline Fuel,Transmission w/Dual Shift Mode,Black,Black,None reported,Yes,38500,19162
4611,Audi,Q5 S line Premium Plus,2023,Hybrid,2.0 Liter TFSI,Automatic,Daytona Gray,Black,None reported,,51598,6046
4612,Ford,Explorer XLT,2020,Gasoline,300.0HP 2.3L 4 Cylinder Engine Gasoline Fuel,10-Speed A/T,Blue,Black,At least 1 accident or damage reported,Yes,21000,17000
4613,Audi,A6 55 Premium,2019,Hybrid,335.0HP 3.0L V6 Cylinder Engine Gasoline/Mild Electric Hybrid,7-Speed A/T,Black,Black,None reported,Yes,42500,10832
4614,Toyota,Matrix XR,2004,Gasoline,130.0HP 1.8L 4 Cylinder Engine Gasoline Fuel,4-Speed A/T,Silver,Black,At least 1 accident or damage reported,Yes,4000,173452
4615,Kia,Optima SX Turbo,2017,Gasoline,2.0L I4 16V GDI DOHC Turbo,6-Speed Automatic,Remington Red Metallic,Black,At least 1 accident or damage reported,,17238,103338
4616,Ford,F-150 Lariat,2022,Gasoline,400.0HP 3.5L V6 Cylinder Engine Gasoline Fuel,A/T,Black,Black,None reported,Yes,53500,28000
4617,Audi,Q8 3.0T Premium,2019,Hybrid,335.0HP 3.0L V6 Cylinder Engine Gasoline/Mild Electric Hybrid,8-Speed A/T,White,–,None reported,Yes,44870,51984
4618,Chevrolet,Corvette Stingray w/2LT,2020,Gasoline,490.0HP 6.2L 8 Cylinder Engine Gasoline Fuel,A/T,Orange,Black,At least 1 accident or damage reported,Yes,79900,8974
4619,Scion,tC Anniversary Edition,2014,Gasoline,179.0HP 2.5L 4 Cylinder Engine Gasoline Fuel,6-Speed M/T,White,Black,None reported,Yes,10998,99999
4620,Mercedes-Benz,C-Class C 300,2017,Gasoline,241.0HP 2.0L 4 Cylinder Engine Gasoline Fuel,7-Speed A/T,Black,Black,At least 1 accident or damage reported,Yes,21000,59400
4621,Nissan,Murano SV,2020,Gasoline,3.5L V6 24V MPFI DOHC,Automatic CVT,Brilliant Silver Metallic,Graphite,None reported,Yes,23625,47147
4622,Ford,Mustang GT,2018,Gasoline,460.0HP 5.0L 8 Cylinder Engine Gasoline Fuel,6-Speed M/T,Black,Black,At least 1 accident or damage reported,Yes,29950,53782
4623,Ford,Taurus SHO,2011,Gasoline,365.0HP 3.5L V6 Cylinder Engine Gasoline Fuel,A/T,Black,Black,None reported,Yes,4700,160000
4624,Chevrolet,Tahoe LTZ,2015,Gasoline,355.0HP 5.3L 8 Cylinder Engine Gasoline Fuel,6-Speed A/T,White,Black,At least 1 accident or damage reported,Yes,37000,500
4625,Ford,Escape SEL,2020,Gasoline,181.0HP 1.5L 3 Cylinder Engine Gasoline Fuel,A/T,White,Beige,,,19000,42000
4626,Dodge,Grand Caravan SE,2018,E85 Flex Fuel,283.0HP 3.6L V6 Cylinder Engine Flex Fuel Capability,A/T,White,Gray,None reported,Yes,35000,64000
4627,Hyundai,Elantra HEV Limited,2021,Hybrid,139.0HP 1.6L 4 Cylinder Engine Gas/Electric Hybrid,A/T,Gray,Black,None reported,Yes,23999,28600
4628,GMC,Canyon Denali,2019,Gasoline,308.0HP 3.6L V6 Cylinder Engine Gasoline Fuel,8-Speed A/T,Red,Black,At least 1 accident or damage reported,Yes,36750,26339
4629,Alfa,Romeo Giulia Quadrifoglio,2018,Gasoline,505.0HP 2.9L V6 Cylinder Engine Gasoline Fuel,8-Speed A/T,Black,Black,,,41500,28644
4630,Subaru,Impreza WRX,2008,Gasoline,224.0HP 2.5L 4 Cylinder Engine Gasoline Fuel,5-Speed M/T,Black,Black,At least 1 accident or damage reported,Yes,14500,148740
4631,GMC,Sierra 2500 Denali,2021,Diesel,445.0HP 6.6L 8 Cylinder Engine Diesel Fuel,10-Speed A/T,Black,Black,At least 1 accident or damage reported,Yes,73000,16919
4632,Chevrolet,Tahoe LS,2005,Gasoline,285.0HP 4.8L 8 Cylinder Engine Gasoline Fuel,4-Speed A/T,Silver,Gray,At least 1 accident or damage reported,Yes,9000,170000
4633,Mercedes-Benz,SL-Class SL 550,2013,Gasoline,429.0HP 4.6L 8 Cylinder Engine Gasoline Fuel,A/T,Gray,Beige,At least 1 accident or damage reported,Yes,26900,130000
4634,Ford,Escape PHEV SE,2022,Plug-In Hybrid,221.0HP 2.5L 4 Cylinder Engine Plug-In Electric/Gas,CVT Transmission,White,Gray,None reported,Yes,32850,1889
4635,Dodge,Charger GT,2018,Gasoline,3.6L V6 24V MPFI DOHC,8-Speed Automatic,White Knuckle Clearcoat,Black,None reported,Yes,26691,62197
764,Ford,Utility Police Interceptor Base,2013,E85 Flex Fuel,300.0HP 3.7L V6 Cylinder Engine Flex Fuel Capability,6-Speed A/T,Black,Black,At least 1 accident or damage reported,Yes,10300,51000
765,Hyundai,Palisade SEL,2021,Gasoline,3.8L V6 24V GDI DOHC,8-Speed Automatic,Moonlight Cloud,Gray,At least 1 accident or damage reported,Yes,38005,34742
766,Lexus,RX 350 RX 350,2022,Gasoline,3.5 Liter DOHC,Automatic,Blue,Black,None reported,,54598,22372
767,INFINITI,Q50 Hybrid Sport,2015,Hybrid,354.0HP 3.5L V6 Cylinder Engine Gas/Electric Hybrid,7-Speed A/T,Black,Black,None reported,Yes,15500,88900
768,Audi,Q3 45 S line Premium Plus,2021,Gasoline,2.0L I4 16V GDI DOHC Turbo,8-Speed Automatic,Glacier White Metallic,Black,None reported,,34999,9835
769,Acura,ILX 2.4L,2016,Gasoline,2.4 Liter,F,Silver,Ebony.,None reported,,14798,136397
770,Audi,S3 2.0T Premium Plus,2017,Gasoline,292.0HP 2.0L 4 Cylinder Engine Gasoline Fuel,6-Speed A/T,Blue,Black,None reported,Yes,31000,84000
771,BMW,740 iL,2001,Gasoline,282.0HP 4.4L 8 Cylinder Engine Gasoline Fuel,A/T,Green,Green,None reported,Yes,7300,242000
772,Lexus,RC 350 F Sport,2021,Gasoline,311.0HP 3.5L V6 Cylinder Engine Gasoline Fuel,6-Speed A/T,Black,Black,None reported,Yes,41927,23436
773,Tesla,Model X Long Range Plus,2020,,534.0HP Electric Motor Electric Fuel System,A/T,Black,Black,None reported,Yes,69950,34000
774,Land,Rover Range Rover Sport 3.0 Supercharged HST,2021,Gasoline,V6,Automatic,Fuji White,Pimento / Ebony,None reported,,73897,27608
775,Aston,Martin DBS Superleggera,2019,Gasoline,715.0HP 5.2L 12 Cylinder Engine Gasoline Fuel,8-Speed A/T,Silver,Black,None reported,Yes,184606,22770
776,Toyota,Supra 3.0 Premium,2021,Gasoline,382.0HP 3.0L Straight 6 Cylinder Engine Gasoline Fuel,A/T,Yellow,Black,None reported,Yes,53500,12500
777,Lincoln,Aviator Reserve AWD,2022,Gasoline,400.0HP 3.0L V6 Cylinder Engine Gasoline Fuel,Transmission w/Dual Shift Mode,Black,Brown,None reported,Yes,62000,18196
778,Jaguar,F-TYPE,2020,Gasoline,2.0 Liter Supercharged,Automatic,Silver,Black,None reported,,47998,15903
779,Land,Rover LR4 HSE,2013,Gasoline,375.0HP 5.0L 8 Cylinder Engine Gasoline Fuel,A/T,White,Black,None reported,Yes,29990,79800
780,Mercedes-Benz,Metris Base,2021,Gasoline,2.0L I4 16V GDI DOHC Turbo,9-Speed Automatic,Gray,White,None reported,Yes,250000,1685
781,Dodge,Challenger SXT,2013,Gasoline,305.0HP 3.6L V6 Cylinder Engine Gasoline Fuel,A/T,Black,Gray,None reported,Yes,16800,61074
782,Nissan,350Z Enthusiast,2003,Gasoline,287.0HP 3.5L V6 Cylinder Engine Gasoline Fuel,6-Speed M/T,Purple,–,None reported,Yes,11000,74000
783,Jaguar,F-TYPE R,2018,Gasoline,550.0HP 5.0L 8 Cylinder Engine Gasoline Fuel,8-Speed A/T,Green,Black,None reported,Yes,68750,35250
967,Ford,GT,2005,Gasoline,5.4 Liter SC DOHC,Manual,White,–,None reported,,429998,1897
1093,Mercedes-Benz,AMG G 63 Base,2019,Gasoline,4.0 Liter Twin Turbo,Automatic,Black,Black,None reported,,159998,19593
1544,BMW,M440 i,2021,Hybrid,382.0HP 3.0L Straight 6 Cylinder Engine Gasoline/Mild Electric Hybrid,8-Speed A/T,Black,Beige,,,60000,13700
1848,Chevrolet,Sonic LT,2013,–,–,A/T,Gray,Black,None reported,Yes,7500,110000
1897,Porsche,911 Carrera,2020,Gasoline,3.0 Liter,Automatic,Blue,–,None reported,,114998,23278
2319,Lexus,GX 460 Base,2021,Gasoline,4.6 Liter,Automatic,Silver,Rioja Red,None reported,,51798,39102
2399,Chevrolet,Silverado 3500 LTZ,2018,Diesel,6.6L V8 32V DDI OHV Turbo Diesel,6-Speed Automatic,Black,Jet Black,,,52889,92149
2516,MINI,Convertible Cooper,2022,Gasoline,134.0HP 1.5L 3 Cylinder Engine Gasoline Fuel,A/T,Blue,Brown,,,28000,15544
2773,RAM,1500 Laramie,2022,Gasoline,5.7L V8 16V MPFI OHV,Automatic,Diamond Black,Black,None reported,Yes,49700,18645
2867,Volvo,850 Turbo,1995,–,–,A/T,White,Black,None reported,Yes,4500,94000
2977,Bentley,Continental GT GT Speed,2022,Gasoline,12 Cylinder Engine,8-SPEED A/T,Granite,Porpoise,None reported,,289991,1919
3188,BMW,335 i,2009,Gasoline,300.0HP 3.0L Straight 6 Cylinder Engine Gasoline Fuel,6-Speed M/T,Gray,White,None reported,Yes,19999,51983
3555,Lexus,RX 350 F SPORT Appearance,2021,Gasoline,3.5 Liter,Automatic,Obsidian,–,None reported,,49998,28262
3615,Acura,RDX,2016,Gasoline,3.5 Liter,Automatic,Crystal Black,Black,None reported,,18998,132252
3832,Cadillac,DeVille Base,1994,–,–,A/T,White,Blue,None reported,Yes,5990,47000
4211,BMW,X1 xDrive28i,2020,Gasoline,228.0HP 2.0L 4 Cylinder Engine Gasoline Fuel,A/T,Gray,Black,None reported,Yes,29000,27989
4716,Dodge,Ram 3500 Quad Cab DRW,2000,–,–,A/T,Silver,Gray,At least 1 accident or damage reported,Yes,10000,188000
4636,Ford,F-150 XLT,2016,E85 Flex Fuel,385.0HP 5.0L 8 Cylinder Engine Flex Fuel Capability,A/T,Black,–,At least 1 accident or damage reported,Yes,24350,71000
4637,Lexus,NX 200t Base,2016,Gasoline,235.0HP 2.0L 4 Cylinder Engine Gasoline Fuel,A/T,Blue,Brown,At least 1 accident or damage reported,Yes,22495,83400
4638,Cadillac,XT5 Base,2019,Gasoline,310.0HP 3.6L V6 Cylinder Engine Gasoline Fuel,8-Speed A/T,Black,Beige,None reported,Yes,26000,74414
4639,Ford,Mustang Shelby GT500,2010,Gasoline,540.0HP 5.4L 8 Cylinder Engine Gasoline Fuel,6-Speed M/T,Black,Black,None reported,Yes,38000,29816
4640,Ford,F-250 Lariat,2015,Diesel,440.0HP 6.7L 8 Cylinder Engine Diesel Fuel,Transmission w/Dual Shift Mode,Gray,Black,None reported,Yes,45000,68749
4641,BMW,325 i,2005,Gasoline,184.0HP 2.5L Straight 6 Cylinder Engine Gasoline Fuel,A/T,Black,Brown,None reported,Yes,5000,190395
4642,Lamborghini,Huracan LP610-4,2015,Gasoline,602.0HP 5.2L 10 Cylinder Engine Gasoline Fuel,7-Speed A/T,Blue,Red,None reported,Yes,185500,34152
4643,Toyota,Camry XLE,2007,Gasoline,158.0HP 2.4L 4 Cylinder Engine Gasoline Fuel,5-Speed A/T,White,Gray,At least 1 accident or damage reported,Yes,7450,98528
4644,BMW,335 i,2011,Gasoline,300.0HP 3.0L Straight 6 Cylinder Engine Gasoline Fuel,6-Speed A/T,Blue,Beige,At least 1 accident or damage reported,Yes,13599,91500
4645,Chevrolet,Camaro 1SS,2017,Gasoline,455.0HP 6.2L 8 Cylinder Engine Gasoline Fuel,6-Speed M/T,Blue,Black,None reported,Yes,37000,50850
4646,Mazda,MX-5 Miata Base,1999,Gasoline,140.0HP 1.8L 4 Cylinder Engine Gasoline Fuel,A/T,Green,Beige,At least 1 accident or damage reported,Yes,9000,130000
4647,Toyota,Tundra SR5 Double Cab,2005,Gasoline,282.0HP 4.7L 8 Cylinder Engine Gasoline Fuel,A/T,Gray,Gray,At least 1 accident or damage reported,Yes,8500,199400
4648,RAM,2500 Powerwagon,2013,Gasoline,383.0HP 5.7L 8 Cylinder Engine Gasoline Fuel,6-Speed A/T,White,Gray,At least 1 accident or damage reported,Yes,26500,84220
4649,Mercedes-Benz,S-Class S 550 4MATIC,2016,Gasoline,449.0HP 4.7L 8 Cylinder Engine Gasoline Fuel,7-Speed A/T,White,Black,None reported,Yes,41999,67280
4650,Volkswagen,Passat 2.0T R-Line,2021,Gasoline,2.0 Liter TSI,Automatic,Reflex Silver,Titan Black,None reported,,25998,16538
4748,Toyota,Land Cruiser Base,1994,–,–,A/T,Green,Beige,None reported,Yes,9000,178416
4652,Cadillac,Escalade Luxury,2018,Gasoline,420.0HP 6.2L 8 Cylinder Engine Gasoline Fuel,10-Speed A/T,White,Beige,None reported,Yes,49999,53450
4653,Volkswagen,Golf Alltrack TSI SE,2018,Gasoline,170.0HP 1.8L 4 Cylinder Engine Gasoline Fuel,6-Speed A/T,White,Black,None reported,Yes,20900,63277
4654,Nissan,Altima 2.5 S,2020,Gasoline,182.0HP 2.5L 4 Cylinder Engine Gasoline Fuel,A/T,Silver,Gray,None reported,Yes,21000,30900
4655,Mercedes-Benz,GLA 250 Base 4MATIC,2019,Gasoline,2.0 Liter Turbo,Automatic,White,Black,None reported,,25498,60854
4656,Ford,F-150 Platinum,2015,Gasoline,365.0HP 3.5L V6 Cylinder Engine Gasoline Fuel,6-Speed A/T,White,Black,None reported,Yes,31000,85000
4657,Toyota,RAV4 SE,2016,Gasoline,176.0HP 2.5L 4 Cylinder Engine Gasoline Fuel,Transmission w/Dual Shift Mode,Gray,Orange,None reported,Yes,18500,108130
4658,Toyota,4Runner TRD Sport,2023,Gasoline,270.0HP 4.0L V6 Cylinder Engine Gasoline Fuel,A/T,Green,Black,None reported,Yes,46000,11400
4659,Mercedes-Benz,GL-Class GL 450 4MATIC,2013,Gasoline,362.0HP 4.6L 8 Cylinder Engine Gasoline Fuel,7-Speed A/T,Black,Black,None reported,Yes,22800,63300
4660,Tesla,Model Y Performance,2020,,455.0HP Electric Motor Electric Fuel System,A/T,Gray,White,None reported,Yes,44000,27500
4661,BMW,X5 xDrive 35i Sport Activity,2012,Gasoline,300.0HP 3.0L Straight 6 Cylinder Engine Gasoline Fuel,8-Speed A/T,Black,Black,At least 1 accident or damage reported,Yes,12900,122600
4662,Dodge,Charger Base,2006,Gasoline,250.0HP 3.5L V6 Cylinder Engine Gasoline Fuel,A/T,Blue,Gray,At least 1 accident or damage reported,Yes,4500,145565
4663,Ford,Transit-250 Base,2016,Gasoline,310.0HP 3.5L V6 Cylinder Engine Gasoline Fuel,6-Speed A/T,White,Gray,None reported,Yes,27000,66500
4664,BMW,330 i xDrive,2017,Gasoline,248.0HP 2.0L 4 Cylinder Engine Gasoline Fuel,A/T,Blue,Black,None reported,Yes,20000,75000
4665,Mazda,CX-5 Grand Touring,2021,Gasoline,2.5L I4 16V GDI DOHC,6-Speed Automatic,Machine Gray Metallic,Black,,,28991,24781
4666,BMW,X5 M Base,2013,Gasoline,555.0HP 4.4L 8 Cylinder Engine Gasoline Fuel,A/T,Silver,Black,At least 1 accident or damage reported,Yes,24500,67000
4667,Audi,Q5 2.0T Premium Plus,2019,Gasoline,248.0HP 2.0L 4 Cylinder Engine Gasoline Fuel,A/T,Black,–,None reported,Yes,31000,24500
4668,Audi,S5 3.0T Prestige,2013,Gasoline,333.0HP 3.0L V6 Cylinder Engine Gasoline Fuel,7-Speed A/T,Black,Black,None reported,Yes,26000,37500
4669,Nissan,GT-R Premium,2013,Gasoline,545.0HP 3.8L V6 Cylinder Engine Gasoline Fuel,Transmission w/Dual Shift Mode,White,Black,None reported,Yes,59000,101000
4670,Tesla,Model 3 Long Range,2020,,425.0HP Electric Motor Electric Fuel System,1-Speed A/T,Blue,Black,None reported,Yes,49995,25000
4671,Toyota,Camry Solara SLE V6,2000,Gasoline,200.0HP 3.0L V6 Cylinder Engine Gasoline Fuel,A/T,Black,Beige,At least 1 accident or damage reported,Yes,2500,245000
4672,Tesla,Model Y Long Range,2021,,Electric,1-Speed Automatic,Deep Blue Metallic,Black,None reported,,37999,49252
4673,Buick,Cascada Base,2016,Gasoline,200.0HP 1.6L 4 Cylinder Engine Gasoline Fuel,6-Speed A/T,White,Black,At least 1 accident or damage reported,Yes,14995,103814
4674,Toyota,4Runner Venture,2021,Gasoline,270.0HP 4.0L V6 Cylinder Engine Gasoline Fuel,A/T,White,Black,None reported,Yes,48500,27000
4675,BMW,530 i xDrive,2021,Gasoline,2.0L I4 16V GDI DOHC Turbo,8-Speed Automatic,Glacier Silver Metallic,Black,None reported,Yes,32085,60942
4676,BMW,535 i xDrive,2011,Gasoline,300.0HP 3.0L Straight 6 Cylinder Engine Gasoline Fuel,8-Speed A/T,Gray,Black,At least 1 accident or damage reported,Yes,12000,100780
4677,Tesla,Model S 100D,2018,,518.0HP Electric Motor Electric Fuel System,A/T,Blue,Black,None reported,Yes,41000,65000
4678,Lexus,GX 460 Base,2012,Gasoline,301.0HP 4.6L 8 Cylinder Engine Gasoline Fuel,A/T,Black,Beige,At least 1 accident or damage reported,Yes,19470,167000
4679,Chevrolet,Trailblazer SS,2008,Gasoline,390.0HP 6.0L 8 Cylinder Engine Gasoline Fuel,4-Speed A/T,Red,Black,At least 1 accident or damage reported,Yes,17000,161000
4680,Subaru,Impreza WRX,2005,Gasoline,227.0HP 2.0L 4 Cylinder Engine Gasoline Fuel,5-Speed M/T,Blue,Black,None reported,Yes,12499,90200
4681,Volkswagen,Passat 2.5 SE,2012,Gasoline,170.0HP 2.5L 5 Cylinder Engine Gasoline Fuel,A/T,White,Beige,At least 1 accident or damage reported,Yes,9750,159870
4682,Porsche,911 Carrera Cabriolet,1996,–,–,Transmission w/Dual Shift Mode,Blue,Gray,,,75000,38000
4683,Audi,Q5 40 Premium,2022,Hybrid,201.0HP 2.0L 4 Cylinder Engine Gasoline/Mild Electric Hybrid,7-Speed A/T,Silver,Brown,None reported,Yes,41500,14550
4684,INFINITI,Q60 3.0t Red Sport 400,2018,Gasoline,400.0HP 3.0L V6 Cylinder Engine Gasoline Fuel,A/T,Red,White,None reported,Yes,32000,38000
4685,Chevrolet,Camaro Z28,2002,Gasoline,310.0HP 5.7L 8 Cylinder Engine Gasoline Fuel,M/T,Silver,Black,At least 1 accident or damage reported,Yes,21000,35515
4686,Mazda,Protege DX,1993,–,–,A/T,Gray,–,At least 1 accident or damage reported,Yes,2500,94200
4687,Mercedes-Benz,SL-Class SL550 Roadster,2008,Gasoline,382.0HP 5.5L 8 Cylinder Engine Gasoline Fuel,7-Speed A/T,White,Beige,None reported,Yes,34500,33300
4688,Mercedes-Benz,C-Class C 300 4MATIC,2016,Gasoline,241.0HP 2.0L 4 Cylinder Engine Gasoline Fuel,A/T,White,–,At least 1 accident or damage reported,Yes,17995,90189
4689,Land,Rover Range Rover Autobiography,2023,Gasoline,4.4L V8 32V GDI DOHC Twin Turbo,Automatic,Carpathian Grey,Ebony,None reported,,193063,1148
4690,Mercedes-Benz,SLK-Class SLK320,2001,Gasoline,215.0HP 3.2L V6 Cylinder Engine Gasoline Fuel,6-Speed M/T,Blue,Beige,None reported,Yes,6500,59500
4691,Ford,Transit-350 XL,2017,Gasoline,310.0HP 3.5L V6 Cylinder Engine Gasoline Fuel,A/T,Silver,Gray,None reported,Yes,26500,134000
4692,Buick,Enclave Premium,2014,Gasoline,288.0HP 3.6L V6 Cylinder Engine Gasoline Fuel,6-Speed A/T,Black,Black,None reported,Yes,18900,86281
4693,Porsche,Cayenne AWD,2020,Gasoline,335.0HP 3.0L V6 Cylinder Engine Gasoline Fuel,A/T,Black,Red,None reported,Yes,56000,34580
4694,Hyundai,Santa Fe SE,2007,Gasoline,242.0HP 3.3L V6 Cylinder Engine Gasoline Fuel,A/T,Blue,Gray,At least 1 accident or damage reported,Yes,4200,145000
4695,Mazda,Mazda6 Signature,2021,Gasoline,2.5L I4 16V GDI DOHC Turbo,6-Speed Automatic,Soul Red Crystal Metallic,Deep Chestnut,None reported,Yes,33687,11737
4696,Tesla,Model X Performance,2020,,778.0HP Electric Motor Electric Fuel System,A/T,White,Beige,None reported,Yes,68969,25535
4697,Jeep,Wrangler Unlimited Sport,2016,Gasoline,285.0HP 3.6L V6 Cylinder Engine Gasoline Fuel,6-Speed M/T,Beige,Black,None reported,Yes,27500,67499
4698,Toyota,4Runner Sport,2004,Gasoline,245.0HP 4.0L V6 Cylinder Engine Gasoline Fuel,A/T,Gray,Gray,None reported,Yes,8550,220450
4699,Chevrolet,Silverado 1500 2LT,2018,Gasoline,355.0HP 5.3L 8 Cylinder Engine Gasoline Fuel,6-Speed A/T,Silver,Gray,At least 1 accident or damage reported,Yes,42950,20200
4700,Jaguar,XK8 Base,2000,Gasoline,290.0HP 4.0L 8 Cylinder Engine Gasoline Fuel,5-Speed A/T,Blue,Beige,None reported,Yes,15400,40000
4701,Mercedes-Benz,GLA-Class GLA 45 AMG,2015,Gasoline,355.0HP 2.0L 4 Cylinder Engine Gasoline Fuel,7-Speed A/T,Black,Black,At least 1 accident or damage reported,Yes,22000,80300
4702,BMW,330 i xDrive,2017,Gasoline,248.0HP 2.0L 4 Cylinder Engine Gasoline Fuel,A/T,White,Beige,None reported,Yes,21500,63150
4703,Volkswagen,Atlas 3.6L SE w/Technology,2018,Gasoline,276.0HP 3.6L V6 Cylinder Engine Gasoline Fuel,Transmission w/Dual Shift Mode,Silver,Black,None reported,Yes,24999,48210
4704,Nissan,Juke SL,2012,Gasoline,188.0HP 1.6L 4 Cylinder Engine Gasoline Fuel,A/T,Black,Black,None reported,Yes,9950,115359
4705,Subaru,Impreza 2.0i Premium,2018,Gasoline,152.0HP 2.0L 4 Cylinder Engine Gasoline Fuel,CVT Transmission,White,Beige,None reported,Yes,26000,90601
4706,BMW,M5 Base,2000,Gasoline,400.0HP 5.0L 8 Cylinder Engine Gasoline Fuel,6-Speed M/T,Blue,Black,None reported,Yes,26900,132200
4707,Mercedes-Benz,Sprinter 2500 Standard Roof,2023,Diesel,211.0HP 2.0L 4 Cylinder Engine Diesel Fuel,9-Speed A/T,White,Black,None reported,Yes,65000,4000
4708,Volkswagen,Beetle 2.0T Final Edition SE,2019,Gasoline,174.0HP 2.0L 4 Cylinder Engine Gasoline Fuel,Transmission w/Dual Shift Mode,Gray,Black,None reported,Yes,32750,32000
4709,MINI,Countryman Cooper S ALL4,2016,Gasoline,181.0HP 1.6L 4 Cylinder Engine Gasoline Fuel,6-Speed A/T,Blue,Black,None reported,Yes,12750,95070
4710,Nissan,Rogue SL,2017,Gasoline,170.0HP 2.5L 4 Cylinder Engine Gasoline Fuel,A/T,White,–,None reported,Yes,13000,148000
4711,Lexus,CT 200h Premium,2014,Hybrid,134.0HP 1.8L 4 Cylinder Engine Gas/Electric Hybrid,CVT Transmission,Black,Black,At least 1 accident or damage reported,Yes,16000,125519
4712,INFINITI,G37 x,2013,Gasoline,328.0HP 3.7L V6 Cylinder Engine Gasoline Fuel,Transmission w/Dual Shift Mode,Silver,Black,None reported,Yes,14500,90000
4713,Audi,A6 2.0T Sport,2018,Gasoline,252.0HP 2.0L 4 Cylinder Engine Gasoline Fuel,A/T,Black,Black,At least 1 accident or damage reported,Yes,23750,49650
4714,Nissan,Altima 2.5 S,2015,Gasoline,182.0HP 2.5L 4 Cylinder Engine Gasoline Fuel,A/T,Black,Black,At least 1 accident or damage reported,Yes,11600,149800
4715,Chevrolet,Blazer 1LT,2019,Gasoline,2.5L I4 16V GDI DOHC,9-Speed Automatic,Nightfall Gray Metallic,Jet Black,None reported,Yes,26990,37161
4717,Ford,Transit Connect XLT,2016,E85 Flex Fuel,169.0HP 2.5L 4 Cylinder Engine Flex Fuel Capability,A/T,White,Beige,None reported,Yes,15500,111700
4718,Mercedes-Benz,S-Class S 550 4MATIC,2016,Gasoline,449.0HP 4.7L 8 Cylinder Engine Gasoline Fuel,7-Speed A/T,Blue,White,None reported,Yes,34900,72784
4719,Cadillac,Escalade Base,2007,Gasoline,403.0HP 6.2L 8 Cylinder Engine Gasoline Fuel,A/T,White,Beige,None reported,Yes,9999,150000
4720,Ford,Transit Connect XLT,2012,Gasoline,136.0HP 2.0L 4 Cylinder Engine Gasoline Fuel,4-Speed A/T,Red,Gray,At least 1 accident or damage reported,Yes,8500,140450
4721,Lexus,IS 250 Base,2010,Gasoline,204.0HP 2.5L V6 Cylinder Engine Gasoline Fuel,A/T,Black,Black,At least 1 accident or damage reported,Yes,10700,132700
4722,Dodge,Durango GT,2020,Gasoline,295.0HP 3.6L V6 Cylinder Engine Gasoline Fuel,A/T,White,Black,None reported,Yes,40000,49000
4723,Chevrolet,Corvette Stingray w/2LT,2023,Gasoline,490.0HP 6.2L 8 Cylinder Engine Gasoline Fuel,A/T,Gray,Black,None reported,Yes,101999,2058
4724,Jeep,Wrangler Unlimited Sahara,2019,Gasoline,285.0HP 3.6L V6 Cylinder Engine Gasoline Fuel,A/T,White,Beige,None reported,Yes,44500,23442
4725,Tesla,Model 3 Long Range,2021,,Electric,1-Speed Automatic,White,Black,None reported,,35999,23749
4726,Toyota,4Runner TRD Pro,2021,Gasoline,4.0L V6 24V MPFI DOHC,5-Speed Automatic,Lunar Rock,Black / Graphite,None reported,,52590,35048
4727,INFINITI,QX60 Base,2016,Gasoline,265.0HP 3.5L V6 Cylinder Engine Gasoline Fuel,A/T,Gray,Black,None reported,Yes,17500,91239
4728,Porsche,911 Carrera,2022,Gasoline,379.0HP 3.0L Flat 6 Cylinder Engine Gasoline Fuel,8-Speed A/T,Green,Black,None reported,Yes,131000,2950
4729,Ford,F-150 XL,2019,Gasoline,2.7L V6 24V PDI DOHC Twin Turbo,Automatic,Gray,Black,None reported,Yes,33700,59678
4730,BMW,M240 i xDrive,2022,Gasoline,382.0HP 3.0L Straight 6 Cylinder Engine Gasoline Fuel,A/T,Purple,Black,None reported,Yes,55000,2010
4731,Toyota,Prius Two,2014,Hybrid,134.0HP 1.8L 4 Cylinder Engine Gas/Electric Hybrid,A/T,Red,Gray,At least 1 accident or damage reported,Yes,13310,80354
4732,Ford,Expedition Max XLT,2018,Gasoline,375.0HP 3.5L V6 Cylinder Engine Gasoline Fuel,10-Speed A/T,White,Beige,None reported,Yes,34995,105674
4733,Toyota,Tundra Grade,2013,Gasoline,310.0HP 4.6L 8 Cylinder Engine Gasoline Fuel,6-Speed A/T,Gray,Gray,At least 1 accident or damage reported,Yes,20800,92700
4734,Ford,Edge Titanium,2016,Gasoline,245.0HP 2.0L 4 Cylinder Engine Gasoline Fuel,6-Speed A/T,Black,Beige,At least 1 accident or damage reported,Yes,16000,101387
4735,Buick,Envision Essence,2021,Gasoline,2.0L I4 16V GDI DOHC Turbo,9-Speed Automatic,Dark Moon Blue Metallic,Ebony,None reported,Yes,33290,36544
4736,Audi,Q7 55 Prestige,2019,Gasoline,329.0HP 3.0L V6 Cylinder Engine Gasoline Fuel,A/T,White,Beige,None reported,Yes,39900,41000
4737,Chrysler,Town & Country Touring-L,2013,E85 Flex Fuel,283.0HP 3.6L V6 Cylinder Engine Flex Fuel Capability,A/T,Black,Black,None reported,Yes,9500,115872
4738,Chevrolet,Cruze LS,2011,Gasoline,136.0HP 1.8L 4 Cylinder Engine Gasoline Fuel,A/T,Silver,Black,None reported,Yes,7000,135603
4739,Ford,F-150 Lariat,2020,Gasoline,375.0HP 3.5L V6 Cylinder Engine Gasoline Fuel,A/T,White,Black,None reported,Yes,46995,26540
4740,Jaguar,XF Premium,2011,Gasoline,385.0HP 5.0L 8 Cylinder Engine Gasoline Fuel,A/T,Gray,Gray,At least 1 accident or damage reported,Yes,12400,35134
4741,Jeep,Wrangler Unlimited Rubicon,2020,Gasoline,270.0HP 2.0L 4 Cylinder Engine Gasoline Fuel,8-Speed A/T,Black,Black,None reported,Yes,53000,49990
4742,Ford,F-250 Lariat,2011,Diesel,400.0HP 6.7L 8 Cylinder Engine Diesel Fuel,6-Speed A/T,Gray,Gray,At least 1 accident or damage reported,Yes,29800,153818
4743,Jaguar,F-PACE 35t Premium,2017,Gasoline,340.0HP 3.0L V6 Cylinder Engine Gasoline Fuel,8-Speed A/T,Blue,Beige,At least 1 accident or damage reported,Yes,26000,58060
4744,Porsche,911 Carrera S,2015,Gasoline,400.0HP 3.8L Flat 6 Cylinder Engine Gasoline Fuel,7-Speed A/T,Black,Black,None reported,Yes,84999,36000
4745,Ford,Bronco Badlands Advanced,2022,Gasoline,315.0HP 2.7L V6 Cylinder Engine Gasoline Fuel,10-Speed A/T,White,Black,None reported,Yes,69999,17000
4746,Suzuki,SX4 Base,2013,Gasoline,150.0HP 2.0L 4 Cylinder Engine Gasoline Fuel,M/T,Orange,Gray,At least 1 accident or damage reported,Yes,6900,99982
4747,Ford,EcoSport SES,2019,Gasoline,166.0HP 2.0L 4 Cylinder Engine Gasoline Fuel,A/T,Silver,Black,At least 1 accident or damage reported,Yes,12000,106000
4749,Honda,Civic EX,2014,Gasoline,143.0HP 1.8L 4 Cylinder Engine Gasoline Fuel,CVT Transmission,Silver,Gray,None reported,Yes,15000,82500
4750,Mercedes-Benz,Sprinter 2500 Standard Roof,2018,Diesel,188.0HP 3.0L V6 Cylinder Engine Diesel Fuel,A/T,Gray,Black,None reported,Yes,61000,41500
4751,BMW,X3 xDrive28i,2015,Gasoline,240.0HP 2.0L 4 Cylinder Engine Gasoline Fuel,Transmission w/Dual Shift Mode,White,Beige,At least 1 accident or damage reported,Yes,17000,92984
4752,Nissan,Murano SL,2007,Gasoline,240.0HP 3.5L V6 Cylinder Engine Gasoline Fuel,A/T,Silver,Black,None reported,Yes,6750,120000
4753,Chevrolet,Corvette Stingray,2015,Gasoline,455.0HP 6.2L 8 Cylinder Engine Gasoline Fuel,8-Speed A/T,Gray,Gray,None reported,Yes,49000,25548
4754,Ford,F-150 Lariat,2018,Gasoline,325.0HP 2.7L V6 Cylinder Engine Gasoline Fuel,A/T,Gray,Black,None reported,Yes,38000,65441
4755,Porsche,Cayenne Turbo,2020,Gasoline,4.0L V8 32V GDI DOHC Twin Turbo,8-Speed Automatic,Quartzite Grey Metallic,Black,None reported,,89900,39611
4756,Toyota,Sequoia SR5,2010,Gasoline,310.0HP 4.6L 8 Cylinder Engine Gasoline Fuel,6-Speed A/T,Silver,Gray,None reported,Yes,17900,154860
4757,Porsche,911 Carrera S,2021,Gasoline,443.0HP 3.0L Flat 6 Cylinder Engine Gasoline Fuel,8-Speed A/T,Gray,Black,,,151900,7008
4758,BMW,M8 Gran Coupe Competition,2022,Gasoline,617.0HP 4.4L 8 Cylinder Engine Gasoline Fuel,Transmission w/Dual Shift Mode,Gray,Black,None reported,Yes,99800,21057
4759,Lexus,CT 200h Base,2016,Hybrid,134.0HP 1.8L 4 Cylinder Engine Gas/Electric Hybrid,A/T,Black,Black,None reported,Yes,21995,39750
4760,Aston,Martin DB7 Vantage Volante,2003,Gasoline,420.0HP 5.9L 12 Cylinder Engine Gasoline Fuel,6-Speed M/T,White,Beige,,,32850,14900
4761,Chevrolet,Impala 2LZ,2018,Gasoline,305.0HP 3.6L V6 Cylinder Engine Gasoline Fuel,6-Speed A/T,Black,Black,None reported,Yes,17899,71312
4762,Porsche,911 Carrera,2015,Gasoline,350.0HP 3.4L Flat 6 Cylinder Engine Gasoline Fuel,7-Speed A/T,Black,Black,None reported,Yes,66500,43500
4763,BMW,X6 xDrive40i,2020,Gasoline,335.0HP 3.0L Straight 6 Cylinder Engine Gasoline Fuel,8-Speed A/T,White,Brown,None reported,Yes,59335,34000
4764,Subaru,Ascent Touring 7-Passenger,2021,Gasoline,260.0HP 2.4L 4 Cylinder Engine Gasoline Fuel,A/T,Black,Black,At least 1 accident or damage reported,Yes,36000,32250
4765,Volkswagen,Routan SE,2011,Gasoline,283.0HP 3.6L V6 Cylinder Engine Gasoline Fuel,Transmission w/Dual Shift Mode,Black,Gray,At least 1 accident or damage reported,Yes,3500,194000
4766,Mercedes-Benz,AMG GLS 63 4MATIC,2023,Hybrid,603.0HP 4.0L 8 Cylinder Engine Gasoline/Mild Electric Hybrid,9-Speed A/T,Gray,Beige,None reported,Yes,175000,2000
4767,Mercedes-Benz,E-Class E 300 4MATIC,2018,Gasoline,241.0HP 2.0L 4 Cylinder Engine Gasoline Fuel,A/T,Black,Black,At least 1 accident or damage reported,Yes,25900,53705
4768,Bentley,Continental GT Speed,2023,Gasoline,6.0L W12 48V PDI DOHC Twin Turbo,8-Speed Automatic with Auto-Shift,C / C,Hotspur,None reported,Yes,349950,714
4769,Audi,S4 3.0T Premium Plus,2022,Gasoline,349.0HP 3.0L V6 Cylinder Engine Gasoline Fuel,Transmission w/Dual Shift Mode,Black,Black,None reported,Yes,53900,10900
4771,Ford,F-150 Raptor,2020,Gasoline,450.0HP 3.5L V6 Cylinder Engine Gasoline Fuel,A/T,Blue,Black,None reported,Yes,62999,33000
4772,BMW,X3 xDrive30i,2020,Gasoline,248.0HP 2.0L 4 Cylinder Engine Gasoline Fuel,A/T,Gray,Brown,At least 1 accident or damage reported,Yes,40000,43000
